case,hour,category,count,denominator,fraction
SZ_Air,1,set_param,0,3,0.0
SZ_Air,1,add_rule,0,3,0.0
SZ_Air,1,replace_rule,0,3,0.0
SZ_Air,1,remove_rule,0,3,0.0
SZ_Air,1,move_rule,0,3,0.0
SZ_Air,1,explicit_no_change,3,3,1.0
SZ_Air,1,deterministic_rejection,0,3,0.0
SZ_Air,1,schema_fallback,0,3,0.0
SZ_Air,2,set_param,0,3,0.0
SZ_Air,2,add_rule,0,3,0.0
SZ_Air,2,replace_rule,0,3,0.0
SZ_Air,2,remove_rule,0,3,0.0
SZ_Air,2,move_rule,0,3,0.0
SZ_Air,2,explicit_no_change,3,3,1.0
SZ_Air,2,deterministic_rejection,0,3,0.0
SZ_Air,2,schema_fallback,0,3,0.0
SZ_Air,3,set_param,0,3,0.0
SZ_Air,3,add_rule,0,3,0.0
SZ_Air,3,replace_rule,0,3,0.0
SZ_Air,3,remove_rule,0,3,0.0
SZ_Air,3,move_rule,0,3,0.0
SZ_Air,3,explicit_no_change,3,3,1.0
SZ_Air,3,deterministic_rejection,0,3,0.0
SZ_Air,3,schema_fallback,0,3,0.0
SZ_Air,4,set_param,0,3,0.0
SZ_Air,4,add_rule,0,3,0.0
SZ_Air,4,replace_rule,0,3,0.0
SZ_Air,4,remove_rule,0,3,0.0
SZ_Air,4,move_rule,0,3,0.0
SZ_Air,4,explicit_no_change,3,3,1.0
SZ_Air,4,deterministic_rejection,0,3,0.0
SZ_Air,4,schema_fallback,0,3,0.0
SZ_Air,5,set_param,0,3,0.0
SZ_Air,5,add_rule,0,3,0.0
SZ_Air,5,replace_rule,0,3,0.0
SZ_Air,5,remove_rule,0,3,0.0
SZ_Air,5,move_rule,0,3,0.0
SZ_Air,5,explicit_no_change,3,3,1.0
SZ_Air,5,deterministic_rejection,0,3,0.0
SZ_Air,5,schema_fallback,0,3,0.0
SZ_Air,6,set_param,0,3,0.0
SZ_Air,6,add_rule,0,3,0.0
SZ_Air,6,replace_rule,0,3,0.0
SZ_Air,6,remove_rule,0,3,0.0
SZ_Air,6,move_rule,0,3,0.0
SZ_Air,6,explicit_no_change,3,3,1.0
SZ_Air,6,deterministic_rejection,0,3,0.0
SZ_Air,6,schema_fallback,0,3,0.0
SZ_Air,7,set_param,0,3,0.0
SZ_Air,7,add_rule,0,3,0.0
SZ_Air,7,replace_rule,0,3,0.0
SZ_Air,7,remove_rule,0,3,0.0
SZ_Air,7,move_rule,0,3,0.0
SZ_Air,7,explicit_no_change,3,3,1.0
SZ_Air,7,deterministic_rejection,0,3,0.0
SZ_Air,7,schema_fallback,0,3,0.0
SZ_Air,8,set_param,2,3,0.6666666666666666
SZ_Air,8,add_rule,0,3,0.0
SZ_Air,8,replace_rule,0,3,0.0
SZ_Air,8,remove_rule,0,3,0.0
SZ_Air,8,move_rule,0,3,0.0
SZ_Air,8,explicit_no_change,1,3,0.3333333333333333
SZ_Air,8,deterministic_rejection,0,3,0.0
SZ_Air,8,schema_fallback,0,3,0.0
SZ_Air,9,set_param,1,3,0.3333333333333333
SZ_Air,9,add_rule,0,3,0.0
SZ_Air,9,replace_rule,0,3,0.0
SZ_Air,9,remove_rule,0,3,0.0
SZ_Air,9,move_rule,0,3,0.0
SZ_Air,9,explicit_no_change,0,3,0.0
SZ_Air,9,deterministic_rejection,1,3,0.3333333333333333
SZ_Air,9,schema_fallback,1,3,0.3333333333333333
SZ_Air,10,set_param,2,3,0.6666666666666666
SZ_Air,10,add_rule,0,3,0.0
SZ_Air,10,replace_rule,0,3,0.0
SZ_Air,10,remove_rule,0,3,0.0
SZ_Air,10,move_rule,0,3,0.0
SZ_Air,10,explicit_no_change,0,3,0.0
SZ_Air,10,deterministic_rejection,1,3,0.3333333333333333
SZ_Air,10,schema_fallback,0,3,0.0
SZ_Air,11,set_param,3,3,1.0
SZ_Air,11,add_rule,0,3,0.0
SZ_Air,11,replace_rule,0,3,0.0
SZ_Air,11,remove_rule,0,3,0.0
SZ_Air,11,move_rule,0,3,0.0
SZ_Air,11,explicit_no_change,0,3,0.0
SZ_Air,11,deterministic_rejection,0,3,0.0
SZ_Air,11,schema_fallback,0,3,0.0
SZ_Air,12,set_param,1,3,0.3333333333333333
SZ_Air,12,add_rule,0,3,0.0
SZ_Air,12,replace_rule,0,3,0.0
SZ_Air,12,remove_rule,0,3,0.0
SZ_Air,12,move_rule,0,3,0.0
SZ_Air,12,explicit_no_change,0,3,0.0
SZ_Air,12,deterministic_rejection,2,3,0.6666666666666666
SZ_Air,12,schema_fallback,0,3,0.0
SZ_Air,13,set_param,1,3,0.3333333333333333
SZ_Air,13,add_rule,0,3,0.0
SZ_Air,13,replace_rule,0,3,0.0
SZ_Air,13,remove_rule,0,3,0.0
SZ_Air,13,move_rule,0,3,0.0
SZ_Air,13,explicit_no_change,0,3,0.0
SZ_Air,13,deterministic_rejection,2,3,0.6666666666666666
SZ_Air,13,schema_fallback,0,3,0.0
SZ_Air,14,set_param,0,3,0.0
SZ_Air,14,add_rule,1,3,0.3333333333333333
SZ_Air,14,replace_rule,0,3,0.0
SZ_Air,14,remove_rule,0,3,0.0
SZ_Air,14,move_rule,0,3,0.0
SZ_Air,14,explicit_no_change,0,3,0.0
SZ_Air,14,deterministic_rejection,2,3,0.6666666666666666
SZ_Air,14,schema_fallback,0,3,0.0
SZ_Air,15,set_param,0,3,0.0
SZ_Air,15,add_rule,0,3,0.0
SZ_Air,15,replace_rule,0,3,0.0
SZ_Air,15,remove_rule,0,3,0.0
SZ_Air,15,move_rule,0,3,0.0
SZ_Air,15,explicit_no_change,0,3,0.0
SZ_Air,15,deterministic_rejection,2,3,0.6666666666666666
SZ_Air,15,schema_fallback,1,3,0.3333333333333333
SZ_Air,16,set_param,0,3,0.0
SZ_Air,16,add_rule,0,3,0.0
SZ_Air,16,replace_rule,0,3,0.0
SZ_Air,16,remove_rule,0,3,0.0
SZ_Air,16,move_rule,0,3,0.0
SZ_Air,16,explicit_no_change,0,3,0.0
SZ_Air,16,deterministic_rejection,2,3,0.6666666666666666
SZ_Air,16,schema_fallback,1,3,0.3333333333333333
SZ_Air,17,set_param,0,3,0.0
SZ_Air,17,add_rule,0,3,0.0
SZ_Air,17,replace_rule,0,3,0.0
SZ_Air,17,remove_rule,0,3,0.0
SZ_Air,17,move_rule,0,3,0.0
SZ_Air,17,explicit_no_change,0,3,0.0
SZ_Air,17,deterministic_rejection,3,3,1.0
SZ_Air,17,schema_fallback,0,3,0.0
SZ_Air,18,set_param,0,3,0.0
SZ_Air,18,add_rule,0,3,0.0
SZ_Air,18,replace_rule,0,3,0.0
SZ_Air,18,remove_rule,0,3,0.0
SZ_Air,18,move_rule,0,3,0.0
SZ_Air,18,explicit_no_change,0,3,0.0
SZ_Air,18,deterministic_rejection,2,3,0.6666666666666666
SZ_Air,18,schema_fallback,1,3,0.3333333333333333
SZ_Air,19,set_param,0,3,0.0
SZ_Air,19,add_rule,0,3,0.0
SZ_Air,19,replace_rule,1,3,0.3333333333333333
SZ_Air,19,remove_rule,1,3,0.3333333333333333
SZ_Air,19,move_rule,0,3,0.0
SZ_Air,19,explicit_no_change,0,3,0.0
SZ_Air,19,deterministic_rejection,1,3,0.3333333333333333
SZ_Air,19,schema_fallback,0,3,0.0
SZ_Air,20,set_param,0,3,0.0
SZ_Air,20,add_rule,0,3,0.0
SZ_Air,20,replace_rule,0,3,0.0
SZ_Air,20,remove_rule,0,3,0.0
SZ_Air,20,move_rule,0,3,0.0
SZ_Air,20,explicit_no_change,2,3,0.6666666666666666
SZ_Air,20,deterministic_rejection,1,3,0.3333333333333333
SZ_Air,20,schema_fallback,0,3,0.0
SZ_Air,21,set_param,0,3,0.0
SZ_Air,21,add_rule,0,3,0.0
SZ_Air,21,replace_rule,1,3,0.3333333333333333
SZ_Air,21,remove_rule,0,3,0.0
SZ_Air,21,move_rule,0,3,0.0
SZ_Air,21,explicit_no_change,2,3,0.6666666666666666
SZ_Air,21,deterministic_rejection,0,3,0.0
SZ_Air,21,schema_fallback,0,3,0.0
SZ_Air,22,set_param,0,3,0.0
SZ_Air,22,add_rule,0,3,0.0
SZ_Air,22,replace_rule,0,3,0.0
SZ_Air,22,remove_rule,0,3,0.0
SZ_Air,22,move_rule,0,3,0.0
SZ_Air,22,explicit_no_change,3,3,1.0
SZ_Air,22,deterministic_rejection,0,3,0.0
SZ_Air,22,schema_fallback,0,3,0.0
SZ_Air,23,set_param,0,3,0.0
SZ_Air,23,add_rule,0,3,0.0
SZ_Air,23,replace_rule,0,3,0.0
SZ_Air,23,remove_rule,0,3,0.0
SZ_Air,23,move_rule,0,3,0.0
SZ_Air,23,explicit_no_change,3,3,1.0
SZ_Air,23,deterministic_rejection,0,3,0.0
SZ_Air,23,schema_fallback,0,3,0.0
SZ_Air,24,set_param,0,3,0.0
SZ_Air,24,add_rule,0,3,0.0
SZ_Air,24,replace_rule,0,3,0.0
SZ_Air,24,remove_rule,0,3,0.0
SZ_Air,24,move_rule,0,3,0.0
SZ_Air,24,explicit_no_change,3,3,1.0
SZ_Air,24,deterministic_rejection,0,3,0.0
SZ_Air,24,schema_fallback,0,3,0.0
SZ_Air,25,set_param,0,3,0.0
SZ_Air,25,add_rule,0,3,0.0
SZ_Air,25,replace_rule,0,3,0.0
SZ_Air,25,remove_rule,0,3,0.0
SZ_Air,25,move_rule,0,3,0.0
SZ_Air,25,explicit_no_change,3,3,1.0
SZ_Air,25,deterministic_rejection,0,3,0.0
SZ_Air,25,schema_fallback,0,3,0.0
SZ_Air,26,set_param,0,3,0.0
SZ_Air,26,add_rule,0,3,0.0
SZ_Air,26,replace_rule,0,3,0.0
SZ_Air,26,remove_rule,0,3,0.0
SZ_Air,26,move_rule,0,3,0.0
SZ_Air,26,explicit_no_change,3,3,1.0
SZ_Air,26,deterministic_rejection,0,3,0.0
SZ_Air,26,schema_fallback,0,3,0.0
SZ_Air,27,set_param,0,3,0.0
SZ_Air,27,add_rule,0,3,0.0
SZ_Air,27,replace_rule,0,3,0.0
SZ_Air,27,remove_rule,0,3,0.0
SZ_Air,27,move_rule,0,3,0.0
SZ_Air,27,explicit_no_change,3,3,1.0
SZ_Air,27,deterministic_rejection,0,3,0.0
SZ_Air,27,schema_fallback,0,3,0.0
SZ_Air,28,set_param,0,3,0.0
SZ_Air,28,add_rule,0,3,0.0
SZ_Air,28,replace_rule,0,3,0.0
SZ_Air,28,remove_rule,0,3,0.0
SZ_Air,28,move_rule,0,3,0.0
SZ_Air,28,explicit_no_change,3,3,1.0
SZ_Air,28,deterministic_rejection,0,3,0.0
SZ_Air,28,schema_fallback,0,3,0.0
SZ_Air,29,set_param,0,3,0.0
SZ_Air,29,add_rule,0,3,0.0
SZ_Air,29,replace_rule,0,3,0.0
SZ_Air,29,remove_rule,0,3,0.0
SZ_Air,29,move_rule,0,3,0.0
SZ_Air,29,explicit_no_change,3,3,1.0
SZ_Air,29,deterministic_rejection,0,3,0.0
SZ_Air,29,schema_fallback,0,3,0.0
SZ_Air,30,set_param,0,3,0.0
SZ_Air,30,add_rule,0,3,0.0
SZ_Air,30,replace_rule,0,3,0.0
SZ_Air,30,remove_rule,0,3,0.0
SZ_Air,30,move_rule,0,3,0.0
SZ_Air,30,explicit_no_change,3,3,1.0
SZ_Air,30,deterministic_rejection,0,3,0.0
SZ_Air,30,schema_fallback,0,3,0.0
SZ_Air,31,set_param,0,3,0.0
SZ_Air,31,add_rule,0,3,0.0
SZ_Air,31,replace_rule,0,3,0.0
SZ_Air,31,remove_rule,0,3,0.0
SZ_Air,31,move_rule,0,3,0.0
SZ_Air,31,explicit_no_change,3,3,1.0
SZ_Air,31,deterministic_rejection,0,3,0.0
SZ_Air,31,schema_fallback,0,3,0.0
SZ_Air,32,set_param,3,3,1.0
SZ_Air,32,add_rule,0,3,0.0
SZ_Air,32,replace_rule,0,3,0.0
SZ_Air,32,remove_rule,0,3,0.0
SZ_Air,32,move_rule,0,3,0.0
SZ_Air,32,explicit_no_change,0,3,0.0
SZ_Air,32,deterministic_rejection,0,3,0.0
SZ_Air,32,schema_fallback,0,3,0.0
SZ_Air,33,set_param,0,3,0.0
SZ_Air,33,add_rule,0,3,0.0
SZ_Air,33,replace_rule,0,3,0.0
SZ_Air,33,remove_rule,0,3,0.0
SZ_Air,33,move_rule,0,3,0.0
SZ_Air,33,explicit_no_change,0,3,0.0
SZ_Air,33,deterministic_rejection,3,3,1.0
SZ_Air,33,schema_fallback,0,3,0.0
SZ_Air,34,set_param,2,3,0.6666666666666666
SZ_Air,34,add_rule,0,3,0.0
SZ_Air,34,replace_rule,0,3,0.0
SZ_Air,34,remove_rule,0,3,0.0
SZ_Air,34,move_rule,0,3,0.0
SZ_Air,34,explicit_no_change,0,3,0.0
SZ_Air,34,deterministic_rejection,1,3,0.3333333333333333
SZ_Air,34,schema_fallback,0,3,0.0
SZ_Air,35,set_param,2,3,0.6666666666666666
SZ_Air,35,add_rule,0,3,0.0
SZ_Air,35,replace_rule,0,3,0.0
SZ_Air,35,remove_rule,0,3,0.0
SZ_Air,35,move_rule,0,3,0.0
SZ_Air,35,explicit_no_change,0,3,0.0
SZ_Air,35,deterministic_rejection,1,3,0.3333333333333333
SZ_Air,35,schema_fallback,0,3,0.0
SZ_Air,36,set_param,2,3,0.6666666666666666
SZ_Air,36,add_rule,0,3,0.0
SZ_Air,36,replace_rule,0,3,0.0
SZ_Air,36,remove_rule,0,3,0.0
SZ_Air,36,move_rule,0,3,0.0
SZ_Air,36,explicit_no_change,0,3,0.0
SZ_Air,36,deterministic_rejection,1,3,0.3333333333333333
SZ_Air,36,schema_fallback,0,3,0.0
SZ_Air,37,set_param,1,3,0.3333333333333333
SZ_Air,37,add_rule,0,3,0.0
SZ_Air,37,replace_rule,0,3,0.0
SZ_Air,37,remove_rule,0,3,0.0
SZ_Air,37,move_rule,0,3,0.0
SZ_Air,37,explicit_no_change,1,3,0.3333333333333333
SZ_Air,37,deterministic_rejection,1,3,0.3333333333333333
SZ_Air,37,schema_fallback,0,3,0.0
SZ_Air,38,set_param,1,3,0.3333333333333333
SZ_Air,38,add_rule,0,3,0.0
SZ_Air,38,replace_rule,0,3,0.0
SZ_Air,38,remove_rule,0,3,0.0
SZ_Air,38,move_rule,0,3,0.0
SZ_Air,38,explicit_no_change,0,3,0.0
SZ_Air,38,deterministic_rejection,1,3,0.3333333333333333
SZ_Air,38,schema_fallback,1,3,0.3333333333333333
SZ_Air,39,set_param,2,3,0.6666666666666666
SZ_Air,39,add_rule,0,3,0.0
SZ_Air,39,replace_rule,0,3,0.0
SZ_Air,39,remove_rule,0,3,0.0
SZ_Air,39,move_rule,0,3,0.0
SZ_Air,39,explicit_no_change,0,3,0.0
SZ_Air,39,deterministic_rejection,1,3,0.3333333333333333
SZ_Air,39,schema_fallback,0,3,0.0
SZ_Air,40,set_param,0,3,0.0
SZ_Air,40,add_rule,0,3,0.0
SZ_Air,40,replace_rule,0,3,0.0
SZ_Air,40,remove_rule,0,3,0.0
SZ_Air,40,move_rule,0,3,0.0
SZ_Air,40,explicit_no_change,0,3,0.0
SZ_Air,40,deterministic_rejection,2,3,0.6666666666666666
SZ_Air,40,schema_fallback,1,3,0.3333333333333333
SZ_Air,41,set_param,0,3,0.0
SZ_Air,41,add_rule,0,3,0.0
SZ_Air,41,replace_rule,0,3,0.0
SZ_Air,41,remove_rule,0,3,0.0
SZ_Air,41,move_rule,0,3,0.0
SZ_Air,41,explicit_no_change,0,3,0.0
SZ_Air,41,deterministic_rejection,3,3,1.0
SZ_Air,41,schema_fallback,0,3,0.0
SZ_Air,42,set_param,1,3,0.3333333333333333
SZ_Air,42,add_rule,0,3,0.0
SZ_Air,42,replace_rule,0,3,0.0
SZ_Air,42,remove_rule,0,3,0.0
SZ_Air,42,move_rule,0,3,0.0
SZ_Air,42,explicit_no_change,1,3,0.3333333333333333
SZ_Air,42,deterministic_rejection,1,3,0.3333333333333333
SZ_Air,42,schema_fallback,0,3,0.0
SZ_Air,43,set_param,2,3,0.6666666666666666
SZ_Air,43,add_rule,0,3,0.0
SZ_Air,43,replace_rule,1,3,0.3333333333333333
SZ_Air,43,remove_rule,0,3,0.0
SZ_Air,43,move_rule,0,3,0.0
SZ_Air,43,explicit_no_change,0,3,0.0
SZ_Air,43,deterministic_rejection,0,3,0.0
SZ_Air,43,schema_fallback,0,3,0.0
SZ_Air,44,set_param,0,3,0.0
SZ_Air,44,add_rule,0,3,0.0
SZ_Air,44,replace_rule,0,3,0.0
SZ_Air,44,remove_rule,0,3,0.0
SZ_Air,44,move_rule,0,3,0.0
SZ_Air,44,explicit_no_change,2,3,0.6666666666666666
SZ_Air,44,deterministic_rejection,1,3,0.3333333333333333
SZ_Air,44,schema_fallback,0,3,0.0
SZ_Air,45,set_param,0,3,0.0
SZ_Air,45,add_rule,0,3,0.0
SZ_Air,45,replace_rule,0,3,0.0
SZ_Air,45,remove_rule,0,3,0.0
SZ_Air,45,move_rule,0,3,0.0
SZ_Air,45,explicit_no_change,3,3,1.0
SZ_Air,45,deterministic_rejection,0,3,0.0
SZ_Air,45,schema_fallback,0,3,0.0
SZ_Air,46,set_param,0,3,0.0
SZ_Air,46,add_rule,0,3,0.0
SZ_Air,46,replace_rule,0,3,0.0
SZ_Air,46,remove_rule,0,3,0.0
SZ_Air,46,move_rule,0,3,0.0
SZ_Air,46,explicit_no_change,3,3,1.0
SZ_Air,46,deterministic_rejection,0,3,0.0
SZ_Air,46,schema_fallback,0,3,0.0
SZ_Air,47,set_param,0,3,0.0
SZ_Air,47,add_rule,0,3,0.0
SZ_Air,47,replace_rule,0,3,0.0
SZ_Air,47,remove_rule,0,3,0.0
SZ_Air,47,move_rule,0,3,0.0
SZ_Air,47,explicit_no_change,3,3,1.0
SZ_Air,47,deterministic_rejection,0,3,0.0
SZ_Air,47,schema_fallback,0,3,0.0
SZ_Air,48,set_param,0,3,0.0
SZ_Air,48,add_rule,0,3,0.0
SZ_Air,48,replace_rule,0,3,0.0
SZ_Air,48,remove_rule,0,3,0.0
SZ_Air,48,move_rule,0,3,0.0
SZ_Air,48,explicit_no_change,3,3,1.0
SZ_Air,48,deterministic_rejection,0,3,0.0
SZ_Air,48,schema_fallback,0,3,0.0
SZ_Air,49,set_param,0,3,0.0
SZ_Air,49,add_rule,0,3,0.0
SZ_Air,49,replace_rule,0,3,0.0
SZ_Air,49,remove_rule,0,3,0.0
SZ_Air,49,move_rule,0,3,0.0
SZ_Air,49,explicit_no_change,3,3,1.0
SZ_Air,49,deterministic_rejection,0,3,0.0
SZ_Air,49,schema_fallback,0,3,0.0
SZ_Air,50,set_param,0,3,0.0
SZ_Air,50,add_rule,0,3,0.0
SZ_Air,50,replace_rule,0,3,0.0
SZ_Air,50,remove_rule,0,3,0.0
SZ_Air,50,move_rule,0,3,0.0
SZ_Air,50,explicit_no_change,3,3,1.0
SZ_Air,50,deterministic_rejection,0,3,0.0
SZ_Air,50,schema_fallback,0,3,0.0
SZ_Air,51,set_param,0,3,0.0
SZ_Air,51,add_rule,0,3,0.0
SZ_Air,51,replace_rule,0,3,0.0
SZ_Air,51,remove_rule,0,3,0.0
SZ_Air,51,move_rule,0,3,0.0
SZ_Air,51,explicit_no_change,3,3,1.0
SZ_Air,51,deterministic_rejection,0,3,0.0
SZ_Air,51,schema_fallback,0,3,0.0
SZ_Air,52,set_param,0,3,0.0
SZ_Air,52,add_rule,0,3,0.0
SZ_Air,52,replace_rule,0,3,0.0
SZ_Air,52,remove_rule,0,3,0.0
SZ_Air,52,move_rule,0,3,0.0
SZ_Air,52,explicit_no_change,3,3,1.0
SZ_Air,52,deterministic_rejection,0,3,0.0
SZ_Air,52,schema_fallback,0,3,0.0
SZ_Air,53,set_param,0,3,0.0
SZ_Air,53,add_rule,0,3,0.0
SZ_Air,53,replace_rule,0,3,0.0
SZ_Air,53,remove_rule,0,3,0.0
SZ_Air,53,move_rule,0,3,0.0
SZ_Air,53,explicit_no_change,3,3,1.0
SZ_Air,53,deterministic_rejection,0,3,0.0
SZ_Air,53,schema_fallback,0,3,0.0
SZ_Air,54,set_param,0,3,0.0
SZ_Air,54,add_rule,0,3,0.0
SZ_Air,54,replace_rule,0,3,0.0
SZ_Air,54,remove_rule,0,3,0.0
SZ_Air,54,move_rule,0,3,0.0
SZ_Air,54,explicit_no_change,3,3,1.0
SZ_Air,54,deterministic_rejection,0,3,0.0
SZ_Air,54,schema_fallback,0,3,0.0
SZ_Air,55,set_param,0,3,0.0
SZ_Air,55,add_rule,0,3,0.0
SZ_Air,55,replace_rule,0,3,0.0
SZ_Air,55,remove_rule,0,3,0.0
SZ_Air,55,move_rule,0,3,0.0
SZ_Air,55,explicit_no_change,3,3,1.0
SZ_Air,55,deterministic_rejection,0,3,0.0
SZ_Air,55,schema_fallback,0,3,0.0
SZ_Air,56,set_param,2,3,0.6666666666666666
SZ_Air,56,add_rule,0,3,0.0
SZ_Air,56,replace_rule,0,3,0.0
SZ_Air,56,remove_rule,0,3,0.0
SZ_Air,56,move_rule,0,3,0.0
SZ_Air,56,explicit_no_change,1,3,0.3333333333333333
SZ_Air,56,deterministic_rejection,0,3,0.0
SZ_Air,56,schema_fallback,0,3,0.0
SZ_Air,57,set_param,0,3,0.0
SZ_Air,57,add_rule,0,3,0.0
SZ_Air,57,replace_rule,1,3,0.3333333333333333
SZ_Air,57,remove_rule,0,3,0.0
SZ_Air,57,move_rule,0,3,0.0
SZ_Air,57,explicit_no_change,0,3,0.0
SZ_Air,57,deterministic_rejection,2,3,0.6666666666666666
SZ_Air,57,schema_fallback,0,3,0.0
SZ_Air,58,set_param,0,3,0.0
SZ_Air,58,add_rule,0,3,0.0
SZ_Air,58,replace_rule,0,3,0.0
SZ_Air,58,remove_rule,0,3,0.0
SZ_Air,58,move_rule,0,3,0.0
SZ_Air,58,explicit_no_change,0,3,0.0
SZ_Air,58,deterministic_rejection,3,3,1.0
SZ_Air,58,schema_fallback,0,3,0.0
SZ_Air,59,set_param,1,3,0.3333333333333333
SZ_Air,59,add_rule,0,3,0.0
SZ_Air,59,replace_rule,0,3,0.0
SZ_Air,59,remove_rule,0,3,0.0
SZ_Air,59,move_rule,0,3,0.0
SZ_Air,59,explicit_no_change,0,3,0.0
SZ_Air,59,deterministic_rejection,2,3,0.6666666666666666
SZ_Air,59,schema_fallback,0,3,0.0
SZ_Air,60,set_param,0,3,0.0
SZ_Air,60,add_rule,0,3,0.0
SZ_Air,60,replace_rule,0,3,0.0
SZ_Air,60,remove_rule,0,3,0.0
SZ_Air,60,move_rule,0,3,0.0
SZ_Air,60,explicit_no_change,0,3,0.0
SZ_Air,60,deterministic_rejection,3,3,1.0
SZ_Air,60,schema_fallback,0,3,0.0
SZ_Air,61,set_param,0,3,0.0
SZ_Air,61,add_rule,0,3,0.0
SZ_Air,61,replace_rule,0,3,0.0
SZ_Air,61,remove_rule,0,3,0.0
SZ_Air,61,move_rule,0,3,0.0
SZ_Air,61,explicit_no_change,0,3,0.0
SZ_Air,61,deterministic_rejection,3,3,1.0
SZ_Air,61,schema_fallback,0,3,0.0
SZ_Air,62,set_param,0,3,0.0
SZ_Air,62,add_rule,0,3,0.0
SZ_Air,62,replace_rule,0,3,0.0
SZ_Air,62,remove_rule,0,3,0.0
SZ_Air,62,move_rule,0,3,0.0
SZ_Air,62,explicit_no_change,0,3,0.0
SZ_Air,62,deterministic_rejection,2,3,0.6666666666666666
SZ_Air,62,schema_fallback,1,3,0.3333333333333333
SZ_Air,63,set_param,1,3,0.3333333333333333
SZ_Air,63,add_rule,0,3,0.0
SZ_Air,63,replace_rule,0,3,0.0
SZ_Air,63,remove_rule,0,3,0.0
SZ_Air,63,move_rule,0,3,0.0
SZ_Air,63,explicit_no_change,0,3,0.0
SZ_Air,63,deterministic_rejection,1,3,0.3333333333333333
SZ_Air,63,schema_fallback,1,3,0.3333333333333333
SZ_Air,64,set_param,1,3,0.3333333333333333
SZ_Air,64,add_rule,0,3,0.0
SZ_Air,64,replace_rule,0,3,0.0
SZ_Air,64,remove_rule,0,3,0.0
SZ_Air,64,move_rule,0,3,0.0
SZ_Air,64,explicit_no_change,0,3,0.0
SZ_Air,64,deterministic_rejection,2,3,0.6666666666666666
SZ_Air,64,schema_fallback,0,3,0.0
SZ_Air,65,set_param,0,3,0.0
SZ_Air,65,add_rule,0,3,0.0
SZ_Air,65,replace_rule,0,3,0.0
SZ_Air,65,remove_rule,0,3,0.0
SZ_Air,65,move_rule,0,3,0.0
SZ_Air,65,explicit_no_change,2,3,0.6666666666666666
SZ_Air,65,deterministic_rejection,1,3,0.3333333333333333
SZ_Air,65,schema_fallback,0,3,0.0
SZ_Air,66,set_param,0,3,0.0
SZ_Air,66,add_rule,0,3,0.0
SZ_Air,66,replace_rule,0,3,0.0
SZ_Air,66,remove_rule,0,3,0.0
SZ_Air,66,move_rule,0,3,0.0
SZ_Air,66,explicit_no_change,2,3,0.6666666666666666
SZ_Air,66,deterministic_rejection,1,3,0.3333333333333333
SZ_Air,66,schema_fallback,0,3,0.0
SZ_Air,67,set_param,0,3,0.0
SZ_Air,67,add_rule,1,3,0.3333333333333333
SZ_Air,67,replace_rule,1,3,0.3333333333333333
SZ_Air,67,remove_rule,0,3,0.0
SZ_Air,67,move_rule,0,3,0.0
SZ_Air,67,explicit_no_change,0,3,0.0
SZ_Air,67,deterministic_rejection,1,3,0.3333333333333333
SZ_Air,67,schema_fallback,0,3,0.0
SZ_Air,68,set_param,0,3,0.0
SZ_Air,68,add_rule,1,3,0.3333333333333333
SZ_Air,68,replace_rule,1,3,0.3333333333333333
SZ_Air,68,remove_rule,0,3,0.0
SZ_Air,68,move_rule,0,3,0.0
SZ_Air,68,explicit_no_change,1,3,0.3333333333333333
SZ_Air,68,deterministic_rejection,0,3,0.0
SZ_Air,68,schema_fallback,0,3,0.0
SZ_Air,69,set_param,0,3,0.0
SZ_Air,69,add_rule,0,3,0.0
SZ_Air,69,replace_rule,1,3,0.3333333333333333
SZ_Air,69,remove_rule,0,3,0.0
SZ_Air,69,move_rule,0,3,0.0
SZ_Air,69,explicit_no_change,2,3,0.6666666666666666
SZ_Air,69,deterministic_rejection,0,3,0.0
SZ_Air,69,schema_fallback,0,3,0.0
SZ_Air,70,set_param,0,3,0.0
SZ_Air,70,add_rule,0,3,0.0
SZ_Air,70,replace_rule,0,3,0.0
SZ_Air,70,remove_rule,0,3,0.0
SZ_Air,70,move_rule,0,3,0.0
SZ_Air,70,explicit_no_change,3,3,1.0
SZ_Air,70,deterministic_rejection,0,3,0.0
SZ_Air,70,schema_fallback,0,3,0.0
SZ_Air,71,set_param,0,3,0.0
SZ_Air,71,add_rule,0,3,0.0
SZ_Air,71,replace_rule,0,3,0.0
SZ_Air,71,remove_rule,0,3,0.0
SZ_Air,71,move_rule,0,3,0.0
SZ_Air,71,explicit_no_change,3,3,1.0
SZ_Air,71,deterministic_rejection,0,3,0.0
SZ_Air,71,schema_fallback,0,3,0.0
SZ_Air,72,set_param,0,3,0.0
SZ_Air,72,add_rule,0,3,0.0
SZ_Air,72,replace_rule,0,3,0.0
SZ_Air,72,remove_rule,0,3,0.0
SZ_Air,72,move_rule,0,3,0.0
SZ_Air,72,explicit_no_change,3,3,1.0
SZ_Air,72,deterministic_rejection,0,3,0.0
SZ_Air,72,schema_fallback,0,3,0.0
SZ_Air,73,set_param,0,3,0.0
SZ_Air,73,add_rule,0,3,0.0
SZ_Air,73,replace_rule,0,3,0.0
SZ_Air,73,remove_rule,0,3,0.0
SZ_Air,73,move_rule,0,3,0.0
SZ_Air,73,explicit_no_change,3,3,1.0
SZ_Air,73,deterministic_rejection,0,3,0.0
SZ_Air,73,schema_fallback,0,3,0.0
SZ_Air,74,set_param,0,3,0.0
SZ_Air,74,add_rule,0,3,0.0
SZ_Air,74,replace_rule,0,3,0.0
SZ_Air,74,remove_rule,0,3,0.0
SZ_Air,74,move_rule,0,3,0.0
SZ_Air,74,explicit_no_change,3,3,1.0
SZ_Air,74,deterministic_rejection,0,3,0.0
SZ_Air,74,schema_fallback,0,3,0.0
SZ_Air,75,set_param,0,3,0.0
SZ_Air,75,add_rule,0,3,0.0
SZ_Air,75,replace_rule,0,3,0.0
SZ_Air,75,remove_rule,0,3,0.0
SZ_Air,75,move_rule,0,3,0.0
SZ_Air,75,explicit_no_change,3,3,1.0
SZ_Air,75,deterministic_rejection,0,3,0.0
SZ_Air,75,schema_fallback,0,3,0.0
SZ_Air,76,set_param,0,3,0.0
SZ_Air,76,add_rule,0,3,0.0
SZ_Air,76,replace_rule,0,3,0.0
SZ_Air,76,remove_rule,0,3,0.0
SZ_Air,76,move_rule,0,3,0.0
SZ_Air,76,explicit_no_change,3,3,1.0
SZ_Air,76,deterministic_rejection,0,3,0.0
SZ_Air,76,schema_fallback,0,3,0.0
SZ_Air,77,set_param,0,3,0.0
SZ_Air,77,add_rule,0,3,0.0
SZ_Air,77,replace_rule,0,3,0.0
SZ_Air,77,remove_rule,0,3,0.0
SZ_Air,77,move_rule,0,3,0.0
SZ_Air,77,explicit_no_change,3,3,1.0
SZ_Air,77,deterministic_rejection,0,3,0.0
SZ_Air,77,schema_fallback,0,3,0.0
SZ_Air,78,set_param,0,3,0.0
SZ_Air,78,add_rule,0,3,0.0
SZ_Air,78,replace_rule,0,3,0.0
SZ_Air,78,remove_rule,0,3,0.0
SZ_Air,78,move_rule,0,3,0.0
SZ_Air,78,explicit_no_change,3,3,1.0
SZ_Air,78,deterministic_rejection,0,3,0.0
SZ_Air,78,schema_fallback,0,3,0.0
SZ_Air,79,set_param,0,3,0.0
SZ_Air,79,add_rule,0,3,0.0
SZ_Air,79,replace_rule,0,3,0.0
SZ_Air,79,remove_rule,0,3,0.0
SZ_Air,79,move_rule,0,3,0.0
SZ_Air,79,explicit_no_change,3,3,1.0
SZ_Air,79,deterministic_rejection,0,3,0.0
SZ_Air,79,schema_fallback,0,3,0.0
SZ_Air,80,set_param,1,3,0.3333333333333333
SZ_Air,80,add_rule,1,3,0.3333333333333333
SZ_Air,80,replace_rule,0,3,0.0
SZ_Air,80,remove_rule,0,3,0.0
SZ_Air,80,move_rule,0,3,0.0
SZ_Air,80,explicit_no_change,0,3,0.0
SZ_Air,80,deterministic_rejection,1,3,0.3333333333333333
SZ_Air,80,schema_fallback,0,3,0.0
SZ_Air,81,set_param,0,3,0.0
SZ_Air,81,add_rule,0,3,0.0
SZ_Air,81,replace_rule,0,3,0.0
SZ_Air,81,remove_rule,0,3,0.0
SZ_Air,81,move_rule,0,3,0.0
SZ_Air,81,explicit_no_change,0,3,0.0
SZ_Air,81,deterministic_rejection,3,3,1.0
SZ_Air,81,schema_fallback,0,3,0.0
SZ_Air,82,set_param,0,3,0.0
SZ_Air,82,add_rule,0,3,0.0
SZ_Air,82,replace_rule,0,3,0.0
SZ_Air,82,remove_rule,0,3,0.0
SZ_Air,82,move_rule,0,3,0.0
SZ_Air,82,explicit_no_change,0,3,0.0
SZ_Air,82,deterministic_rejection,3,3,1.0
SZ_Air,82,schema_fallback,0,3,0.0
SZ_Air,83,set_param,2,3,0.6666666666666666
SZ_Air,83,add_rule,0,3,0.0
SZ_Air,83,replace_rule,1,3,0.3333333333333333
SZ_Air,83,remove_rule,0,3,0.0
SZ_Air,83,move_rule,0,3,0.0
SZ_Air,83,explicit_no_change,0,3,0.0
SZ_Air,83,deterministic_rejection,0,3,0.0
SZ_Air,83,schema_fallback,0,3,0.0
SZ_Air,84,set_param,0,3,0.0
SZ_Air,84,add_rule,0,3,0.0
SZ_Air,84,replace_rule,0,3,0.0
SZ_Air,84,remove_rule,0,3,0.0
SZ_Air,84,move_rule,0,3,0.0
SZ_Air,84,explicit_no_change,1,3,0.3333333333333333
SZ_Air,84,deterministic_rejection,2,3,0.6666666666666666
SZ_Air,84,schema_fallback,0,3,0.0
SZ_Air,85,set_param,0,3,0.0
SZ_Air,85,add_rule,0,3,0.0
SZ_Air,85,replace_rule,1,3,0.3333333333333333
SZ_Air,85,remove_rule,0,3,0.0
SZ_Air,85,move_rule,0,3,0.0
SZ_Air,85,explicit_no_change,1,3,0.3333333333333333
SZ_Air,85,deterministic_rejection,1,3,0.3333333333333333
SZ_Air,85,schema_fallback,0,3,0.0
SZ_Air,86,set_param,0,3,0.0
SZ_Air,86,add_rule,0,3,0.0
SZ_Air,86,replace_rule,0,3,0.0
SZ_Air,86,remove_rule,0,3,0.0
SZ_Air,86,move_rule,0,3,0.0
SZ_Air,86,explicit_no_change,0,3,0.0
SZ_Air,86,deterministic_rejection,3,3,1.0
SZ_Air,86,schema_fallback,0,3,0.0
SZ_Air,87,set_param,0,3,0.0
SZ_Air,87,add_rule,1,3,0.3333333333333333
SZ_Air,87,replace_rule,0,3,0.0
SZ_Air,87,remove_rule,1,3,0.3333333333333333
SZ_Air,87,move_rule,0,3,0.0
SZ_Air,87,explicit_no_change,1,3,0.3333333333333333
SZ_Air,87,deterministic_rejection,0,3,0.0
SZ_Air,87,schema_fallback,0,3,0.0
SZ_Air,88,set_param,0,3,0.0
SZ_Air,88,add_rule,0,3,0.0
SZ_Air,88,replace_rule,0,3,0.0
SZ_Air,88,remove_rule,0,3,0.0
SZ_Air,88,move_rule,0,3,0.0
SZ_Air,88,explicit_no_change,1,3,0.3333333333333333
SZ_Air,88,deterministic_rejection,2,3,0.6666666666666666
SZ_Air,88,schema_fallback,0,3,0.0
SZ_Air,89,set_param,0,3,0.0
SZ_Air,89,add_rule,0,3,0.0
SZ_Air,89,replace_rule,2,3,0.6666666666666666
SZ_Air,89,remove_rule,0,3,0.0
SZ_Air,89,move_rule,0,3,0.0
SZ_Air,89,explicit_no_change,1,3,0.3333333333333333
SZ_Air,89,deterministic_rejection,0,3,0.0
SZ_Air,89,schema_fallback,0,3,0.0
SZ_Air,90,set_param,0,3,0.0
SZ_Air,90,add_rule,1,3,0.3333333333333333
SZ_Air,90,replace_rule,0,3,0.0
SZ_Air,90,remove_rule,0,3,0.0
SZ_Air,90,move_rule,0,3,0.0
SZ_Air,90,explicit_no_change,1,3,0.3333333333333333
SZ_Air,90,deterministic_rejection,1,3,0.3333333333333333
SZ_Air,90,schema_fallback,0,3,0.0
SZ_Air,91,set_param,0,3,0.0
SZ_Air,91,add_rule,0,3,0.0
SZ_Air,91,replace_rule,0,3,0.0
SZ_Air,91,remove_rule,1,3,0.3333333333333333
SZ_Air,91,move_rule,0,3,0.0
SZ_Air,91,explicit_no_change,0,3,0.0
SZ_Air,91,deterministic_rejection,2,3,0.6666666666666666
SZ_Air,91,schema_fallback,0,3,0.0
SZ_Air,92,set_param,0,3,0.0
SZ_Air,92,add_rule,0,3,0.0
SZ_Air,92,replace_rule,1,3,0.3333333333333333
SZ_Air,92,remove_rule,0,3,0.0
SZ_Air,92,move_rule,0,3,0.0
SZ_Air,92,explicit_no_change,2,3,0.6666666666666666
SZ_Air,92,deterministic_rejection,0,3,0.0
SZ_Air,92,schema_fallback,0,3,0.0
SZ_Air,93,set_param,0,3,0.0
SZ_Air,93,add_rule,0,3,0.0
SZ_Air,93,replace_rule,1,3,0.3333333333333333
SZ_Air,93,remove_rule,0,3,0.0
SZ_Air,93,move_rule,0,3,0.0
SZ_Air,93,explicit_no_change,2,3,0.6666666666666666
SZ_Air,93,deterministic_rejection,0,3,0.0
SZ_Air,93,schema_fallback,0,3,0.0
SZ_Air,94,set_param,0,3,0.0
SZ_Air,94,add_rule,0,3,0.0
SZ_Air,94,replace_rule,1,3,0.3333333333333333
SZ_Air,94,remove_rule,0,3,0.0
SZ_Air,94,move_rule,0,3,0.0
SZ_Air,94,explicit_no_change,2,3,0.6666666666666666
SZ_Air,94,deterministic_rejection,0,3,0.0
SZ_Air,94,schema_fallback,0,3,0.0
SZ_Air,95,set_param,0,3,0.0
SZ_Air,95,add_rule,0,3,0.0
SZ_Air,95,replace_rule,1,3,0.3333333333333333
SZ_Air,95,remove_rule,0,3,0.0
SZ_Air,95,move_rule,0,3,0.0
SZ_Air,95,explicit_no_change,2,3,0.6666666666666666
SZ_Air,95,deterministic_rejection,0,3,0.0
SZ_Air,95,schema_fallback,0,3,0.0
SZ_Air,96,set_param,0,3,0.0
SZ_Air,96,add_rule,0,3,0.0
SZ_Air,96,replace_rule,0,3,0.0
SZ_Air,96,remove_rule,0,3,0.0
SZ_Air,96,move_rule,0,3,0.0
SZ_Air,96,explicit_no_change,3,3,1.0
SZ_Air,96,deterministic_rejection,0,3,0.0
SZ_Air,96,schema_fallback,0,3,0.0
SZ_Air,97,set_param,0,3,0.0
SZ_Air,97,add_rule,0,3,0.0
SZ_Air,97,replace_rule,0,3,0.0
SZ_Air,97,remove_rule,0,3,0.0
SZ_Air,97,move_rule,0,3,0.0
SZ_Air,97,explicit_no_change,3,3,1.0
SZ_Air,97,deterministic_rejection,0,3,0.0
SZ_Air,97,schema_fallback,0,3,0.0
SZ_Air,98,set_param,0,3,0.0
SZ_Air,98,add_rule,0,3,0.0
SZ_Air,98,replace_rule,0,3,0.0
SZ_Air,98,remove_rule,0,3,0.0
SZ_Air,98,move_rule,0,3,0.0
SZ_Air,98,explicit_no_change,3,3,1.0
SZ_Air,98,deterministic_rejection,0,3,0.0
SZ_Air,98,schema_fallback,0,3,0.0
SZ_Air,99,set_param,0,3,0.0
SZ_Air,99,add_rule,0,3,0.0
SZ_Air,99,replace_rule,0,3,0.0
SZ_Air,99,remove_rule,0,3,0.0
SZ_Air,99,move_rule,0,3,0.0
SZ_Air,99,explicit_no_change,3,3,1.0
SZ_Air,99,deterministic_rejection,0,3,0.0
SZ_Air,99,schema_fallback,0,3,0.0
SZ_Air,100,set_param,0,3,0.0
SZ_Air,100,add_rule,0,3,0.0
SZ_Air,100,replace_rule,0,3,0.0
SZ_Air,100,remove_rule,0,3,0.0
SZ_Air,100,move_rule,0,3,0.0
SZ_Air,100,explicit_no_change,3,3,1.0
SZ_Air,100,deterministic_rejection,0,3,0.0
SZ_Air,100,schema_fallback,0,3,0.0
SZ_Air,101,set_param,0,3,0.0
SZ_Air,101,add_rule,0,3,0.0
SZ_Air,101,replace_rule,0,3,0.0
SZ_Air,101,remove_rule,0,3,0.0
SZ_Air,101,move_rule,0,3,0.0
SZ_Air,101,explicit_no_change,3,3,1.0
SZ_Air,101,deterministic_rejection,0,3,0.0
SZ_Air,101,schema_fallback,0,3,0.0
SZ_Air,102,set_param,0,3,0.0
SZ_Air,102,add_rule,0,3,0.0
SZ_Air,102,replace_rule,1,3,0.3333333333333333
SZ_Air,102,remove_rule,0,3,0.0
SZ_Air,102,move_rule,0,3,0.0
SZ_Air,102,explicit_no_change,2,3,0.6666666666666666
SZ_Air,102,deterministic_rejection,0,3,0.0
SZ_Air,102,schema_fallback,0,3,0.0
SZ_Air,103,set_param,0,3,0.0
SZ_Air,103,add_rule,0,3,0.0
SZ_Air,103,replace_rule,0,3,0.0
SZ_Air,103,remove_rule,0,3,0.0
SZ_Air,103,move_rule,0,3,0.0
SZ_Air,103,explicit_no_change,3,3,1.0
SZ_Air,103,deterministic_rejection,0,3,0.0
SZ_Air,103,schema_fallback,0,3,0.0
SZ_Air,104,set_param,2,3,0.6666666666666666
SZ_Air,104,add_rule,0,3,0.0
SZ_Air,104,replace_rule,0,3,0.0
SZ_Air,104,remove_rule,0,3,0.0
SZ_Air,104,move_rule,0,3,0.0
SZ_Air,104,explicit_no_change,0,3,0.0
SZ_Air,104,deterministic_rejection,1,3,0.3333333333333333
SZ_Air,104,schema_fallback,0,3,0.0
SZ_Air,105,set_param,0,3,0.0
SZ_Air,105,add_rule,0,3,0.0
SZ_Air,105,replace_rule,1,3,0.3333333333333333
SZ_Air,105,remove_rule,0,3,0.0
SZ_Air,105,move_rule,1,3,0.3333333333333333
SZ_Air,105,explicit_no_change,0,3,0.0
SZ_Air,105,deterministic_rejection,1,3,0.3333333333333333
SZ_Air,105,schema_fallback,0,3,0.0
SZ_Air,106,set_param,0,3,0.0
SZ_Air,106,add_rule,0,3,0.0
SZ_Air,106,replace_rule,1,3,0.3333333333333333
SZ_Air,106,remove_rule,0,3,0.0
SZ_Air,106,move_rule,0,3,0.0
SZ_Air,106,explicit_no_change,0,3,0.0
SZ_Air,106,deterministic_rejection,2,3,0.6666666666666666
SZ_Air,106,schema_fallback,0,3,0.0
SZ_Air,107,set_param,2,3,0.6666666666666666
SZ_Air,107,add_rule,1,3,0.3333333333333333
SZ_Air,107,replace_rule,0,3,0.0
SZ_Air,107,remove_rule,0,3,0.0
SZ_Air,107,move_rule,0,3,0.0
SZ_Air,107,explicit_no_change,0,3,0.0
SZ_Air,107,deterministic_rejection,0,3,0.0
SZ_Air,107,schema_fallback,0,3,0.0
SZ_Air,108,set_param,1,3,0.3333333333333333
SZ_Air,108,add_rule,0,3,0.0
SZ_Air,108,replace_rule,0,3,0.0
SZ_Air,108,remove_rule,0,3,0.0
SZ_Air,108,move_rule,0,3,0.0
SZ_Air,108,explicit_no_change,0,3,0.0
SZ_Air,108,deterministic_rejection,2,3,0.6666666666666666
SZ_Air,108,schema_fallback,0,3,0.0
SZ_Air,109,set_param,1,3,0.3333333333333333
SZ_Air,109,add_rule,0,3,0.0
SZ_Air,109,replace_rule,1,3,0.3333333333333333
SZ_Air,109,remove_rule,0,3,0.0
SZ_Air,109,move_rule,0,3,0.0
SZ_Air,109,explicit_no_change,0,3,0.0
SZ_Air,109,deterministic_rejection,1,3,0.3333333333333333
SZ_Air,109,schema_fallback,0,3,0.0
SZ_Air,110,set_param,1,3,0.3333333333333333
SZ_Air,110,add_rule,0,3,0.0
SZ_Air,110,replace_rule,0,3,0.0
SZ_Air,110,remove_rule,0,3,0.0
SZ_Air,110,move_rule,0,3,0.0
SZ_Air,110,explicit_no_change,0,3,0.0
SZ_Air,110,deterministic_rejection,1,3,0.3333333333333333
SZ_Air,110,schema_fallback,1,3,0.3333333333333333
SZ_Air,111,set_param,0,3,0.0
SZ_Air,111,add_rule,0,3,0.0
SZ_Air,111,replace_rule,2,3,0.6666666666666666
SZ_Air,111,remove_rule,0,3,0.0
SZ_Air,111,move_rule,0,3,0.0
SZ_Air,111,explicit_no_change,0,3,0.0
SZ_Air,111,deterministic_rejection,1,3,0.3333333333333333
SZ_Air,111,schema_fallback,0,3,0.0
SZ_Air,112,set_param,1,3,0.3333333333333333
SZ_Air,112,add_rule,0,3,0.0
SZ_Air,112,replace_rule,1,3,0.3333333333333333
SZ_Air,112,remove_rule,0,3,0.0
SZ_Air,112,move_rule,0,3,0.0
SZ_Air,112,explicit_no_change,0,3,0.0
SZ_Air,112,deterministic_rejection,1,3,0.3333333333333333
SZ_Air,112,schema_fallback,0,3,0.0
SZ_Air,113,set_param,0,3,0.0
SZ_Air,113,add_rule,0,3,0.0
SZ_Air,113,replace_rule,2,3,0.6666666666666666
SZ_Air,113,remove_rule,0,3,0.0
SZ_Air,113,move_rule,0,3,0.0
SZ_Air,113,explicit_no_change,1,3,0.3333333333333333
SZ_Air,113,deterministic_rejection,0,3,0.0
SZ_Air,113,schema_fallback,0,3,0.0
SZ_Air,114,set_param,0,3,0.0
SZ_Air,114,add_rule,0,3,0.0
SZ_Air,114,replace_rule,1,3,0.3333333333333333
SZ_Air,114,remove_rule,0,3,0.0
SZ_Air,114,move_rule,0,3,0.0
SZ_Air,114,explicit_no_change,1,3,0.3333333333333333
SZ_Air,114,deterministic_rejection,1,3,0.3333333333333333
SZ_Air,114,schema_fallback,0,3,0.0
SZ_Air,115,set_param,0,3,0.0
SZ_Air,115,add_rule,0,3,0.0
SZ_Air,115,replace_rule,2,3,0.6666666666666666
SZ_Air,115,remove_rule,0,3,0.0
SZ_Air,115,move_rule,0,3,0.0
SZ_Air,115,explicit_no_change,1,3,0.3333333333333333
SZ_Air,115,deterministic_rejection,0,3,0.0
SZ_Air,115,schema_fallback,0,3,0.0
SZ_Air,116,set_param,0,3,0.0
SZ_Air,116,add_rule,0,3,0.0
SZ_Air,116,replace_rule,0,3,0.0
SZ_Air,116,remove_rule,0,3,0.0
SZ_Air,116,move_rule,0,3,0.0
SZ_Air,116,explicit_no_change,3,3,1.0
SZ_Air,116,deterministic_rejection,0,3,0.0
SZ_Air,116,schema_fallback,0,3,0.0
SZ_Air,117,set_param,0,3,0.0
SZ_Air,117,add_rule,0,3,0.0
SZ_Air,117,replace_rule,0,3,0.0
SZ_Air,117,remove_rule,0,3,0.0
SZ_Air,117,move_rule,0,3,0.0
SZ_Air,117,explicit_no_change,3,3,1.0
SZ_Air,117,deterministic_rejection,0,3,0.0
SZ_Air,117,schema_fallback,0,3,0.0
SZ_Air,118,set_param,0,3,0.0
SZ_Air,118,add_rule,0,3,0.0
SZ_Air,118,replace_rule,0,3,0.0
SZ_Air,118,remove_rule,0,3,0.0
SZ_Air,118,move_rule,0,3,0.0
SZ_Air,118,explicit_no_change,3,3,1.0
SZ_Air,118,deterministic_rejection,0,3,0.0
SZ_Air,118,schema_fallback,0,3,0.0
SZ_Air,119,set_param,0,3,0.0
SZ_Air,119,add_rule,0,3,0.0
SZ_Air,119,replace_rule,0,3,0.0
SZ_Air,119,remove_rule,0,3,0.0
SZ_Air,119,move_rule,0,3,0.0
SZ_Air,119,explicit_no_change,3,3,1.0
SZ_Air,119,deterministic_rejection,0,3,0.0
SZ_Air,119,schema_fallback,0,3,0.0
SZ_Air,120,set_param,0,3,0.0
SZ_Air,120,add_rule,0,3,0.0
SZ_Air,120,replace_rule,0,3,0.0
SZ_Air,120,remove_rule,0,3,0.0
SZ_Air,120,move_rule,0,3,0.0
SZ_Air,120,explicit_no_change,3,3,1.0
SZ_Air,120,deterministic_rejection,0,3,0.0
SZ_Air,120,schema_fallback,0,3,0.0
SZ_Air,121,set_param,0,3,0.0
SZ_Air,121,add_rule,0,3,0.0
SZ_Air,121,replace_rule,0,3,0.0
SZ_Air,121,remove_rule,0,3,0.0
SZ_Air,121,move_rule,0,3,0.0
SZ_Air,121,explicit_no_change,3,3,1.0
SZ_Air,121,deterministic_rejection,0,3,0.0
SZ_Air,121,schema_fallback,0,3,0.0
SZ_Air,122,set_param,0,3,0.0
SZ_Air,122,add_rule,0,3,0.0
SZ_Air,122,replace_rule,0,3,0.0
SZ_Air,122,remove_rule,0,3,0.0
SZ_Air,122,move_rule,0,3,0.0
SZ_Air,122,explicit_no_change,3,3,1.0
SZ_Air,122,deterministic_rejection,0,3,0.0
SZ_Air,122,schema_fallback,0,3,0.0
SZ_Air,123,set_param,0,3,0.0
SZ_Air,123,add_rule,0,3,0.0
SZ_Air,123,replace_rule,0,3,0.0
SZ_Air,123,remove_rule,0,3,0.0
SZ_Air,123,move_rule,0,3,0.0
SZ_Air,123,explicit_no_change,3,3,1.0
SZ_Air,123,deterministic_rejection,0,3,0.0
SZ_Air,123,schema_fallback,0,3,0.0
SZ_Air,124,set_param,0,3,0.0
SZ_Air,124,add_rule,0,3,0.0
SZ_Air,124,replace_rule,0,3,0.0
SZ_Air,124,remove_rule,0,3,0.0
SZ_Air,124,move_rule,0,3,0.0
SZ_Air,124,explicit_no_change,3,3,1.0
SZ_Air,124,deterministic_rejection,0,3,0.0
SZ_Air,124,schema_fallback,0,3,0.0
SZ_Air,125,set_param,0,3,0.0
SZ_Air,125,add_rule,0,3,0.0
SZ_Air,125,replace_rule,0,3,0.0
SZ_Air,125,remove_rule,0,3,0.0
SZ_Air,125,move_rule,0,3,0.0
SZ_Air,125,explicit_no_change,3,3,1.0
SZ_Air,125,deterministic_rejection,0,3,0.0
SZ_Air,125,schema_fallback,0,3,0.0
SZ_Air,126,set_param,0,3,0.0
SZ_Air,126,add_rule,0,3,0.0
SZ_Air,126,replace_rule,0,3,0.0
SZ_Air,126,remove_rule,0,3,0.0
SZ_Air,126,move_rule,0,3,0.0
SZ_Air,126,explicit_no_change,3,3,1.0
SZ_Air,126,deterministic_rejection,0,3,0.0
SZ_Air,126,schema_fallback,0,3,0.0
SZ_Air,127,set_param,0,3,0.0
SZ_Air,127,add_rule,0,3,0.0
SZ_Air,127,replace_rule,0,3,0.0
SZ_Air,127,remove_rule,0,3,0.0
SZ_Air,127,move_rule,0,3,0.0
SZ_Air,127,explicit_no_change,3,3,1.0
SZ_Air,127,deterministic_rejection,0,3,0.0
SZ_Air,127,schema_fallback,0,3,0.0
SZ_Air,128,set_param,3,3,1.0
SZ_Air,128,add_rule,0,3,0.0
SZ_Air,128,replace_rule,0,3,0.0
SZ_Air,128,remove_rule,0,3,0.0
SZ_Air,128,move_rule,0,3,0.0
SZ_Air,128,explicit_no_change,0,3,0.0
SZ_Air,128,deterministic_rejection,0,3,0.0
SZ_Air,128,schema_fallback,0,3,0.0
SZ_Air,129,set_param,0,3,0.0
SZ_Air,129,add_rule,0,3,0.0
SZ_Air,129,replace_rule,1,3,0.3333333333333333
SZ_Air,129,remove_rule,0,3,0.0
SZ_Air,129,move_rule,0,3,0.0
SZ_Air,129,explicit_no_change,0,3,0.0
SZ_Air,129,deterministic_rejection,2,3,0.6666666666666666
SZ_Air,129,schema_fallback,0,3,0.0
SZ_Air,130,set_param,2,3,0.6666666666666666
SZ_Air,130,add_rule,0,3,0.0
SZ_Air,130,replace_rule,0,3,0.0
SZ_Air,130,remove_rule,0,3,0.0
SZ_Air,130,move_rule,0,3,0.0
SZ_Air,130,explicit_no_change,1,3,0.3333333333333333
SZ_Air,130,deterministic_rejection,0,3,0.0
SZ_Air,130,schema_fallback,0,3,0.0
SZ_Air,131,set_param,1,3,0.3333333333333333
SZ_Air,131,add_rule,0,3,0.0
SZ_Air,131,replace_rule,1,3,0.3333333333333333
SZ_Air,131,remove_rule,1,3,0.3333333333333333
SZ_Air,131,move_rule,0,3,0.0
SZ_Air,131,explicit_no_change,0,3,0.0
SZ_Air,131,deterministic_rejection,0,3,0.0
SZ_Air,131,schema_fallback,0,3,0.0
SZ_Air,132,set_param,1,3,0.3333333333333333
SZ_Air,132,add_rule,0,3,0.0
SZ_Air,132,replace_rule,1,3,0.3333333333333333
SZ_Air,132,remove_rule,0,3,0.0
SZ_Air,132,move_rule,0,3,0.0
SZ_Air,132,explicit_no_change,0,3,0.0
SZ_Air,132,deterministic_rejection,1,3,0.3333333333333333
SZ_Air,132,schema_fallback,0,3,0.0
SZ_Air,133,set_param,0,3,0.0
SZ_Air,133,add_rule,1,3,0.3333333333333333
SZ_Air,133,replace_rule,0,3,0.0
SZ_Air,133,remove_rule,0,3,0.0
SZ_Air,133,move_rule,0,3,0.0
SZ_Air,133,explicit_no_change,1,3,0.3333333333333333
SZ_Air,133,deterministic_rejection,1,3,0.3333333333333333
SZ_Air,133,schema_fallback,0,3,0.0
SZ_Air,134,set_param,0,3,0.0
SZ_Air,134,add_rule,0,3,0.0
SZ_Air,134,replace_rule,0,3,0.0
SZ_Air,134,remove_rule,0,3,0.0
SZ_Air,134,move_rule,0,3,0.0
SZ_Air,134,explicit_no_change,0,3,0.0
SZ_Air,134,deterministic_rejection,1,3,0.3333333333333333
SZ_Air,134,schema_fallback,2,3,0.6666666666666666
SZ_Air,135,set_param,2,3,0.6666666666666666
SZ_Air,135,add_rule,1,3,0.3333333333333333
SZ_Air,135,replace_rule,0,3,0.0
SZ_Air,135,remove_rule,0,3,0.0
SZ_Air,135,move_rule,0,3,0.0
SZ_Air,135,explicit_no_change,0,3,0.0
SZ_Air,135,deterministic_rejection,0,3,0.0
SZ_Air,135,schema_fallback,0,3,0.0
SZ_Air,136,set_param,1,3,0.3333333333333333
SZ_Air,136,add_rule,0,3,0.0
SZ_Air,136,replace_rule,1,3,0.3333333333333333
SZ_Air,136,remove_rule,0,3,0.0
SZ_Air,136,move_rule,0,3,0.0
SZ_Air,136,explicit_no_change,1,3,0.3333333333333333
SZ_Air,136,deterministic_rejection,0,3,0.0
SZ_Air,136,schema_fallback,0,3,0.0
SZ_Air,137,set_param,2,3,0.6666666666666666
SZ_Air,137,add_rule,0,3,0.0
SZ_Air,137,replace_rule,0,3,0.0
SZ_Air,137,remove_rule,0,3,0.0
SZ_Air,137,move_rule,0,3,0.0
SZ_Air,137,explicit_no_change,0,3,0.0
SZ_Air,137,deterministic_rejection,1,3,0.3333333333333333
SZ_Air,137,schema_fallback,0,3,0.0
SZ_Air,138,set_param,0,3,0.0
SZ_Air,138,add_rule,0,3,0.0
SZ_Air,138,replace_rule,2,3,0.6666666666666666
SZ_Air,138,remove_rule,0,3,0.0
SZ_Air,138,move_rule,0,3,0.0
SZ_Air,138,explicit_no_change,1,3,0.3333333333333333
SZ_Air,138,deterministic_rejection,0,3,0.0
SZ_Air,138,schema_fallback,0,3,0.0
SZ_Air,139,set_param,0,3,0.0
SZ_Air,139,add_rule,0,3,0.0
SZ_Air,139,replace_rule,2,3,0.6666666666666666
SZ_Air,139,remove_rule,0,3,0.0
SZ_Air,139,move_rule,0,3,0.0
SZ_Air,139,explicit_no_change,0,3,0.0
SZ_Air,139,deterministic_rejection,1,3,0.3333333333333333
SZ_Air,139,schema_fallback,0,3,0.0
SZ_Air,140,set_param,0,3,0.0
SZ_Air,140,add_rule,0,3,0.0
SZ_Air,140,replace_rule,0,3,0.0
SZ_Air,140,remove_rule,0,3,0.0
SZ_Air,140,move_rule,0,3,0.0
SZ_Air,140,explicit_no_change,2,3,0.6666666666666666
SZ_Air,140,deterministic_rejection,0,3,0.0
SZ_Air,140,schema_fallback,1,3,0.3333333333333333
SZ_Air,141,set_param,0,3,0.0
SZ_Air,141,add_rule,0,3,0.0
SZ_Air,141,replace_rule,0,3,0.0
SZ_Air,141,remove_rule,0,3,0.0
SZ_Air,141,move_rule,0,3,0.0
SZ_Air,141,explicit_no_change,3,3,1.0
SZ_Air,141,deterministic_rejection,0,3,0.0
SZ_Air,141,schema_fallback,0,3,0.0
SZ_Air,142,set_param,0,3,0.0
SZ_Air,142,add_rule,0,3,0.0
SZ_Air,142,replace_rule,0,3,0.0
SZ_Air,142,remove_rule,0,3,0.0
SZ_Air,142,move_rule,0,3,0.0
SZ_Air,142,explicit_no_change,3,3,1.0
SZ_Air,142,deterministic_rejection,0,3,0.0
SZ_Air,142,schema_fallback,0,3,0.0
SZ_Air,143,set_param,0,3,0.0
SZ_Air,143,add_rule,0,3,0.0
SZ_Air,143,replace_rule,0,3,0.0
SZ_Air,143,remove_rule,0,3,0.0
SZ_Air,143,move_rule,0,3,0.0
SZ_Air,143,explicit_no_change,3,3,1.0
SZ_Air,143,deterministic_rejection,0,3,0.0
SZ_Air,143,schema_fallback,0,3,0.0
SZ_Air,144,set_param,0,3,0.0
SZ_Air,144,add_rule,0,3,0.0
SZ_Air,144,replace_rule,0,3,0.0
SZ_Air,144,remove_rule,0,3,0.0
SZ_Air,144,move_rule,0,3,0.0
SZ_Air,144,explicit_no_change,3,3,1.0
SZ_Air,144,deterministic_rejection,0,3,0.0
SZ_Air,144,schema_fallback,0,3,0.0
SZ_Air,145,set_param,0,3,0.0
SZ_Air,145,add_rule,0,3,0.0
SZ_Air,145,replace_rule,0,3,0.0
SZ_Air,145,remove_rule,0,3,0.0
SZ_Air,145,move_rule,0,3,0.0
SZ_Air,145,explicit_no_change,3,3,1.0
SZ_Air,145,deterministic_rejection,0,3,0.0
SZ_Air,145,schema_fallback,0,3,0.0
SZ_Air,146,set_param,0,3,0.0
SZ_Air,146,add_rule,0,3,0.0
SZ_Air,146,replace_rule,0,3,0.0
SZ_Air,146,remove_rule,0,3,0.0
SZ_Air,146,move_rule,0,3,0.0
SZ_Air,146,explicit_no_change,3,3,1.0
SZ_Air,146,deterministic_rejection,0,3,0.0
SZ_Air,146,schema_fallback,0,3,0.0
SZ_Air,147,set_param,0,3,0.0
SZ_Air,147,add_rule,0,3,0.0
SZ_Air,147,replace_rule,0,3,0.0
SZ_Air,147,remove_rule,0,3,0.0
SZ_Air,147,move_rule,0,3,0.0
SZ_Air,147,explicit_no_change,3,3,1.0
SZ_Air,147,deterministic_rejection,0,3,0.0
SZ_Air,147,schema_fallback,0,3,0.0
SZ_Air,148,set_param,0,3,0.0
SZ_Air,148,add_rule,0,3,0.0
SZ_Air,148,replace_rule,0,3,0.0
SZ_Air,148,remove_rule,0,3,0.0
SZ_Air,148,move_rule,0,3,0.0
SZ_Air,148,explicit_no_change,3,3,1.0
SZ_Air,148,deterministic_rejection,0,3,0.0
SZ_Air,148,schema_fallback,0,3,0.0
SZ_Air,149,set_param,0,3,0.0
SZ_Air,149,add_rule,0,3,0.0
SZ_Air,149,replace_rule,0,3,0.0
SZ_Air,149,remove_rule,0,3,0.0
SZ_Air,149,move_rule,0,3,0.0
SZ_Air,149,explicit_no_change,3,3,1.0
SZ_Air,149,deterministic_rejection,0,3,0.0
SZ_Air,149,schema_fallback,0,3,0.0
SZ_Air,150,set_param,0,3,0.0
SZ_Air,150,add_rule,0,3,0.0
SZ_Air,150,replace_rule,0,3,0.0
SZ_Air,150,remove_rule,0,3,0.0
SZ_Air,150,move_rule,0,3,0.0
SZ_Air,150,explicit_no_change,3,3,1.0
SZ_Air,150,deterministic_rejection,0,3,0.0
SZ_Air,150,schema_fallback,0,3,0.0
SZ_Air,151,set_param,0,3,0.0
SZ_Air,151,add_rule,0,3,0.0
SZ_Air,151,replace_rule,0,3,0.0
SZ_Air,151,remove_rule,0,3,0.0
SZ_Air,151,move_rule,0,3,0.0
SZ_Air,151,explicit_no_change,3,3,1.0
SZ_Air,151,deterministic_rejection,0,3,0.0
SZ_Air,151,schema_fallback,0,3,0.0
SZ_Air,152,set_param,1,3,0.3333333333333333
SZ_Air,152,add_rule,0,3,0.0
SZ_Air,152,replace_rule,0,3,0.0
SZ_Air,152,remove_rule,0,3,0.0
SZ_Air,152,move_rule,0,3,0.0
SZ_Air,152,explicit_no_change,1,3,0.3333333333333333
SZ_Air,152,deterministic_rejection,1,3,0.3333333333333333
SZ_Air,152,schema_fallback,0,3,0.0
SZ_Air,153,set_param,0,3,0.0
SZ_Air,153,add_rule,0,3,0.0
SZ_Air,153,replace_rule,1,3,0.3333333333333333
SZ_Air,153,remove_rule,0,3,0.0
SZ_Air,153,move_rule,0,3,0.0
SZ_Air,153,explicit_no_change,0,3,0.0
SZ_Air,153,deterministic_rejection,1,3,0.3333333333333333
SZ_Air,153,schema_fallback,1,3,0.3333333333333333
SZ_Air,154,set_param,1,3,0.3333333333333333
SZ_Air,154,add_rule,0,3,0.0
SZ_Air,154,replace_rule,0,3,0.0
SZ_Air,154,remove_rule,0,3,0.0
SZ_Air,154,move_rule,0,3,0.0
SZ_Air,154,explicit_no_change,0,3,0.0
SZ_Air,154,deterministic_rejection,2,3,0.6666666666666666
SZ_Air,154,schema_fallback,0,3,0.0
SZ_Air,155,set_param,1,3,0.3333333333333333
SZ_Air,155,add_rule,0,3,0.0
SZ_Air,155,replace_rule,2,3,0.6666666666666666
SZ_Air,155,remove_rule,0,3,0.0
SZ_Air,155,move_rule,0,3,0.0
SZ_Air,155,explicit_no_change,0,3,0.0
SZ_Air,155,deterministic_rejection,0,3,0.0
SZ_Air,155,schema_fallback,0,3,0.0
SZ_Air,156,set_param,0,3,0.0
SZ_Air,156,add_rule,0,3,0.0
SZ_Air,156,replace_rule,2,3,0.6666666666666666
SZ_Air,156,remove_rule,0,3,0.0
SZ_Air,156,move_rule,0,3,0.0
SZ_Air,156,explicit_no_change,1,3,0.3333333333333333
SZ_Air,156,deterministic_rejection,0,3,0.0
SZ_Air,156,schema_fallback,0,3,0.0
SZ_Air,157,set_param,0,3,0.0
SZ_Air,157,add_rule,0,3,0.0
SZ_Air,157,replace_rule,2,3,0.6666666666666666
SZ_Air,157,remove_rule,0,3,0.0
SZ_Air,157,move_rule,0,3,0.0
SZ_Air,157,explicit_no_change,0,3,0.0
SZ_Air,157,deterministic_rejection,1,3,0.3333333333333333
SZ_Air,157,schema_fallback,0,3,0.0
SZ_Air,158,set_param,0,3,0.0
SZ_Air,158,add_rule,0,3,0.0
SZ_Air,158,replace_rule,2,3,0.6666666666666666
SZ_Air,158,remove_rule,0,3,0.0
SZ_Air,158,move_rule,0,3,0.0
SZ_Air,158,explicit_no_change,0,3,0.0
SZ_Air,158,deterministic_rejection,1,3,0.3333333333333333
SZ_Air,158,schema_fallback,0,3,0.0
SZ_Air,159,set_param,0,3,0.0
SZ_Air,159,add_rule,0,3,0.0
SZ_Air,159,replace_rule,0,3,0.0
SZ_Air,159,remove_rule,0,3,0.0
SZ_Air,159,move_rule,0,3,0.0
SZ_Air,159,explicit_no_change,1,3,0.3333333333333333
SZ_Air,159,deterministic_rejection,2,3,0.6666666666666666
SZ_Air,159,schema_fallback,0,3,0.0
SZ_Air,160,set_param,0,3,0.0
SZ_Air,160,add_rule,0,3,0.0
SZ_Air,160,replace_rule,1,3,0.3333333333333333
SZ_Air,160,remove_rule,0,3,0.0
SZ_Air,160,move_rule,0,3,0.0
SZ_Air,160,explicit_no_change,0,3,0.0
SZ_Air,160,deterministic_rejection,2,3,0.6666666666666666
SZ_Air,160,schema_fallback,0,3,0.0
SZ_Air,161,set_param,0,3,0.0
SZ_Air,161,add_rule,0,3,0.0
SZ_Air,161,replace_rule,1,3,0.3333333333333333
SZ_Air,161,remove_rule,0,3,0.0
SZ_Air,161,move_rule,0,3,0.0
SZ_Air,161,explicit_no_change,0,3,0.0
SZ_Air,161,deterministic_rejection,2,3,0.6666666666666666
SZ_Air,161,schema_fallback,0,3,0.0
SZ_Air,162,set_param,0,3,0.0
SZ_Air,162,add_rule,0,3,0.0
SZ_Air,162,replace_rule,1,3,0.3333333333333333
SZ_Air,162,remove_rule,0,3,0.0
SZ_Air,162,move_rule,0,3,0.0
SZ_Air,162,explicit_no_change,0,3,0.0
SZ_Air,162,deterministic_rejection,2,3,0.6666666666666666
SZ_Air,162,schema_fallback,0,3,0.0
SZ_Air,163,set_param,1,3,0.3333333333333333
SZ_Air,163,add_rule,0,3,0.0
SZ_Air,163,replace_rule,1,3,0.3333333333333333
SZ_Air,163,remove_rule,0,3,0.0
SZ_Air,163,move_rule,0,3,0.0
SZ_Air,163,explicit_no_change,1,3,0.3333333333333333
SZ_Air,163,deterministic_rejection,0,3,0.0
SZ_Air,163,schema_fallback,0,3,0.0
SZ_Air,164,set_param,0,3,0.0
SZ_Air,164,add_rule,0,3,0.0
SZ_Air,164,replace_rule,0,3,0.0
SZ_Air,164,remove_rule,0,3,0.0
SZ_Air,164,move_rule,0,3,0.0
SZ_Air,164,explicit_no_change,3,3,1.0
SZ_Air,164,deterministic_rejection,0,3,0.0
SZ_Air,164,schema_fallback,0,3,0.0
SZ_Air,165,set_param,0,3,0.0
SZ_Air,165,add_rule,0,3,0.0
SZ_Air,165,replace_rule,0,3,0.0
SZ_Air,165,remove_rule,0,3,0.0
SZ_Air,165,move_rule,0,3,0.0
SZ_Air,165,explicit_no_change,3,3,1.0
SZ_Air,165,deterministic_rejection,0,3,0.0
SZ_Air,165,schema_fallback,0,3,0.0
SZ_Air,166,set_param,0,3,0.0
SZ_Air,166,add_rule,0,3,0.0
SZ_Air,166,replace_rule,0,3,0.0
SZ_Air,166,remove_rule,0,3,0.0
SZ_Air,166,move_rule,0,3,0.0
SZ_Air,166,explicit_no_change,3,3,1.0
SZ_Air,166,deterministic_rejection,0,3,0.0
SZ_Air,166,schema_fallback,0,3,0.0
SZ_Air,167,set_param,0,3,0.0
SZ_Air,167,add_rule,0,3,0.0
SZ_Air,167,replace_rule,0,3,0.0
SZ_Air,167,remove_rule,0,3,0.0
SZ_Air,167,move_rule,0,3,0.0
SZ_Air,167,explicit_no_change,3,3,1.0
SZ_Air,167,deterministic_rejection,0,3,0.0
SZ_Air,167,schema_fallback,0,3,0.0
SZ_Air,168,set_param,0,3,0.0
SZ_Air,168,add_rule,0,3,0.0
SZ_Air,168,replace_rule,0,3,0.0
SZ_Air,168,remove_rule,0,3,0.0
SZ_Air,168,move_rule,0,3,0.0
SZ_Air,168,explicit_no_change,3,3,1.0
SZ_Air,168,deterministic_rejection,0,3,0.0
SZ_Air,168,schema_fallback,0,3,0.0
MZ_Hydro,1,set_param,0,6,0.0
MZ_Hydro,1,add_rule,0,6,0.0
MZ_Hydro,1,replace_rule,0,6,0.0
MZ_Hydro,1,remove_rule,0,6,0.0
MZ_Hydro,1,move_rule,0,6,0.0
MZ_Hydro,1,explicit_no_change,5,6,0.8333333333333334
MZ_Hydro,1,deterministic_rejection,1,6,0.16666666666666666
MZ_Hydro,1,schema_fallback,0,6,0.0
MZ_Hydro,2,set_param,0,6,0.0
MZ_Hydro,2,add_rule,0,6,0.0
MZ_Hydro,2,replace_rule,0,6,0.0
MZ_Hydro,2,remove_rule,0,6,0.0
MZ_Hydro,2,move_rule,0,6,0.0
MZ_Hydro,2,explicit_no_change,5,6,0.8333333333333334
MZ_Hydro,2,deterministic_rejection,1,6,0.16666666666666666
MZ_Hydro,2,schema_fallback,0,6,0.0
MZ_Hydro,3,set_param,0,6,0.0
MZ_Hydro,3,add_rule,0,6,0.0
MZ_Hydro,3,replace_rule,0,6,0.0
MZ_Hydro,3,remove_rule,0,6,0.0
MZ_Hydro,3,move_rule,0,6,0.0
MZ_Hydro,3,explicit_no_change,6,6,1.0
MZ_Hydro,3,deterministic_rejection,0,6,0.0
MZ_Hydro,3,schema_fallback,0,6,0.0
MZ_Hydro,4,set_param,0,6,0.0
MZ_Hydro,4,add_rule,0,6,0.0
MZ_Hydro,4,replace_rule,0,6,0.0
MZ_Hydro,4,remove_rule,0,6,0.0
MZ_Hydro,4,move_rule,0,6,0.0
MZ_Hydro,4,explicit_no_change,6,6,1.0
MZ_Hydro,4,deterministic_rejection,0,6,0.0
MZ_Hydro,4,schema_fallback,0,6,0.0
MZ_Hydro,5,set_param,0,6,0.0
MZ_Hydro,5,add_rule,0,6,0.0
MZ_Hydro,5,replace_rule,0,6,0.0
MZ_Hydro,5,remove_rule,0,6,0.0
MZ_Hydro,5,move_rule,0,6,0.0
MZ_Hydro,5,explicit_no_change,6,6,1.0
MZ_Hydro,5,deterministic_rejection,0,6,0.0
MZ_Hydro,5,schema_fallback,0,6,0.0
MZ_Hydro,6,set_param,0,6,0.0
MZ_Hydro,6,add_rule,0,6,0.0
MZ_Hydro,6,replace_rule,0,6,0.0
MZ_Hydro,6,remove_rule,0,6,0.0
MZ_Hydro,6,move_rule,0,6,0.0
MZ_Hydro,6,explicit_no_change,6,6,1.0
MZ_Hydro,6,deterministic_rejection,0,6,0.0
MZ_Hydro,6,schema_fallback,0,6,0.0
MZ_Hydro,7,set_param,0,6,0.0
MZ_Hydro,7,add_rule,0,6,0.0
MZ_Hydro,7,replace_rule,0,6,0.0
MZ_Hydro,7,remove_rule,0,6,0.0
MZ_Hydro,7,move_rule,0,6,0.0
MZ_Hydro,7,explicit_no_change,6,6,1.0
MZ_Hydro,7,deterministic_rejection,0,6,0.0
MZ_Hydro,7,schema_fallback,0,6,0.0
MZ_Hydro,8,set_param,1,6,0.16666666666666666
MZ_Hydro,8,add_rule,0,6,0.0
MZ_Hydro,8,replace_rule,1,6,0.16666666666666666
MZ_Hydro,8,remove_rule,0,6,0.0
MZ_Hydro,8,move_rule,0,6,0.0
MZ_Hydro,8,explicit_no_change,3,6,0.5
MZ_Hydro,8,deterministic_rejection,1,6,0.16666666666666666
MZ_Hydro,8,schema_fallback,0,6,0.0
MZ_Hydro,9,set_param,3,6,0.5
MZ_Hydro,9,add_rule,0,6,0.0
MZ_Hydro,9,replace_rule,0,6,0.0
MZ_Hydro,9,remove_rule,0,6,0.0
MZ_Hydro,9,move_rule,0,6,0.0
MZ_Hydro,9,explicit_no_change,1,6,0.16666666666666666
MZ_Hydro,9,deterministic_rejection,2,6,0.3333333333333333
MZ_Hydro,9,schema_fallback,0,6,0.0
MZ_Hydro,10,set_param,2,6,0.3333333333333333
MZ_Hydro,10,add_rule,0,6,0.0
MZ_Hydro,10,replace_rule,1,6,0.16666666666666666
MZ_Hydro,10,remove_rule,0,6,0.0
MZ_Hydro,10,move_rule,0,6,0.0
MZ_Hydro,10,explicit_no_change,1,6,0.16666666666666666
MZ_Hydro,10,deterministic_rejection,0,6,0.0
MZ_Hydro,10,schema_fallback,2,6,0.3333333333333333
MZ_Hydro,11,set_param,1,6,0.16666666666666666
MZ_Hydro,11,add_rule,0,6,0.0
MZ_Hydro,11,replace_rule,0,6,0.0
MZ_Hydro,11,remove_rule,0,6,0.0
MZ_Hydro,11,move_rule,0,6,0.0
MZ_Hydro,11,explicit_no_change,0,6,0.0
MZ_Hydro,11,deterministic_rejection,5,6,0.8333333333333334
MZ_Hydro,11,schema_fallback,0,6,0.0
MZ_Hydro,12,set_param,3,6,0.5
MZ_Hydro,12,add_rule,0,6,0.0
MZ_Hydro,12,replace_rule,0,6,0.0
MZ_Hydro,12,remove_rule,1,6,0.16666666666666666
MZ_Hydro,12,move_rule,0,6,0.0
MZ_Hydro,12,explicit_no_change,0,6,0.0
MZ_Hydro,12,deterministic_rejection,1,6,0.16666666666666666
MZ_Hydro,12,schema_fallback,1,6,0.16666666666666666
MZ_Hydro,13,set_param,1,6,0.16666666666666666
MZ_Hydro,13,add_rule,0,6,0.0
MZ_Hydro,13,replace_rule,0,6,0.0
MZ_Hydro,13,remove_rule,0,6,0.0
MZ_Hydro,13,move_rule,0,6,0.0
MZ_Hydro,13,explicit_no_change,0,6,0.0
MZ_Hydro,13,deterministic_rejection,4,6,0.6666666666666666
MZ_Hydro,13,schema_fallback,1,6,0.16666666666666666
MZ_Hydro,14,set_param,1,6,0.16666666666666666
MZ_Hydro,14,add_rule,1,6,0.16666666666666666
MZ_Hydro,14,replace_rule,1,6,0.16666666666666666
MZ_Hydro,14,remove_rule,0,6,0.0
MZ_Hydro,14,move_rule,0,6,0.0
MZ_Hydro,14,explicit_no_change,1,6,0.16666666666666666
MZ_Hydro,14,deterministic_rejection,2,6,0.3333333333333333
MZ_Hydro,14,schema_fallback,0,6,0.0
MZ_Hydro,15,set_param,0,6,0.0
MZ_Hydro,15,add_rule,1,6,0.16666666666666666
MZ_Hydro,15,replace_rule,1,6,0.16666666666666666
MZ_Hydro,15,remove_rule,1,6,0.16666666666666666
MZ_Hydro,15,move_rule,0,6,0.0
MZ_Hydro,15,explicit_no_change,0,6,0.0
MZ_Hydro,15,deterministic_rejection,3,6,0.5
MZ_Hydro,15,schema_fallback,0,6,0.0
MZ_Hydro,16,set_param,2,6,0.3333333333333333
MZ_Hydro,16,add_rule,0,6,0.0
MZ_Hydro,16,replace_rule,0,6,0.0
MZ_Hydro,16,remove_rule,0,6,0.0
MZ_Hydro,16,move_rule,0,6,0.0
MZ_Hydro,16,explicit_no_change,1,6,0.16666666666666666
MZ_Hydro,16,deterministic_rejection,3,6,0.5
MZ_Hydro,16,schema_fallback,0,6,0.0
MZ_Hydro,17,set_param,2,6,0.3333333333333333
MZ_Hydro,17,add_rule,1,6,0.16666666666666666
MZ_Hydro,17,replace_rule,0,6,0.0
MZ_Hydro,17,remove_rule,0,6,0.0
MZ_Hydro,17,move_rule,0,6,0.0
MZ_Hydro,17,explicit_no_change,0,6,0.0
MZ_Hydro,17,deterministic_rejection,3,6,0.5
MZ_Hydro,17,schema_fallback,0,6,0.0
MZ_Hydro,18,set_param,2,6,0.3333333333333333
MZ_Hydro,18,add_rule,0,6,0.0
MZ_Hydro,18,replace_rule,0,6,0.0
MZ_Hydro,18,remove_rule,0,6,0.0
MZ_Hydro,18,move_rule,0,6,0.0
MZ_Hydro,18,explicit_no_change,1,6,0.16666666666666666
MZ_Hydro,18,deterministic_rejection,2,6,0.3333333333333333
MZ_Hydro,18,schema_fallback,1,6,0.16666666666666666
MZ_Hydro,19,set_param,1,6,0.16666666666666666
MZ_Hydro,19,add_rule,0,6,0.0
MZ_Hydro,19,replace_rule,1,6,0.16666666666666666
MZ_Hydro,19,remove_rule,0,6,0.0
MZ_Hydro,19,move_rule,0,6,0.0
MZ_Hydro,19,explicit_no_change,1,6,0.16666666666666666
MZ_Hydro,19,deterministic_rejection,3,6,0.5
MZ_Hydro,19,schema_fallback,0,6,0.0
MZ_Hydro,20,set_param,0,6,0.0
MZ_Hydro,20,add_rule,0,6,0.0
MZ_Hydro,20,replace_rule,2,6,0.3333333333333333
MZ_Hydro,20,remove_rule,0,6,0.0
MZ_Hydro,20,move_rule,0,6,0.0
MZ_Hydro,20,explicit_no_change,0,6,0.0
MZ_Hydro,20,deterministic_rejection,4,6,0.6666666666666666
MZ_Hydro,20,schema_fallback,0,6,0.0
MZ_Hydro,21,set_param,1,6,0.16666666666666666
MZ_Hydro,21,add_rule,0,6,0.0
MZ_Hydro,21,replace_rule,1,6,0.16666666666666666
MZ_Hydro,21,remove_rule,0,6,0.0
MZ_Hydro,21,move_rule,0,6,0.0
MZ_Hydro,21,explicit_no_change,4,6,0.6666666666666666
MZ_Hydro,21,deterministic_rejection,0,6,0.0
MZ_Hydro,21,schema_fallback,0,6,0.0
MZ_Hydro,22,set_param,0,6,0.0
MZ_Hydro,22,add_rule,0,6,0.0
MZ_Hydro,22,replace_rule,0,6,0.0
MZ_Hydro,22,remove_rule,0,6,0.0
MZ_Hydro,22,move_rule,0,6,0.0
MZ_Hydro,22,explicit_no_change,6,6,1.0
MZ_Hydro,22,deterministic_rejection,0,6,0.0
MZ_Hydro,22,schema_fallback,0,6,0.0
MZ_Hydro,23,set_param,0,6,0.0
MZ_Hydro,23,add_rule,0,6,0.0
MZ_Hydro,23,replace_rule,0,6,0.0
MZ_Hydro,23,remove_rule,0,6,0.0
MZ_Hydro,23,move_rule,0,6,0.0
MZ_Hydro,23,explicit_no_change,6,6,1.0
MZ_Hydro,23,deterministic_rejection,0,6,0.0
MZ_Hydro,23,schema_fallback,0,6,0.0
MZ_Hydro,24,set_param,0,6,0.0
MZ_Hydro,24,add_rule,0,6,0.0
MZ_Hydro,24,replace_rule,0,6,0.0
MZ_Hydro,24,remove_rule,0,6,0.0
MZ_Hydro,24,move_rule,0,6,0.0
MZ_Hydro,24,explicit_no_change,6,6,1.0
MZ_Hydro,24,deterministic_rejection,0,6,0.0
MZ_Hydro,24,schema_fallback,0,6,0.0
MZ_Hydro,25,set_param,0,6,0.0
MZ_Hydro,25,add_rule,0,6,0.0
MZ_Hydro,25,replace_rule,0,6,0.0
MZ_Hydro,25,remove_rule,0,6,0.0
MZ_Hydro,25,move_rule,0,6,0.0
MZ_Hydro,25,explicit_no_change,6,6,1.0
MZ_Hydro,25,deterministic_rejection,0,6,0.0
MZ_Hydro,25,schema_fallback,0,6,0.0
MZ_Hydro,26,set_param,0,6,0.0
MZ_Hydro,26,add_rule,0,6,0.0
MZ_Hydro,26,replace_rule,0,6,0.0
MZ_Hydro,26,remove_rule,0,6,0.0
MZ_Hydro,26,move_rule,0,6,0.0
MZ_Hydro,26,explicit_no_change,6,6,1.0
MZ_Hydro,26,deterministic_rejection,0,6,0.0
MZ_Hydro,26,schema_fallback,0,6,0.0
MZ_Hydro,27,set_param,0,6,0.0
MZ_Hydro,27,add_rule,0,6,0.0
MZ_Hydro,27,replace_rule,0,6,0.0
MZ_Hydro,27,remove_rule,0,6,0.0
MZ_Hydro,27,move_rule,0,6,0.0
MZ_Hydro,27,explicit_no_change,6,6,1.0
MZ_Hydro,27,deterministic_rejection,0,6,0.0
MZ_Hydro,27,schema_fallback,0,6,0.0
MZ_Hydro,28,set_param,0,6,0.0
MZ_Hydro,28,add_rule,0,6,0.0
MZ_Hydro,28,replace_rule,0,6,0.0
MZ_Hydro,28,remove_rule,0,6,0.0
MZ_Hydro,28,move_rule,0,6,0.0
MZ_Hydro,28,explicit_no_change,6,6,1.0
MZ_Hydro,28,deterministic_rejection,0,6,0.0
MZ_Hydro,28,schema_fallback,0,6,0.0
MZ_Hydro,29,set_param,0,6,0.0
MZ_Hydro,29,add_rule,0,6,0.0
MZ_Hydro,29,replace_rule,0,6,0.0
MZ_Hydro,29,remove_rule,0,6,0.0
MZ_Hydro,29,move_rule,0,6,0.0
MZ_Hydro,29,explicit_no_change,6,6,1.0
MZ_Hydro,29,deterministic_rejection,0,6,0.0
MZ_Hydro,29,schema_fallback,0,6,0.0
MZ_Hydro,30,set_param,0,6,0.0
MZ_Hydro,30,add_rule,0,6,0.0
MZ_Hydro,30,replace_rule,0,6,0.0
MZ_Hydro,30,remove_rule,0,6,0.0
MZ_Hydro,30,move_rule,0,6,0.0
MZ_Hydro,30,explicit_no_change,6,6,1.0
MZ_Hydro,30,deterministic_rejection,0,6,0.0
MZ_Hydro,30,schema_fallback,0,6,0.0
MZ_Hydro,31,set_param,0,6,0.0
MZ_Hydro,31,add_rule,0,6,0.0
MZ_Hydro,31,replace_rule,0,6,0.0
MZ_Hydro,31,remove_rule,0,6,0.0
MZ_Hydro,31,move_rule,0,6,0.0
MZ_Hydro,31,explicit_no_change,6,6,1.0
MZ_Hydro,31,deterministic_rejection,0,6,0.0
MZ_Hydro,31,schema_fallback,0,6,0.0
MZ_Hydro,32,set_param,1,6,0.16666666666666666
MZ_Hydro,32,add_rule,0,6,0.0
MZ_Hydro,32,replace_rule,1,6,0.16666666666666666
MZ_Hydro,32,remove_rule,0,6,0.0
MZ_Hydro,32,move_rule,0,6,0.0
MZ_Hydro,32,explicit_no_change,2,6,0.3333333333333333
MZ_Hydro,32,deterministic_rejection,2,6,0.3333333333333333
MZ_Hydro,32,schema_fallback,0,6,0.0
MZ_Hydro,33,set_param,1,6,0.16666666666666666
MZ_Hydro,33,add_rule,0,6,0.0
MZ_Hydro,33,replace_rule,0,6,0.0
MZ_Hydro,33,remove_rule,0,6,0.0
MZ_Hydro,33,move_rule,0,6,0.0
MZ_Hydro,33,explicit_no_change,3,6,0.5
MZ_Hydro,33,deterministic_rejection,2,6,0.3333333333333333
MZ_Hydro,33,schema_fallback,0,6,0.0
MZ_Hydro,34,set_param,2,6,0.3333333333333333
MZ_Hydro,34,add_rule,1,6,0.16666666666666666
MZ_Hydro,34,replace_rule,1,6,0.16666666666666666
MZ_Hydro,34,remove_rule,0,6,0.0
MZ_Hydro,34,move_rule,0,6,0.0
MZ_Hydro,34,explicit_no_change,0,6,0.0
MZ_Hydro,34,deterministic_rejection,2,6,0.3333333333333333
MZ_Hydro,34,schema_fallback,0,6,0.0
MZ_Hydro,35,set_param,1,6,0.16666666666666666
MZ_Hydro,35,add_rule,0,6,0.0
MZ_Hydro,35,replace_rule,2,6,0.3333333333333333
MZ_Hydro,35,remove_rule,1,6,0.16666666666666666
MZ_Hydro,35,move_rule,0,6,0.0
MZ_Hydro,35,explicit_no_change,1,6,0.16666666666666666
MZ_Hydro,35,deterministic_rejection,1,6,0.16666666666666666
MZ_Hydro,35,schema_fallback,0,6,0.0
MZ_Hydro,36,set_param,2,6,0.3333333333333333
MZ_Hydro,36,add_rule,0,6,0.0
MZ_Hydro,36,replace_rule,0,6,0.0
MZ_Hydro,36,remove_rule,0,6,0.0
MZ_Hydro,36,move_rule,0,6,0.0
MZ_Hydro,36,explicit_no_change,1,6,0.16666666666666666
MZ_Hydro,36,deterministic_rejection,3,6,0.5
MZ_Hydro,36,schema_fallback,0,6,0.0
MZ_Hydro,37,set_param,0,6,0.0
MZ_Hydro,37,add_rule,0,6,0.0
MZ_Hydro,37,replace_rule,0,6,0.0
MZ_Hydro,37,remove_rule,0,6,0.0
MZ_Hydro,37,move_rule,0,6,0.0
MZ_Hydro,37,explicit_no_change,1,6,0.16666666666666666
MZ_Hydro,37,deterministic_rejection,3,6,0.5
MZ_Hydro,37,schema_fallback,2,6,0.3333333333333333
MZ_Hydro,38,set_param,0,6,0.0
MZ_Hydro,38,add_rule,0,6,0.0
MZ_Hydro,38,replace_rule,1,6,0.16666666666666666
MZ_Hydro,38,remove_rule,0,6,0.0
MZ_Hydro,38,move_rule,0,6,0.0
MZ_Hydro,38,explicit_no_change,0,6,0.0
MZ_Hydro,38,deterministic_rejection,5,6,0.8333333333333334
MZ_Hydro,38,schema_fallback,0,6,0.0
MZ_Hydro,39,set_param,0,6,0.0
MZ_Hydro,39,add_rule,1,6,0.16666666666666666
MZ_Hydro,39,replace_rule,1,6,0.16666666666666666
MZ_Hydro,39,remove_rule,0,6,0.0
MZ_Hydro,39,move_rule,0,6,0.0
MZ_Hydro,39,explicit_no_change,0,6,0.0
MZ_Hydro,39,deterministic_rejection,2,6,0.3333333333333333
MZ_Hydro,39,schema_fallback,2,6,0.3333333333333333
MZ_Hydro,40,set_param,0,6,0.0
MZ_Hydro,40,add_rule,0,6,0.0
MZ_Hydro,40,replace_rule,1,6,0.16666666666666666
MZ_Hydro,40,remove_rule,0,6,0.0
MZ_Hydro,40,move_rule,1,6,0.16666666666666666
MZ_Hydro,40,explicit_no_change,1,6,0.16666666666666666
MZ_Hydro,40,deterministic_rejection,3,6,0.5
MZ_Hydro,40,schema_fallback,0,6,0.0
MZ_Hydro,41,set_param,0,6,0.0
MZ_Hydro,41,add_rule,0,6,0.0
MZ_Hydro,41,replace_rule,0,6,0.0
MZ_Hydro,41,remove_rule,0,6,0.0
MZ_Hydro,41,move_rule,0,6,0.0
MZ_Hydro,41,explicit_no_change,0,6,0.0
MZ_Hydro,41,deterministic_rejection,5,6,0.8333333333333334
MZ_Hydro,41,schema_fallback,1,6,0.16666666666666666
MZ_Hydro,42,set_param,0,6,0.0
MZ_Hydro,42,add_rule,0,6,0.0
MZ_Hydro,42,replace_rule,0,6,0.0
MZ_Hydro,42,remove_rule,0,6,0.0
MZ_Hydro,42,move_rule,0,6,0.0
MZ_Hydro,42,explicit_no_change,0,6,0.0
MZ_Hydro,42,deterministic_rejection,3,6,0.5
MZ_Hydro,42,schema_fallback,3,6,0.5
MZ_Hydro,43,set_param,0,6,0.0
MZ_Hydro,43,add_rule,1,6,0.16666666666666666
MZ_Hydro,43,replace_rule,0,6,0.0
MZ_Hydro,43,remove_rule,0,6,0.0
MZ_Hydro,43,move_rule,0,6,0.0
MZ_Hydro,43,explicit_no_change,1,6,0.16666666666666666
MZ_Hydro,43,deterministic_rejection,4,6,0.6666666666666666
MZ_Hydro,43,schema_fallback,0,6,0.0
MZ_Hydro,44,set_param,0,6,0.0
MZ_Hydro,44,add_rule,0,6,0.0
MZ_Hydro,44,replace_rule,3,6,0.5
MZ_Hydro,44,remove_rule,0,6,0.0
MZ_Hydro,44,move_rule,0,6,0.0
MZ_Hydro,44,explicit_no_change,0,6,0.0
MZ_Hydro,44,deterministic_rejection,2,6,0.3333333333333333
MZ_Hydro,44,schema_fallback,1,6,0.16666666666666666
MZ_Hydro,45,set_param,0,6,0.0
MZ_Hydro,45,add_rule,0,6,0.0
MZ_Hydro,45,replace_rule,0,6,0.0
MZ_Hydro,45,remove_rule,0,6,0.0
MZ_Hydro,45,move_rule,0,6,0.0
MZ_Hydro,45,explicit_no_change,6,6,1.0
MZ_Hydro,45,deterministic_rejection,0,6,0.0
MZ_Hydro,45,schema_fallback,0,6,0.0
MZ_Hydro,46,set_param,0,6,0.0
MZ_Hydro,46,add_rule,0,6,0.0
MZ_Hydro,46,replace_rule,0,6,0.0
MZ_Hydro,46,remove_rule,0,6,0.0
MZ_Hydro,46,move_rule,0,6,0.0
MZ_Hydro,46,explicit_no_change,6,6,1.0
MZ_Hydro,46,deterministic_rejection,0,6,0.0
MZ_Hydro,46,schema_fallback,0,6,0.0
MZ_Hydro,47,set_param,0,6,0.0
MZ_Hydro,47,add_rule,0,6,0.0
MZ_Hydro,47,replace_rule,0,6,0.0
MZ_Hydro,47,remove_rule,0,6,0.0
MZ_Hydro,47,move_rule,0,6,0.0
MZ_Hydro,47,explicit_no_change,5,6,0.8333333333333334
MZ_Hydro,47,deterministic_rejection,0,6,0.0
MZ_Hydro,47,schema_fallback,1,6,0.16666666666666666
MZ_Hydro,48,set_param,0,6,0.0
MZ_Hydro,48,add_rule,0,6,0.0
MZ_Hydro,48,replace_rule,0,6,0.0
MZ_Hydro,48,remove_rule,0,6,0.0
MZ_Hydro,48,move_rule,0,6,0.0
MZ_Hydro,48,explicit_no_change,6,6,1.0
MZ_Hydro,48,deterministic_rejection,0,6,0.0
MZ_Hydro,48,schema_fallback,0,6,0.0
MZ_Hydro,49,set_param,0,6,0.0
MZ_Hydro,49,add_rule,0,6,0.0
MZ_Hydro,49,replace_rule,0,6,0.0
MZ_Hydro,49,remove_rule,0,6,0.0
MZ_Hydro,49,move_rule,0,6,0.0
MZ_Hydro,49,explicit_no_change,6,6,1.0
MZ_Hydro,49,deterministic_rejection,0,6,0.0
MZ_Hydro,49,schema_fallback,0,6,0.0
MZ_Hydro,50,set_param,0,6,0.0
MZ_Hydro,50,add_rule,0,6,0.0
MZ_Hydro,50,replace_rule,0,6,0.0
MZ_Hydro,50,remove_rule,0,6,0.0
MZ_Hydro,50,move_rule,0,6,0.0
MZ_Hydro,50,explicit_no_change,6,6,1.0
MZ_Hydro,50,deterministic_rejection,0,6,0.0
MZ_Hydro,50,schema_fallback,0,6,0.0
MZ_Hydro,51,set_param,0,6,0.0
MZ_Hydro,51,add_rule,0,6,0.0
MZ_Hydro,51,replace_rule,0,6,0.0
MZ_Hydro,51,remove_rule,0,6,0.0
MZ_Hydro,51,move_rule,0,6,0.0
MZ_Hydro,51,explicit_no_change,6,6,1.0
MZ_Hydro,51,deterministic_rejection,0,6,0.0
MZ_Hydro,51,schema_fallback,0,6,0.0
MZ_Hydro,52,set_param,0,6,0.0
MZ_Hydro,52,add_rule,0,6,0.0
MZ_Hydro,52,replace_rule,0,6,0.0
MZ_Hydro,52,remove_rule,0,6,0.0
MZ_Hydro,52,move_rule,0,6,0.0
MZ_Hydro,52,explicit_no_change,6,6,1.0
MZ_Hydro,52,deterministic_rejection,0,6,0.0
MZ_Hydro,52,schema_fallback,0,6,0.0
MZ_Hydro,53,set_param,0,6,0.0
MZ_Hydro,53,add_rule,0,6,0.0
MZ_Hydro,53,replace_rule,0,6,0.0
MZ_Hydro,53,remove_rule,0,6,0.0
MZ_Hydro,53,move_rule,0,6,0.0
MZ_Hydro,53,explicit_no_change,6,6,1.0
MZ_Hydro,53,deterministic_rejection,0,6,0.0
MZ_Hydro,53,schema_fallback,0,6,0.0
MZ_Hydro,54,set_param,0,6,0.0
MZ_Hydro,54,add_rule,0,6,0.0
MZ_Hydro,54,replace_rule,0,6,0.0
MZ_Hydro,54,remove_rule,0,6,0.0
MZ_Hydro,54,move_rule,0,6,0.0
MZ_Hydro,54,explicit_no_change,6,6,1.0
MZ_Hydro,54,deterministic_rejection,0,6,0.0
MZ_Hydro,54,schema_fallback,0,6,0.0
MZ_Hydro,55,set_param,0,6,0.0
MZ_Hydro,55,add_rule,0,6,0.0
MZ_Hydro,55,replace_rule,1,6,0.16666666666666666
MZ_Hydro,55,remove_rule,0,6,0.0
MZ_Hydro,55,move_rule,0,6,0.0
MZ_Hydro,55,explicit_no_change,4,6,0.6666666666666666
MZ_Hydro,55,deterministic_rejection,1,6,0.16666666666666666
MZ_Hydro,55,schema_fallback,0,6,0.0
MZ_Hydro,56,set_param,1,6,0.16666666666666666
MZ_Hydro,56,add_rule,0,6,0.0
MZ_Hydro,56,replace_rule,1,6,0.16666666666666666
MZ_Hydro,56,remove_rule,0,6,0.0
MZ_Hydro,56,move_rule,0,6,0.0
MZ_Hydro,56,explicit_no_change,1,6,0.16666666666666666
MZ_Hydro,56,deterministic_rejection,2,6,0.3333333333333333
MZ_Hydro,56,schema_fallback,1,6,0.16666666666666666
MZ_Hydro,57,set_param,1,6,0.16666666666666666
MZ_Hydro,57,add_rule,0,6,0.0
MZ_Hydro,57,replace_rule,1,6,0.16666666666666666
MZ_Hydro,57,remove_rule,0,6,0.0
MZ_Hydro,57,move_rule,0,6,0.0
MZ_Hydro,57,explicit_no_change,0,6,0.0
MZ_Hydro,57,deterministic_rejection,4,6,0.6666666666666666
MZ_Hydro,57,schema_fallback,0,6,0.0
MZ_Hydro,58,set_param,2,6,0.3333333333333333
MZ_Hydro,58,add_rule,0,6,0.0
MZ_Hydro,58,replace_rule,2,6,0.3333333333333333
MZ_Hydro,58,remove_rule,0,6,0.0
MZ_Hydro,58,move_rule,0,6,0.0
MZ_Hydro,58,explicit_no_change,0,6,0.0
MZ_Hydro,58,deterministic_rejection,2,6,0.3333333333333333
MZ_Hydro,58,schema_fallback,0,6,0.0
MZ_Hydro,59,set_param,0,6,0.0
MZ_Hydro,59,add_rule,0,6,0.0
MZ_Hydro,59,replace_rule,3,6,0.5
MZ_Hydro,59,remove_rule,0,6,0.0
MZ_Hydro,59,move_rule,0,6,0.0
MZ_Hydro,59,explicit_no_change,1,6,0.16666666666666666
MZ_Hydro,59,deterministic_rejection,2,6,0.3333333333333333
MZ_Hydro,59,schema_fallback,0,6,0.0
MZ_Hydro,60,set_param,0,6,0.0
MZ_Hydro,60,add_rule,0,6,0.0
MZ_Hydro,60,replace_rule,1,6,0.16666666666666666
MZ_Hydro,60,remove_rule,0,6,0.0
MZ_Hydro,60,move_rule,0,6,0.0
MZ_Hydro,60,explicit_no_change,1,6,0.16666666666666666
MZ_Hydro,60,deterministic_rejection,3,6,0.5
MZ_Hydro,60,schema_fallback,1,6,0.16666666666666666
MZ_Hydro,61,set_param,1,6,0.16666666666666666
MZ_Hydro,61,add_rule,0,6,0.0
MZ_Hydro,61,replace_rule,0,6,0.0
MZ_Hydro,61,remove_rule,0,6,0.0
MZ_Hydro,61,move_rule,0,6,0.0
MZ_Hydro,61,explicit_no_change,1,6,0.16666666666666666
MZ_Hydro,61,deterministic_rejection,3,6,0.5
MZ_Hydro,61,schema_fallback,1,6,0.16666666666666666
MZ_Hydro,62,set_param,1,6,0.16666666666666666
MZ_Hydro,62,add_rule,0,6,0.0
MZ_Hydro,62,replace_rule,1,6,0.16666666666666666
MZ_Hydro,62,remove_rule,0,6,0.0
MZ_Hydro,62,move_rule,0,6,0.0
MZ_Hydro,62,explicit_no_change,1,6,0.16666666666666666
MZ_Hydro,62,deterministic_rejection,3,6,0.5
MZ_Hydro,62,schema_fallback,0,6,0.0
MZ_Hydro,63,set_param,0,6,0.0
MZ_Hydro,63,add_rule,2,6,0.3333333333333333
MZ_Hydro,63,replace_rule,1,6,0.16666666666666666
MZ_Hydro,63,remove_rule,0,6,0.0
MZ_Hydro,63,move_rule,0,6,0.0
MZ_Hydro,63,explicit_no_change,0,6,0.0
MZ_Hydro,63,deterministic_rejection,3,6,0.5
MZ_Hydro,63,schema_fallback,0,6,0.0
MZ_Hydro,64,set_param,1,6,0.16666666666666666
MZ_Hydro,64,add_rule,0,6,0.0
MZ_Hydro,64,replace_rule,1,6,0.16666666666666666
MZ_Hydro,64,remove_rule,0,6,0.0
MZ_Hydro,64,move_rule,0,6,0.0
MZ_Hydro,64,explicit_no_change,2,6,0.3333333333333333
MZ_Hydro,64,deterministic_rejection,1,6,0.16666666666666666
MZ_Hydro,64,schema_fallback,1,6,0.16666666666666666
MZ_Hydro,65,set_param,0,6,0.0
MZ_Hydro,65,add_rule,0,6,0.0
MZ_Hydro,65,replace_rule,3,6,0.5
MZ_Hydro,65,remove_rule,0,6,0.0
MZ_Hydro,65,move_rule,0,6,0.0
MZ_Hydro,65,explicit_no_change,0,6,0.0
MZ_Hydro,65,deterministic_rejection,3,6,0.5
MZ_Hydro,65,schema_fallback,0,6,0.0
MZ_Hydro,66,set_param,0,6,0.0
MZ_Hydro,66,add_rule,1,6,0.16666666666666666
MZ_Hydro,66,replace_rule,2,6,0.3333333333333333
MZ_Hydro,66,remove_rule,0,6,0.0
MZ_Hydro,66,move_rule,0,6,0.0
MZ_Hydro,66,explicit_no_change,1,6,0.16666666666666666
MZ_Hydro,66,deterministic_rejection,1,6,0.16666666666666666
MZ_Hydro,66,schema_fallback,1,6,0.16666666666666666
MZ_Hydro,67,set_param,0,6,0.0
MZ_Hydro,67,add_rule,1,6,0.16666666666666666
MZ_Hydro,67,replace_rule,3,6,0.5
MZ_Hydro,67,remove_rule,1,6,0.16666666666666666
MZ_Hydro,67,move_rule,0,6,0.0
MZ_Hydro,67,explicit_no_change,0,6,0.0
MZ_Hydro,67,deterministic_rejection,1,6,0.16666666666666666
MZ_Hydro,67,schema_fallback,0,6,0.0
MZ_Hydro,68,set_param,1,6,0.16666666666666666
MZ_Hydro,68,add_rule,0,6,0.0
MZ_Hydro,68,replace_rule,2,6,0.3333333333333333
MZ_Hydro,68,remove_rule,0,6,0.0
MZ_Hydro,68,move_rule,0,6,0.0
MZ_Hydro,68,explicit_no_change,1,6,0.16666666666666666
MZ_Hydro,68,deterministic_rejection,2,6,0.3333333333333333
MZ_Hydro,68,schema_fallback,0,6,0.0
MZ_Hydro,69,set_param,0,6,0.0
MZ_Hydro,69,add_rule,0,6,0.0
MZ_Hydro,69,replace_rule,2,6,0.3333333333333333
MZ_Hydro,69,remove_rule,0,6,0.0
MZ_Hydro,69,move_rule,0,6,0.0
MZ_Hydro,69,explicit_no_change,3,6,0.5
MZ_Hydro,69,deterministic_rejection,1,6,0.16666666666666666
MZ_Hydro,69,schema_fallback,0,6,0.0
MZ_Hydro,70,set_param,0,6,0.0
MZ_Hydro,70,add_rule,0,6,0.0
MZ_Hydro,70,replace_rule,2,6,0.3333333333333333
MZ_Hydro,70,remove_rule,0,6,0.0
MZ_Hydro,70,move_rule,0,6,0.0
MZ_Hydro,70,explicit_no_change,4,6,0.6666666666666666
MZ_Hydro,70,deterministic_rejection,0,6,0.0
MZ_Hydro,70,schema_fallback,0,6,0.0
MZ_Hydro,71,set_param,0,6,0.0
MZ_Hydro,71,add_rule,0,6,0.0
MZ_Hydro,71,replace_rule,0,6,0.0
MZ_Hydro,71,remove_rule,0,6,0.0
MZ_Hydro,71,move_rule,0,6,0.0
MZ_Hydro,71,explicit_no_change,6,6,1.0
MZ_Hydro,71,deterministic_rejection,0,6,0.0
MZ_Hydro,71,schema_fallback,0,6,0.0
MZ_Hydro,72,set_param,0,6,0.0
MZ_Hydro,72,add_rule,0,6,0.0
MZ_Hydro,72,replace_rule,0,6,0.0
MZ_Hydro,72,remove_rule,0,6,0.0
MZ_Hydro,72,move_rule,0,6,0.0
MZ_Hydro,72,explicit_no_change,6,6,1.0
MZ_Hydro,72,deterministic_rejection,0,6,0.0
MZ_Hydro,72,schema_fallback,0,6,0.0
MZ_Hydro,73,set_param,0,6,0.0
MZ_Hydro,73,add_rule,0,6,0.0
MZ_Hydro,73,replace_rule,0,6,0.0
MZ_Hydro,73,remove_rule,0,6,0.0
MZ_Hydro,73,move_rule,0,6,0.0
MZ_Hydro,73,explicit_no_change,6,6,1.0
MZ_Hydro,73,deterministic_rejection,0,6,0.0
MZ_Hydro,73,schema_fallback,0,6,0.0
MZ_Hydro,74,set_param,0,6,0.0
MZ_Hydro,74,add_rule,0,6,0.0
MZ_Hydro,74,replace_rule,0,6,0.0
MZ_Hydro,74,remove_rule,0,6,0.0
MZ_Hydro,74,move_rule,0,6,0.0
MZ_Hydro,74,explicit_no_change,6,6,1.0
MZ_Hydro,74,deterministic_rejection,0,6,0.0
MZ_Hydro,74,schema_fallback,0,6,0.0
MZ_Hydro,75,set_param,0,6,0.0
MZ_Hydro,75,add_rule,0,6,0.0
MZ_Hydro,75,replace_rule,0,6,0.0
MZ_Hydro,75,remove_rule,0,6,0.0
MZ_Hydro,75,move_rule,0,6,0.0
MZ_Hydro,75,explicit_no_change,6,6,1.0
MZ_Hydro,75,deterministic_rejection,0,6,0.0
MZ_Hydro,75,schema_fallback,0,6,0.0
MZ_Hydro,76,set_param,0,6,0.0
MZ_Hydro,76,add_rule,0,6,0.0
MZ_Hydro,76,replace_rule,0,6,0.0
MZ_Hydro,76,remove_rule,0,6,0.0
MZ_Hydro,76,move_rule,0,6,0.0
MZ_Hydro,76,explicit_no_change,6,6,1.0
MZ_Hydro,76,deterministic_rejection,0,6,0.0
MZ_Hydro,76,schema_fallback,0,6,0.0
MZ_Hydro,77,set_param,0,6,0.0
MZ_Hydro,77,add_rule,0,6,0.0
MZ_Hydro,77,replace_rule,0,6,0.0
MZ_Hydro,77,remove_rule,0,6,0.0
MZ_Hydro,77,move_rule,0,6,0.0
MZ_Hydro,77,explicit_no_change,6,6,1.0
MZ_Hydro,77,deterministic_rejection,0,6,0.0
MZ_Hydro,77,schema_fallback,0,6,0.0
MZ_Hydro,78,set_param,0,6,0.0
MZ_Hydro,78,add_rule,0,6,0.0
MZ_Hydro,78,replace_rule,0,6,0.0
MZ_Hydro,78,remove_rule,0,6,0.0
MZ_Hydro,78,move_rule,0,6,0.0
MZ_Hydro,78,explicit_no_change,6,6,1.0
MZ_Hydro,78,deterministic_rejection,0,6,0.0
MZ_Hydro,78,schema_fallback,0,6,0.0
MZ_Hydro,79,set_param,0,6,0.0
MZ_Hydro,79,add_rule,0,6,0.0
MZ_Hydro,79,replace_rule,0,6,0.0
MZ_Hydro,79,remove_rule,0,6,0.0
MZ_Hydro,79,move_rule,0,6,0.0
MZ_Hydro,79,explicit_no_change,6,6,1.0
MZ_Hydro,79,deterministic_rejection,0,6,0.0
MZ_Hydro,79,schema_fallback,0,6,0.0
MZ_Hydro,80,set_param,3,6,0.5
MZ_Hydro,80,add_rule,0,6,0.0
MZ_Hydro,80,replace_rule,2,6,0.3333333333333333
MZ_Hydro,80,remove_rule,0,6,0.0
MZ_Hydro,80,move_rule,0,6,0.0
MZ_Hydro,80,explicit_no_change,1,6,0.16666666666666666
MZ_Hydro,80,deterministic_rejection,0,6,0.0
MZ_Hydro,80,schema_fallback,0,6,0.0
MZ_Hydro,81,set_param,3,6,0.5
MZ_Hydro,81,add_rule,0,6,0.0
MZ_Hydro,81,replace_rule,2,6,0.3333333333333333
MZ_Hydro,81,remove_rule,0,6,0.0
MZ_Hydro,81,move_rule,0,6,0.0
MZ_Hydro,81,explicit_no_change,0,6,0.0
MZ_Hydro,81,deterministic_rejection,1,6,0.16666666666666666
MZ_Hydro,81,schema_fallback,0,6,0.0
MZ_Hydro,82,set_param,3,6,0.5
MZ_Hydro,82,add_rule,0,6,0.0
MZ_Hydro,82,replace_rule,1,6,0.16666666666666666
MZ_Hydro,82,remove_rule,0,6,0.0
MZ_Hydro,82,move_rule,0,6,0.0
MZ_Hydro,82,explicit_no_change,0,6,0.0
MZ_Hydro,82,deterministic_rejection,2,6,0.3333333333333333
MZ_Hydro,82,schema_fallback,0,6,0.0
MZ_Hydro,83,set_param,1,6,0.16666666666666666
MZ_Hydro,83,add_rule,1,6,0.16666666666666666
MZ_Hydro,83,replace_rule,3,6,0.5
MZ_Hydro,83,remove_rule,0,6,0.0
MZ_Hydro,83,move_rule,0,6,0.0
MZ_Hydro,83,explicit_no_change,0,6,0.0
MZ_Hydro,83,deterministic_rejection,1,6,0.16666666666666666
MZ_Hydro,83,schema_fallback,0,6,0.0
MZ_Hydro,84,set_param,1,6,0.16666666666666666
MZ_Hydro,84,add_rule,2,6,0.3333333333333333
MZ_Hydro,84,replace_rule,2,6,0.3333333333333333
MZ_Hydro,84,remove_rule,1,6,0.16666666666666666
MZ_Hydro,84,move_rule,0,6,0.0
MZ_Hydro,84,explicit_no_change,0,6,0.0
MZ_Hydro,84,deterministic_rejection,0,6,0.0
MZ_Hydro,84,schema_fallback,0,6,0.0
MZ_Hydro,85,set_param,0,6,0.0
MZ_Hydro,85,add_rule,0,6,0.0
MZ_Hydro,85,replace_rule,3,6,0.5
MZ_Hydro,85,remove_rule,1,6,0.16666666666666666
MZ_Hydro,85,move_rule,0,6,0.0
MZ_Hydro,85,explicit_no_change,1,6,0.16666666666666666
MZ_Hydro,85,deterministic_rejection,1,6,0.16666666666666666
MZ_Hydro,85,schema_fallback,0,6,0.0
MZ_Hydro,86,set_param,0,6,0.0
MZ_Hydro,86,add_rule,0,6,0.0
MZ_Hydro,86,replace_rule,4,6,0.6666666666666666
MZ_Hydro,86,remove_rule,0,6,0.0
MZ_Hydro,86,move_rule,0,6,0.0
MZ_Hydro,86,explicit_no_change,0,6,0.0
MZ_Hydro,86,deterministic_rejection,1,6,0.16666666666666666
MZ_Hydro,86,schema_fallback,1,6,0.16666666666666666
MZ_Hydro,87,set_param,1,6,0.16666666666666666
MZ_Hydro,87,add_rule,1,6,0.16666666666666666
MZ_Hydro,87,replace_rule,3,6,0.5
MZ_Hydro,87,remove_rule,0,6,0.0
MZ_Hydro,87,move_rule,0,6,0.0
MZ_Hydro,87,explicit_no_change,0,6,0.0
MZ_Hydro,87,deterministic_rejection,0,6,0.0
MZ_Hydro,87,schema_fallback,1,6,0.16666666666666666
MZ_Hydro,88,set_param,1,6,0.16666666666666666
MZ_Hydro,88,add_rule,0,6,0.0
MZ_Hydro,88,replace_rule,3,6,0.5
MZ_Hydro,88,remove_rule,0,6,0.0
MZ_Hydro,88,move_rule,0,6,0.0
MZ_Hydro,88,explicit_no_change,1,6,0.16666666666666666
MZ_Hydro,88,deterministic_rejection,1,6,0.16666666666666666
MZ_Hydro,88,schema_fallback,0,6,0.0
MZ_Hydro,89,set_param,0,6,0.0
MZ_Hydro,89,add_rule,0,6,0.0
MZ_Hydro,89,replace_rule,2,6,0.3333333333333333
MZ_Hydro,89,remove_rule,0,6,0.0
MZ_Hydro,89,move_rule,0,6,0.0
MZ_Hydro,89,explicit_no_change,1,6,0.16666666666666666
MZ_Hydro,89,deterministic_rejection,1,6,0.16666666666666666
MZ_Hydro,89,schema_fallback,2,6,0.3333333333333333
MZ_Hydro,90,set_param,0,6,0.0
MZ_Hydro,90,add_rule,0,6,0.0
MZ_Hydro,90,replace_rule,3,6,0.5
MZ_Hydro,90,remove_rule,1,6,0.16666666666666666
MZ_Hydro,90,move_rule,0,6,0.0
MZ_Hydro,90,explicit_no_change,0,6,0.0
MZ_Hydro,90,deterministic_rejection,1,6,0.16666666666666666
MZ_Hydro,90,schema_fallback,1,6,0.16666666666666666
MZ_Hydro,91,set_param,0,6,0.0
MZ_Hydro,91,add_rule,0,6,0.0
MZ_Hydro,91,replace_rule,2,6,0.3333333333333333
MZ_Hydro,91,remove_rule,0,6,0.0
MZ_Hydro,91,move_rule,0,6,0.0
MZ_Hydro,91,explicit_no_change,2,6,0.3333333333333333
MZ_Hydro,91,deterministic_rejection,1,6,0.16666666666666666
MZ_Hydro,91,schema_fallback,1,6,0.16666666666666666
MZ_Hydro,92,set_param,1,6,0.16666666666666666
MZ_Hydro,92,add_rule,0,6,0.0
MZ_Hydro,92,replace_rule,3,6,0.5
MZ_Hydro,92,remove_rule,0,6,0.0
MZ_Hydro,92,move_rule,0,6,0.0
MZ_Hydro,92,explicit_no_change,2,6,0.3333333333333333
MZ_Hydro,92,deterministic_rejection,0,6,0.0
MZ_Hydro,92,schema_fallback,0,6,0.0
MZ_Hydro,93,set_param,0,6,0.0
MZ_Hydro,93,add_rule,0,6,0.0
MZ_Hydro,93,replace_rule,2,6,0.3333333333333333
MZ_Hydro,93,remove_rule,0,6,0.0
MZ_Hydro,93,move_rule,0,6,0.0
MZ_Hydro,93,explicit_no_change,2,6,0.3333333333333333
MZ_Hydro,93,deterministic_rejection,2,6,0.3333333333333333
MZ_Hydro,93,schema_fallback,0,6,0.0
MZ_Hydro,94,set_param,1,6,0.16666666666666666
MZ_Hydro,94,add_rule,0,6,0.0
MZ_Hydro,94,replace_rule,0,6,0.0
MZ_Hydro,94,remove_rule,0,6,0.0
MZ_Hydro,94,move_rule,0,6,0.0
MZ_Hydro,94,explicit_no_change,4,6,0.6666666666666666
MZ_Hydro,94,deterministic_rejection,1,6,0.16666666666666666
MZ_Hydro,94,schema_fallback,0,6,0.0
MZ_Hydro,95,set_param,1,6,0.16666666666666666
MZ_Hydro,95,add_rule,0,6,0.0
MZ_Hydro,95,replace_rule,0,6,0.0
MZ_Hydro,95,remove_rule,0,6,0.0
MZ_Hydro,95,move_rule,0,6,0.0
MZ_Hydro,95,explicit_no_change,5,6,0.8333333333333334
MZ_Hydro,95,deterministic_rejection,0,6,0.0
MZ_Hydro,95,schema_fallback,0,6,0.0
MZ_Hydro,96,set_param,0,6,0.0
MZ_Hydro,96,add_rule,0,6,0.0
MZ_Hydro,96,replace_rule,0,6,0.0
MZ_Hydro,96,remove_rule,0,6,0.0
MZ_Hydro,96,move_rule,0,6,0.0
MZ_Hydro,96,explicit_no_change,6,6,1.0
MZ_Hydro,96,deterministic_rejection,0,6,0.0
MZ_Hydro,96,schema_fallback,0,6,0.0
MZ_Hydro,97,set_param,0,6,0.0
MZ_Hydro,97,add_rule,0,6,0.0
MZ_Hydro,97,replace_rule,1,6,0.16666666666666666
MZ_Hydro,97,remove_rule,0,6,0.0
MZ_Hydro,97,move_rule,0,6,0.0
MZ_Hydro,97,explicit_no_change,5,6,0.8333333333333334
MZ_Hydro,97,deterministic_rejection,0,6,0.0
MZ_Hydro,97,schema_fallback,0,6,0.0
MZ_Hydro,98,set_param,0,6,0.0
MZ_Hydro,98,add_rule,0,6,0.0
MZ_Hydro,98,replace_rule,0,6,0.0
MZ_Hydro,98,remove_rule,0,6,0.0
MZ_Hydro,98,move_rule,0,6,0.0
MZ_Hydro,98,explicit_no_change,6,6,1.0
MZ_Hydro,98,deterministic_rejection,0,6,0.0
MZ_Hydro,98,schema_fallback,0,6,0.0
MZ_Hydro,99,set_param,0,6,0.0
MZ_Hydro,99,add_rule,0,6,0.0
MZ_Hydro,99,replace_rule,0,6,0.0
MZ_Hydro,99,remove_rule,0,6,0.0
MZ_Hydro,99,move_rule,0,6,0.0
MZ_Hydro,99,explicit_no_change,6,6,1.0
MZ_Hydro,99,deterministic_rejection,0,6,0.0
MZ_Hydro,99,schema_fallback,0,6,0.0
MZ_Hydro,100,set_param,0,6,0.0
MZ_Hydro,100,add_rule,0,6,0.0
MZ_Hydro,100,replace_rule,0,6,0.0
MZ_Hydro,100,remove_rule,0,6,0.0
MZ_Hydro,100,move_rule,0,6,0.0
MZ_Hydro,100,explicit_no_change,6,6,1.0
MZ_Hydro,100,deterministic_rejection,0,6,0.0
MZ_Hydro,100,schema_fallback,0,6,0.0
MZ_Hydro,101,set_param,0,6,0.0
MZ_Hydro,101,add_rule,0,6,0.0
MZ_Hydro,101,replace_rule,0,6,0.0
MZ_Hydro,101,remove_rule,0,6,0.0
MZ_Hydro,101,move_rule,0,6,0.0
MZ_Hydro,101,explicit_no_change,6,6,1.0
MZ_Hydro,101,deterministic_rejection,0,6,0.0
MZ_Hydro,101,schema_fallback,0,6,0.0
MZ_Hydro,102,set_param,0,6,0.0
MZ_Hydro,102,add_rule,0,6,0.0
MZ_Hydro,102,replace_rule,0,6,0.0
MZ_Hydro,102,remove_rule,0,6,0.0
MZ_Hydro,102,move_rule,0,6,0.0
MZ_Hydro,102,explicit_no_change,6,6,1.0
MZ_Hydro,102,deterministic_rejection,0,6,0.0
MZ_Hydro,102,schema_fallback,0,6,0.0
MZ_Hydro,103,set_param,0,6,0.0
MZ_Hydro,103,add_rule,0,6,0.0
MZ_Hydro,103,replace_rule,1,6,0.16666666666666666
MZ_Hydro,103,remove_rule,0,6,0.0
MZ_Hydro,103,move_rule,0,6,0.0
MZ_Hydro,103,explicit_no_change,5,6,0.8333333333333334
MZ_Hydro,103,deterministic_rejection,0,6,0.0
MZ_Hydro,103,schema_fallback,0,6,0.0
MZ_Hydro,104,set_param,3,6,0.5
MZ_Hydro,104,add_rule,0,6,0.0
MZ_Hydro,104,replace_rule,1,6,0.16666666666666666
MZ_Hydro,104,remove_rule,0,6,0.0
MZ_Hydro,104,move_rule,0,6,0.0
MZ_Hydro,104,explicit_no_change,0,6,0.0
MZ_Hydro,104,deterministic_rejection,2,6,0.3333333333333333
MZ_Hydro,104,schema_fallback,0,6,0.0
MZ_Hydro,105,set_param,3,6,0.5
MZ_Hydro,105,add_rule,0,6,0.0
MZ_Hydro,105,replace_rule,3,6,0.5
MZ_Hydro,105,remove_rule,0,6,0.0
MZ_Hydro,105,move_rule,0,6,0.0
MZ_Hydro,105,explicit_no_change,0,6,0.0
MZ_Hydro,105,deterministic_rejection,0,6,0.0
MZ_Hydro,105,schema_fallback,0,6,0.0
MZ_Hydro,106,set_param,1,6,0.16666666666666666
MZ_Hydro,106,add_rule,1,6,0.16666666666666666
MZ_Hydro,106,replace_rule,2,6,0.3333333333333333
MZ_Hydro,106,remove_rule,0,6,0.0
MZ_Hydro,106,move_rule,0,6,0.0
MZ_Hydro,106,explicit_no_change,0,6,0.0
MZ_Hydro,106,deterministic_rejection,2,6,0.3333333333333333
MZ_Hydro,106,schema_fallback,0,6,0.0
MZ_Hydro,107,set_param,0,6,0.0
MZ_Hydro,107,add_rule,0,6,0.0
MZ_Hydro,107,replace_rule,4,6,0.6666666666666666
MZ_Hydro,107,remove_rule,0,6,0.0
MZ_Hydro,107,move_rule,0,6,0.0
MZ_Hydro,107,explicit_no_change,0,6,0.0
MZ_Hydro,107,deterministic_rejection,2,6,0.3333333333333333
MZ_Hydro,107,schema_fallback,0,6,0.0
MZ_Hydro,108,set_param,1,6,0.16666666666666666
MZ_Hydro,108,add_rule,1,6,0.16666666666666666
MZ_Hydro,108,replace_rule,2,6,0.3333333333333333
MZ_Hydro,108,remove_rule,0,6,0.0
MZ_Hydro,108,move_rule,0,6,0.0
MZ_Hydro,108,explicit_no_change,0,6,0.0
MZ_Hydro,108,deterministic_rejection,2,6,0.3333333333333333
MZ_Hydro,108,schema_fallback,0,6,0.0
MZ_Hydro,109,set_param,0,6,0.0
MZ_Hydro,109,add_rule,0,6,0.0
MZ_Hydro,109,replace_rule,2,6,0.3333333333333333
MZ_Hydro,109,remove_rule,1,6,0.16666666666666666
MZ_Hydro,109,move_rule,0,6,0.0
MZ_Hydro,109,explicit_no_change,1,6,0.16666666666666666
MZ_Hydro,109,deterministic_rejection,2,6,0.3333333333333333
MZ_Hydro,109,schema_fallback,0,6,0.0
MZ_Hydro,110,set_param,1,6,0.16666666666666666
MZ_Hydro,110,add_rule,1,6,0.16666666666666666
MZ_Hydro,110,replace_rule,0,6,0.0
MZ_Hydro,110,remove_rule,1,6,0.16666666666666666
MZ_Hydro,110,move_rule,0,6,0.0
MZ_Hydro,110,explicit_no_change,0,6,0.0
MZ_Hydro,110,deterministic_rejection,3,6,0.5
MZ_Hydro,110,schema_fallback,0,6,0.0
MZ_Hydro,111,set_param,0,6,0.0
MZ_Hydro,111,add_rule,0,6,0.0
MZ_Hydro,111,replace_rule,0,6,0.0
MZ_Hydro,111,remove_rule,1,6,0.16666666666666666
MZ_Hydro,111,move_rule,0,6,0.0
MZ_Hydro,111,explicit_no_change,0,6,0.0
MZ_Hydro,111,deterministic_rejection,5,6,0.8333333333333334
MZ_Hydro,111,schema_fallback,0,6,0.0
MZ_Hydro,112,set_param,0,6,0.0
MZ_Hydro,112,add_rule,0,6,0.0
MZ_Hydro,112,replace_rule,1,6,0.16666666666666666
MZ_Hydro,112,remove_rule,2,6,0.3333333333333333
MZ_Hydro,112,move_rule,0,6,0.0
MZ_Hydro,112,explicit_no_change,1,6,0.16666666666666666
MZ_Hydro,112,deterministic_rejection,2,6,0.3333333333333333
MZ_Hydro,112,schema_fallback,0,6,0.0
MZ_Hydro,113,set_param,0,6,0.0
MZ_Hydro,113,add_rule,0,6,0.0
MZ_Hydro,113,replace_rule,0,6,0.0
MZ_Hydro,113,remove_rule,0,6,0.0
MZ_Hydro,113,move_rule,0,6,0.0
MZ_Hydro,113,explicit_no_change,3,6,0.5
MZ_Hydro,113,deterministic_rejection,2,6,0.3333333333333333
MZ_Hydro,113,schema_fallback,1,6,0.16666666666666666
MZ_Hydro,114,set_param,0,6,0.0
MZ_Hydro,114,add_rule,0,6,0.0
MZ_Hydro,114,replace_rule,1,6,0.16666666666666666
MZ_Hydro,114,remove_rule,0,6,0.0
MZ_Hydro,114,move_rule,0,6,0.0
MZ_Hydro,114,explicit_no_change,4,6,0.6666666666666666
MZ_Hydro,114,deterministic_rejection,1,6,0.16666666666666666
MZ_Hydro,114,schema_fallback,0,6,0.0
MZ_Hydro,115,set_param,0,6,0.0
MZ_Hydro,115,add_rule,0,6,0.0
MZ_Hydro,115,replace_rule,1,6,0.16666666666666666
MZ_Hydro,115,remove_rule,0,6,0.0
MZ_Hydro,115,move_rule,0,6,0.0
MZ_Hydro,115,explicit_no_change,4,6,0.6666666666666666
MZ_Hydro,115,deterministic_rejection,0,6,0.0
MZ_Hydro,115,schema_fallback,1,6,0.16666666666666666
MZ_Hydro,116,set_param,0,6,0.0
MZ_Hydro,116,add_rule,1,6,0.16666666666666666
MZ_Hydro,116,replace_rule,3,6,0.5
MZ_Hydro,116,remove_rule,0,6,0.0
MZ_Hydro,116,move_rule,0,6,0.0
MZ_Hydro,116,explicit_no_change,1,6,0.16666666666666666
MZ_Hydro,116,deterministic_rejection,1,6,0.16666666666666666
MZ_Hydro,116,schema_fallback,0,6,0.0
MZ_Hydro,117,set_param,0,6,0.0
MZ_Hydro,117,add_rule,0,6,0.0
MZ_Hydro,117,replace_rule,0,6,0.0
MZ_Hydro,117,remove_rule,0,6,0.0
MZ_Hydro,117,move_rule,0,6,0.0
MZ_Hydro,117,explicit_no_change,6,6,1.0
MZ_Hydro,117,deterministic_rejection,0,6,0.0
MZ_Hydro,117,schema_fallback,0,6,0.0
MZ_Hydro,118,set_param,0,6,0.0
MZ_Hydro,118,add_rule,0,6,0.0
MZ_Hydro,118,replace_rule,2,6,0.3333333333333333
MZ_Hydro,118,remove_rule,0,6,0.0
MZ_Hydro,118,move_rule,0,6,0.0
MZ_Hydro,118,explicit_no_change,4,6,0.6666666666666666
MZ_Hydro,118,deterministic_rejection,0,6,0.0
MZ_Hydro,118,schema_fallback,0,6,0.0
MZ_Hydro,119,set_param,0,6,0.0
MZ_Hydro,119,add_rule,0,6,0.0
MZ_Hydro,119,replace_rule,0,6,0.0
MZ_Hydro,119,remove_rule,0,6,0.0
MZ_Hydro,119,move_rule,0,6,0.0
MZ_Hydro,119,explicit_no_change,6,6,1.0
MZ_Hydro,119,deterministic_rejection,0,6,0.0
MZ_Hydro,119,schema_fallback,0,6,0.0
MZ_Hydro,120,set_param,0,6,0.0
MZ_Hydro,120,add_rule,0,6,0.0
MZ_Hydro,120,replace_rule,0,6,0.0
MZ_Hydro,120,remove_rule,0,6,0.0
MZ_Hydro,120,move_rule,0,6,0.0
MZ_Hydro,120,explicit_no_change,6,6,1.0
MZ_Hydro,120,deterministic_rejection,0,6,0.0
MZ_Hydro,120,schema_fallback,0,6,0.0
MZ_Air,1,set_param,1,15,0.06666666666666667
MZ_Air,1,add_rule,0,15,0.0
MZ_Air,1,replace_rule,1,15,0.06666666666666667
MZ_Air,1,remove_rule,0,15,0.0
MZ_Air,1,move_rule,0,15,0.0
MZ_Air,1,explicit_no_change,13,15,0.8666666666666667
MZ_Air,1,deterministic_rejection,0,15,0.0
MZ_Air,1,schema_fallback,0,15,0.0
MZ_Air,2,set_param,0,15,0.0
MZ_Air,2,add_rule,0,15,0.0
MZ_Air,2,replace_rule,0,15,0.0
MZ_Air,2,remove_rule,0,15,0.0
MZ_Air,2,move_rule,0,15,0.0
MZ_Air,2,explicit_no_change,13,15,0.8666666666666667
MZ_Air,2,deterministic_rejection,2,15,0.13333333333333333
MZ_Air,2,schema_fallback,0,15,0.0
MZ_Air,3,set_param,0,15,0.0
MZ_Air,3,add_rule,0,15,0.0
MZ_Air,3,replace_rule,1,15,0.06666666666666667
MZ_Air,3,remove_rule,0,15,0.0
MZ_Air,3,move_rule,0,15,0.0
MZ_Air,3,explicit_no_change,13,15,0.8666666666666667
MZ_Air,3,deterministic_rejection,1,15,0.06666666666666667
MZ_Air,3,schema_fallback,0,15,0.0
MZ_Air,4,set_param,0,15,0.0
MZ_Air,4,add_rule,0,15,0.0
MZ_Air,4,replace_rule,0,15,0.0
MZ_Air,4,remove_rule,0,15,0.0
MZ_Air,4,move_rule,0,15,0.0
MZ_Air,4,explicit_no_change,14,15,0.9333333333333333
MZ_Air,4,deterministic_rejection,0,15,0.0
MZ_Air,4,schema_fallback,1,15,0.06666666666666667
MZ_Air,5,set_param,0,15,0.0
MZ_Air,5,add_rule,0,15,0.0
MZ_Air,5,replace_rule,0,15,0.0
MZ_Air,5,remove_rule,0,15,0.0
MZ_Air,5,move_rule,0,15,0.0
MZ_Air,5,explicit_no_change,14,15,0.9333333333333333
MZ_Air,5,deterministic_rejection,0,15,0.0
MZ_Air,5,schema_fallback,1,15,0.06666666666666667
MZ_Air,6,set_param,1,15,0.06666666666666667
MZ_Air,6,add_rule,1,15,0.06666666666666667
MZ_Air,6,replace_rule,0,15,0.0
MZ_Air,6,remove_rule,0,15,0.0
MZ_Air,6,move_rule,0,15,0.0
MZ_Air,6,explicit_no_change,12,15,0.8
MZ_Air,6,deterministic_rejection,1,15,0.06666666666666667
MZ_Air,6,schema_fallback,0,15,0.0
MZ_Air,7,set_param,1,15,0.06666666666666667
MZ_Air,7,add_rule,0,15,0.0
MZ_Air,7,replace_rule,0,15,0.0
MZ_Air,7,remove_rule,0,15,0.0
MZ_Air,7,move_rule,0,15,0.0
MZ_Air,7,explicit_no_change,10,15,0.6666666666666666
MZ_Air,7,deterministic_rejection,4,15,0.26666666666666666
MZ_Air,7,schema_fallback,0,15,0.0
MZ_Air,8,set_param,1,15,0.06666666666666667
MZ_Air,8,add_rule,0,15,0.0
MZ_Air,8,replace_rule,1,15,0.06666666666666667
MZ_Air,8,remove_rule,0,15,0.0
MZ_Air,8,move_rule,0,15,0.0
MZ_Air,8,explicit_no_change,11,15,0.7333333333333333
MZ_Air,8,deterministic_rejection,2,15,0.13333333333333333
MZ_Air,8,schema_fallback,0,15,0.0
MZ_Air,9,set_param,8,15,0.5333333333333333
MZ_Air,9,add_rule,0,15,0.0
MZ_Air,9,replace_rule,1,15,0.06666666666666667
MZ_Air,9,remove_rule,0,15,0.0
MZ_Air,9,move_rule,0,15,0.0
MZ_Air,9,explicit_no_change,2,15,0.13333333333333333
MZ_Air,9,deterministic_rejection,4,15,0.26666666666666666
MZ_Air,9,schema_fallback,0,15,0.0
MZ_Air,10,set_param,8,15,0.5333333333333333
MZ_Air,10,add_rule,0,15,0.0
MZ_Air,10,replace_rule,0,15,0.0
MZ_Air,10,remove_rule,0,15,0.0
MZ_Air,10,move_rule,0,15,0.0
MZ_Air,10,explicit_no_change,1,15,0.06666666666666667
MZ_Air,10,deterministic_rejection,5,15,0.3333333333333333
MZ_Air,10,schema_fallback,1,15,0.06666666666666667
MZ_Air,11,set_param,8,15,0.5333333333333333
MZ_Air,11,add_rule,1,15,0.06666666666666667
MZ_Air,11,replace_rule,0,15,0.0
MZ_Air,11,remove_rule,0,15,0.0
MZ_Air,11,move_rule,0,15,0.0
MZ_Air,11,explicit_no_change,2,15,0.13333333333333333
MZ_Air,11,deterministic_rejection,3,15,0.2
MZ_Air,11,schema_fallback,1,15,0.06666666666666667
MZ_Air,12,set_param,6,15,0.4
MZ_Air,12,add_rule,1,15,0.06666666666666667
MZ_Air,12,replace_rule,1,15,0.06666666666666667
MZ_Air,12,remove_rule,1,15,0.06666666666666667
MZ_Air,12,move_rule,0,15,0.0
MZ_Air,12,explicit_no_change,1,15,0.06666666666666667
MZ_Air,12,deterministic_rejection,5,15,0.3333333333333333
MZ_Air,12,schema_fallback,0,15,0.0
MZ_Air,13,set_param,8,15,0.5333333333333333
MZ_Air,13,add_rule,1,15,0.06666666666666667
MZ_Air,13,replace_rule,1,15,0.06666666666666667
MZ_Air,13,remove_rule,0,15,0.0
MZ_Air,13,move_rule,0,15,0.0
MZ_Air,13,explicit_no_change,2,15,0.13333333333333333
MZ_Air,13,deterministic_rejection,3,15,0.2
MZ_Air,13,schema_fallback,0,15,0.0
MZ_Air,14,set_param,5,15,0.3333333333333333
MZ_Air,14,add_rule,0,15,0.0
MZ_Air,14,replace_rule,2,15,0.13333333333333333
MZ_Air,14,remove_rule,0,15,0.0
MZ_Air,14,move_rule,0,15,0.0
MZ_Air,14,explicit_no_change,3,15,0.2
MZ_Air,14,deterministic_rejection,4,15,0.26666666666666666
MZ_Air,14,schema_fallback,1,15,0.06666666666666667
MZ_Air,15,set_param,3,15,0.2
MZ_Air,15,add_rule,1,15,0.06666666666666667
MZ_Air,15,replace_rule,2,15,0.13333333333333333
MZ_Air,15,remove_rule,0,15,0.0
MZ_Air,15,move_rule,0,15,0.0
MZ_Air,15,explicit_no_change,2,15,0.13333333333333333
MZ_Air,15,deterministic_rejection,6,15,0.4
MZ_Air,15,schema_fallback,1,15,0.06666666666666667
MZ_Air,16,set_param,2,15,0.13333333333333333
MZ_Air,16,add_rule,1,15,0.06666666666666667
MZ_Air,16,replace_rule,3,15,0.2
MZ_Air,16,remove_rule,0,15,0.0
MZ_Air,16,move_rule,0,15,0.0
MZ_Air,16,explicit_no_change,2,15,0.13333333333333333
MZ_Air,16,deterministic_rejection,5,15,0.3333333333333333
MZ_Air,16,schema_fallback,2,15,0.13333333333333333
MZ_Air,17,set_param,1,15,0.06666666666666667
MZ_Air,17,add_rule,0,15,0.0
MZ_Air,17,replace_rule,3,15,0.2
MZ_Air,17,remove_rule,1,15,0.06666666666666667
MZ_Air,17,move_rule,0,15,0.0
MZ_Air,17,explicit_no_change,4,15,0.26666666666666666
MZ_Air,17,deterministic_rejection,6,15,0.4
MZ_Air,17,schema_fallback,0,15,0.0
MZ_Air,18,set_param,5,15,0.3333333333333333
MZ_Air,18,add_rule,0,15,0.0
MZ_Air,18,replace_rule,3,15,0.2
MZ_Air,18,remove_rule,0,15,0.0
MZ_Air,18,move_rule,0,15,0.0
MZ_Air,18,explicit_no_change,2,15,0.13333333333333333
MZ_Air,18,deterministic_rejection,4,15,0.26666666666666666
MZ_Air,18,schema_fallback,1,15,0.06666666666666667
MZ_Air,19,set_param,2,15,0.13333333333333333
MZ_Air,19,add_rule,0,15,0.0
MZ_Air,19,replace_rule,2,15,0.13333333333333333
MZ_Air,19,remove_rule,0,15,0.0
MZ_Air,19,move_rule,0,15,0.0
MZ_Air,19,explicit_no_change,3,15,0.2
MZ_Air,19,deterministic_rejection,7,15,0.4666666666666667
MZ_Air,19,schema_fallback,1,15,0.06666666666666667
MZ_Air,20,set_param,2,15,0.13333333333333333
MZ_Air,20,add_rule,0,15,0.0
MZ_Air,20,replace_rule,3,15,0.2
MZ_Air,20,remove_rule,0,15,0.0
MZ_Air,20,move_rule,0,15,0.0
MZ_Air,20,explicit_no_change,6,15,0.4
MZ_Air,20,deterministic_rejection,4,15,0.26666666666666666
MZ_Air,20,schema_fallback,0,15,0.0
MZ_Air,21,set_param,0,15,0.0
MZ_Air,21,add_rule,2,15,0.13333333333333333
MZ_Air,21,replace_rule,3,15,0.2
MZ_Air,21,remove_rule,0,15,0.0
MZ_Air,21,move_rule,0,15,0.0
MZ_Air,21,explicit_no_change,6,15,0.4
MZ_Air,21,deterministic_rejection,4,15,0.26666666666666666
MZ_Air,21,schema_fallback,0,15,0.0
MZ_Air,22,set_param,0,15,0.0
MZ_Air,22,add_rule,1,15,0.06666666666666667
MZ_Air,22,replace_rule,2,15,0.13333333333333333
MZ_Air,22,remove_rule,0,15,0.0
MZ_Air,22,move_rule,0,15,0.0
MZ_Air,22,explicit_no_change,11,15,0.7333333333333333
MZ_Air,22,deterministic_rejection,1,15,0.06666666666666667
MZ_Air,22,schema_fallback,0,15,0.0
MZ_Air,23,set_param,0,15,0.0
MZ_Air,23,add_rule,0,15,0.0
MZ_Air,23,replace_rule,1,15,0.06666666666666667
MZ_Air,23,remove_rule,0,15,0.0
MZ_Air,23,move_rule,0,15,0.0
MZ_Air,23,explicit_no_change,13,15,0.8666666666666667
MZ_Air,23,deterministic_rejection,0,15,0.0
MZ_Air,23,schema_fallback,1,15,0.06666666666666667
MZ_Air,24,set_param,0,15,0.0
MZ_Air,24,add_rule,0,15,0.0
MZ_Air,24,replace_rule,0,15,0.0
MZ_Air,24,remove_rule,0,15,0.0
MZ_Air,24,move_rule,0,15,0.0
MZ_Air,24,explicit_no_change,15,15,1.0
MZ_Air,24,deterministic_rejection,0,15,0.0
MZ_Air,24,schema_fallback,0,15,0.0
MZ_Air,25,set_param,0,15,0.0
MZ_Air,25,add_rule,0,15,0.0
MZ_Air,25,replace_rule,0,15,0.0
MZ_Air,25,remove_rule,0,15,0.0
MZ_Air,25,move_rule,0,15,0.0
MZ_Air,25,explicit_no_change,15,15,1.0
MZ_Air,25,deterministic_rejection,0,15,0.0
MZ_Air,25,schema_fallback,0,15,0.0
MZ_Air,26,set_param,0,15,0.0
MZ_Air,26,add_rule,0,15,0.0
MZ_Air,26,replace_rule,0,15,0.0
MZ_Air,26,remove_rule,0,15,0.0
MZ_Air,26,move_rule,0,15,0.0
MZ_Air,26,explicit_no_change,15,15,1.0
MZ_Air,26,deterministic_rejection,0,15,0.0
MZ_Air,26,schema_fallback,0,15,0.0
MZ_Air,27,set_param,0,15,0.0
MZ_Air,27,add_rule,0,15,0.0
MZ_Air,27,replace_rule,0,15,0.0
MZ_Air,27,remove_rule,0,15,0.0
MZ_Air,27,move_rule,0,15,0.0
MZ_Air,27,explicit_no_change,15,15,1.0
MZ_Air,27,deterministic_rejection,0,15,0.0
MZ_Air,27,schema_fallback,0,15,0.0
MZ_Air,28,set_param,0,15,0.0
MZ_Air,28,add_rule,0,15,0.0
MZ_Air,28,replace_rule,0,15,0.0
MZ_Air,28,remove_rule,0,15,0.0
MZ_Air,28,move_rule,0,15,0.0
MZ_Air,28,explicit_no_change,15,15,1.0
MZ_Air,28,deterministic_rejection,0,15,0.0
MZ_Air,28,schema_fallback,0,15,0.0
MZ_Air,29,set_param,0,15,0.0
MZ_Air,29,add_rule,0,15,0.0
MZ_Air,29,replace_rule,0,15,0.0
MZ_Air,29,remove_rule,0,15,0.0
MZ_Air,29,move_rule,0,15,0.0
MZ_Air,29,explicit_no_change,15,15,1.0
MZ_Air,29,deterministic_rejection,0,15,0.0
MZ_Air,29,schema_fallback,0,15,0.0
MZ_Air,30,set_param,2,15,0.13333333333333333
MZ_Air,30,add_rule,1,15,0.06666666666666667
MZ_Air,30,replace_rule,3,15,0.2
MZ_Air,30,remove_rule,0,15,0.0
MZ_Air,30,move_rule,0,15,0.0
MZ_Air,30,explicit_no_change,8,15,0.5333333333333333
MZ_Air,30,deterministic_rejection,1,15,0.06666666666666667
MZ_Air,30,schema_fallback,0,15,0.0
MZ_Air,31,set_param,0,15,0.0
MZ_Air,31,add_rule,0,15,0.0
MZ_Air,31,replace_rule,2,15,0.13333333333333333
MZ_Air,31,remove_rule,1,15,0.06666666666666667
MZ_Air,31,move_rule,0,15,0.0
MZ_Air,31,explicit_no_change,9,15,0.6
MZ_Air,31,deterministic_rejection,3,15,0.2
MZ_Air,31,schema_fallback,0,15,0.0
MZ_Air,32,set_param,1,15,0.06666666666666667
MZ_Air,32,add_rule,3,15,0.2
MZ_Air,32,replace_rule,1,15,0.06666666666666667
MZ_Air,32,remove_rule,0,15,0.0
MZ_Air,32,move_rule,0,15,0.0
MZ_Air,32,explicit_no_change,6,15,0.4
MZ_Air,32,deterministic_rejection,4,15,0.26666666666666666
MZ_Air,32,schema_fallback,0,15,0.0
MZ_Air,33,set_param,6,15,0.4
MZ_Air,33,add_rule,0,15,0.0
MZ_Air,33,replace_rule,2,15,0.13333333333333333
MZ_Air,33,remove_rule,0,15,0.0
MZ_Air,33,move_rule,0,15,0.0
MZ_Air,33,explicit_no_change,4,15,0.26666666666666666
MZ_Air,33,deterministic_rejection,3,15,0.2
MZ_Air,33,schema_fallback,0,15,0.0
MZ_Air,34,set_param,1,15,0.06666666666666667
MZ_Air,34,add_rule,0,15,0.0
MZ_Air,34,replace_rule,0,15,0.0
MZ_Air,34,remove_rule,0,15,0.0
MZ_Air,34,move_rule,0,15,0.0
MZ_Air,34,explicit_no_change,4,15,0.26666666666666666
MZ_Air,34,deterministic_rejection,10,15,0.6666666666666666
MZ_Air,34,schema_fallback,0,15,0.0
MZ_Air,35,set_param,3,15,0.2
MZ_Air,35,add_rule,2,15,0.13333333333333333
MZ_Air,35,replace_rule,1,15,0.06666666666666667
MZ_Air,35,remove_rule,0,15,0.0
MZ_Air,35,move_rule,0,15,0.0
MZ_Air,35,explicit_no_change,0,15,0.0
MZ_Air,35,deterministic_rejection,8,15,0.5333333333333333
MZ_Air,35,schema_fallback,1,15,0.06666666666666667
MZ_Air,36,set_param,5,15,0.3333333333333333
MZ_Air,36,add_rule,0,15,0.0
MZ_Air,36,replace_rule,3,15,0.2
MZ_Air,36,remove_rule,0,15,0.0
MZ_Air,36,move_rule,0,15,0.0
MZ_Air,36,explicit_no_change,1,15,0.06666666666666667
MZ_Air,36,deterministic_rejection,5,15,0.3333333333333333
MZ_Air,36,schema_fallback,1,15,0.06666666666666667
MZ_Air,37,set_param,3,15,0.2
MZ_Air,37,add_rule,0,15,0.0
MZ_Air,37,replace_rule,1,15,0.06666666666666667
MZ_Air,37,remove_rule,1,15,0.06666666666666667
MZ_Air,37,move_rule,0,15,0.0
MZ_Air,37,explicit_no_change,0,15,0.0
MZ_Air,37,deterministic_rejection,8,15,0.5333333333333333
MZ_Air,37,schema_fallback,2,15,0.13333333333333333
MZ_Air,38,set_param,3,15,0.2
MZ_Air,38,add_rule,0,15,0.0
MZ_Air,38,replace_rule,2,15,0.13333333333333333
MZ_Air,38,remove_rule,0,15,0.0
MZ_Air,38,move_rule,0,15,0.0
MZ_Air,38,explicit_no_change,1,15,0.06666666666666667
MZ_Air,38,deterministic_rejection,7,15,0.4666666666666667
MZ_Air,38,schema_fallback,2,15,0.13333333333333333
MZ_Air,39,set_param,3,15,0.2
MZ_Air,39,add_rule,2,15,0.13333333333333333
MZ_Air,39,replace_rule,1,15,0.06666666666666667
MZ_Air,39,remove_rule,0,15,0.0
MZ_Air,39,move_rule,0,15,0.0
MZ_Air,39,explicit_no_change,1,15,0.06666666666666667
MZ_Air,39,deterministic_rejection,7,15,0.4666666666666667
MZ_Air,39,schema_fallback,1,15,0.06666666666666667
MZ_Air,40,set_param,3,15,0.2
MZ_Air,40,add_rule,0,15,0.0
MZ_Air,40,replace_rule,2,15,0.13333333333333333
MZ_Air,40,remove_rule,1,15,0.06666666666666667
MZ_Air,40,move_rule,0,15,0.0
MZ_Air,40,explicit_no_change,2,15,0.13333333333333333
MZ_Air,40,deterministic_rejection,6,15,0.4
MZ_Air,40,schema_fallback,1,15,0.06666666666666667
MZ_Air,41,set_param,2,15,0.13333333333333333
MZ_Air,41,add_rule,2,15,0.13333333333333333
MZ_Air,41,replace_rule,0,15,0.0
MZ_Air,41,remove_rule,0,15,0.0
MZ_Air,41,move_rule,0,15,0.0
MZ_Air,41,explicit_no_change,3,15,0.2
MZ_Air,41,deterministic_rejection,6,15,0.4
MZ_Air,41,schema_fallback,2,15,0.13333333333333333
MZ_Air,42,set_param,1,15,0.06666666666666667
MZ_Air,42,add_rule,0,15,0.0
MZ_Air,42,replace_rule,3,15,0.2
MZ_Air,42,remove_rule,1,15,0.06666666666666667
MZ_Air,42,move_rule,0,15,0.0
MZ_Air,42,explicit_no_change,2,15,0.13333333333333333
MZ_Air,42,deterministic_rejection,7,15,0.4666666666666667
MZ_Air,42,schema_fallback,1,15,0.06666666666666667
MZ_Air,43,set_param,2,15,0.13333333333333333
MZ_Air,43,add_rule,0,15,0.0
MZ_Air,43,replace_rule,0,15,0.0
MZ_Air,43,remove_rule,0,15,0.0
MZ_Air,43,move_rule,0,15,0.0
MZ_Air,43,explicit_no_change,5,15,0.3333333333333333
MZ_Air,43,deterministic_rejection,5,15,0.3333333333333333
MZ_Air,43,schema_fallback,3,15,0.2
MZ_Air,44,set_param,2,15,0.13333333333333333
MZ_Air,44,add_rule,0,15,0.0
MZ_Air,44,replace_rule,3,15,0.2
MZ_Air,44,remove_rule,0,15,0.0
MZ_Air,44,move_rule,0,15,0.0
MZ_Air,44,explicit_no_change,8,15,0.5333333333333333
MZ_Air,44,deterministic_rejection,2,15,0.13333333333333333
MZ_Air,44,schema_fallback,0,15,0.0
MZ_Air,45,set_param,0,15,0.0
MZ_Air,45,add_rule,0,15,0.0
MZ_Air,45,replace_rule,4,15,0.26666666666666666
MZ_Air,45,remove_rule,0,15,0.0
MZ_Air,45,move_rule,0,15,0.0
MZ_Air,45,explicit_no_change,7,15,0.4666666666666667
MZ_Air,45,deterministic_rejection,3,15,0.2
MZ_Air,45,schema_fallback,1,15,0.06666666666666667
MZ_Air,46,set_param,0,15,0.0
MZ_Air,46,add_rule,0,15,0.0
MZ_Air,46,replace_rule,2,15,0.13333333333333333
MZ_Air,46,remove_rule,0,15,0.0
MZ_Air,46,move_rule,0,15,0.0
MZ_Air,46,explicit_no_change,11,15,0.7333333333333333
MZ_Air,46,deterministic_rejection,2,15,0.13333333333333333
MZ_Air,46,schema_fallback,0,15,0.0
MZ_Air,47,set_param,1,15,0.06666666666666667
MZ_Air,47,add_rule,0,15,0.0
MZ_Air,47,replace_rule,4,15,0.26666666666666666
MZ_Air,47,remove_rule,0,15,0.0
MZ_Air,47,move_rule,0,15,0.0
MZ_Air,47,explicit_no_change,9,15,0.6
MZ_Air,47,deterministic_rejection,1,15,0.06666666666666667
MZ_Air,47,schema_fallback,0,15,0.0
MZ_Air,48,set_param,1,15,0.06666666666666667
MZ_Air,48,add_rule,1,15,0.06666666666666667
MZ_Air,48,replace_rule,3,15,0.2
MZ_Air,48,remove_rule,0,15,0.0
MZ_Air,48,move_rule,0,15,0.0
MZ_Air,48,explicit_no_change,10,15,0.6666666666666666
MZ_Air,48,deterministic_rejection,0,15,0.0
MZ_Air,48,schema_fallback,0,15,0.0
MZ_Air,49,set_param,1,15,0.06666666666666667
MZ_Air,49,add_rule,0,15,0.0
MZ_Air,49,replace_rule,1,15,0.06666666666666667
MZ_Air,49,remove_rule,0,15,0.0
MZ_Air,49,move_rule,0,15,0.0
MZ_Air,49,explicit_no_change,12,15,0.8
MZ_Air,49,deterministic_rejection,1,15,0.06666666666666667
MZ_Air,49,schema_fallback,0,15,0.0
MZ_Air,50,set_param,0,15,0.0
MZ_Air,50,add_rule,1,15,0.06666666666666667
MZ_Air,50,replace_rule,4,15,0.26666666666666666
MZ_Air,50,remove_rule,0,15,0.0
MZ_Air,50,move_rule,0,15,0.0
MZ_Air,50,explicit_no_change,9,15,0.6
MZ_Air,50,deterministic_rejection,1,15,0.06666666666666667
MZ_Air,50,schema_fallback,0,15,0.0
MZ_Air,51,set_param,0,15,0.0
MZ_Air,51,add_rule,0,15,0.0
MZ_Air,51,replace_rule,1,15,0.06666666666666667
MZ_Air,51,remove_rule,0,15,0.0
MZ_Air,51,move_rule,0,15,0.0
MZ_Air,51,explicit_no_change,13,15,0.8666666666666667
MZ_Air,51,deterministic_rejection,1,15,0.06666666666666667
MZ_Air,51,schema_fallback,0,15,0.0
MZ_Air,52,set_param,0,15,0.0
MZ_Air,52,add_rule,0,15,0.0
MZ_Air,52,replace_rule,0,15,0.0
MZ_Air,52,remove_rule,0,15,0.0
MZ_Air,52,move_rule,0,15,0.0
MZ_Air,52,explicit_no_change,13,15,0.8666666666666667
MZ_Air,52,deterministic_rejection,2,15,0.13333333333333333
MZ_Air,52,schema_fallback,0,15,0.0
MZ_Air,53,set_param,0,15,0.0
MZ_Air,53,add_rule,0,15,0.0
MZ_Air,53,replace_rule,0,15,0.0
MZ_Air,53,remove_rule,0,15,0.0
MZ_Air,53,move_rule,0,15,0.0
MZ_Air,53,explicit_no_change,14,15,0.9333333333333333
MZ_Air,53,deterministic_rejection,1,15,0.06666666666666667
MZ_Air,53,schema_fallback,0,15,0.0
MZ_Air,54,set_param,3,15,0.2
MZ_Air,54,add_rule,0,15,0.0
MZ_Air,54,replace_rule,2,15,0.13333333333333333
MZ_Air,54,remove_rule,1,15,0.06666666666666667
MZ_Air,54,move_rule,0,15,0.0
MZ_Air,54,explicit_no_change,8,15,0.5333333333333333
MZ_Air,54,deterministic_rejection,1,15,0.06666666666666667
MZ_Air,54,schema_fallback,0,15,0.0
MZ_Air,55,set_param,1,15,0.06666666666666667
MZ_Air,55,add_rule,1,15,0.06666666666666667
MZ_Air,55,replace_rule,2,15,0.13333333333333333
MZ_Air,55,remove_rule,1,15,0.06666666666666667
MZ_Air,55,move_rule,1,15,0.06666666666666667
MZ_Air,55,explicit_no_change,8,15,0.5333333333333333
MZ_Air,55,deterministic_rejection,1,15,0.06666666666666667
MZ_Air,55,schema_fallback,0,15,0.0
MZ_Air,56,set_param,2,15,0.13333333333333333
MZ_Air,56,add_rule,0,15,0.0
MZ_Air,56,replace_rule,2,15,0.13333333333333333
MZ_Air,56,remove_rule,2,15,0.13333333333333333
MZ_Air,56,move_rule,0,15,0.0
MZ_Air,56,explicit_no_change,8,15,0.5333333333333333
MZ_Air,56,deterministic_rejection,1,15,0.06666666666666667
MZ_Air,56,schema_fallback,0,15,0.0
MZ_Air,57,set_param,6,15,0.4
MZ_Air,57,add_rule,1,15,0.06666666666666667
MZ_Air,57,replace_rule,2,15,0.13333333333333333
MZ_Air,57,remove_rule,0,15,0.0
MZ_Air,57,move_rule,0,15,0.0
MZ_Air,57,explicit_no_change,3,15,0.2
MZ_Air,57,deterministic_rejection,2,15,0.13333333333333333
MZ_Air,57,schema_fallback,1,15,0.06666666666666667
MZ_Air,58,set_param,5,15,0.3333333333333333
MZ_Air,58,add_rule,1,15,0.06666666666666667
MZ_Air,58,replace_rule,2,15,0.13333333333333333
MZ_Air,58,remove_rule,0,15,0.0
MZ_Air,58,move_rule,0,15,0.0
MZ_Air,58,explicit_no_change,1,15,0.06666666666666667
MZ_Air,58,deterministic_rejection,6,15,0.4
MZ_Air,58,schema_fallback,0,15,0.0
MZ_Air,59,set_param,4,15,0.26666666666666666
MZ_Air,59,add_rule,0,15,0.0
MZ_Air,59,replace_rule,3,15,0.2
MZ_Air,59,remove_rule,0,15,0.0
MZ_Air,59,move_rule,0,15,0.0
MZ_Air,59,explicit_no_change,2,15,0.13333333333333333
MZ_Air,59,deterministic_rejection,6,15,0.4
MZ_Air,59,schema_fallback,0,15,0.0
MZ_Air,60,set_param,3,15,0.2
MZ_Air,60,add_rule,1,15,0.06666666666666667
MZ_Air,60,replace_rule,1,15,0.06666666666666667
MZ_Air,60,remove_rule,0,15,0.0
MZ_Air,60,move_rule,0,15,0.0
MZ_Air,60,explicit_no_change,0,15,0.0
MZ_Air,60,deterministic_rejection,8,15,0.5333333333333333
MZ_Air,60,schema_fallback,2,15,0.13333333333333333
MZ_Air,61,set_param,3,15,0.2
MZ_Air,61,add_rule,0,15,0.0
MZ_Air,61,replace_rule,2,15,0.13333333333333333
MZ_Air,61,remove_rule,0,15,0.0
MZ_Air,61,move_rule,1,15,0.06666666666666667
MZ_Air,61,explicit_no_change,0,15,0.0
MZ_Air,61,deterministic_rejection,7,15,0.4666666666666667
MZ_Air,61,schema_fallback,2,15,0.13333333333333333
MZ_Air,62,set_param,4,15,0.26666666666666666
MZ_Air,62,add_rule,0,15,0.0
MZ_Air,62,replace_rule,1,15,0.06666666666666667
MZ_Air,62,remove_rule,0,15,0.0
MZ_Air,62,move_rule,1,15,0.06666666666666667
MZ_Air,62,explicit_no_change,1,15,0.06666666666666667
MZ_Air,62,deterministic_rejection,5,15,0.3333333333333333
MZ_Air,62,schema_fallback,3,15,0.2
MZ_Air,63,set_param,3,15,0.2
MZ_Air,63,add_rule,0,15,0.0
MZ_Air,63,replace_rule,1,15,0.06666666666666667
MZ_Air,63,remove_rule,0,15,0.0
MZ_Air,63,move_rule,0,15,0.0
MZ_Air,63,explicit_no_change,0,15,0.0
MZ_Air,63,deterministic_rejection,9,15,0.6
MZ_Air,63,schema_fallback,2,15,0.13333333333333333
MZ_Air,64,set_param,2,15,0.13333333333333333
MZ_Air,64,add_rule,2,15,0.13333333333333333
MZ_Air,64,replace_rule,1,15,0.06666666666666667
MZ_Air,64,remove_rule,0,15,0.0
MZ_Air,64,move_rule,0,15,0.0
MZ_Air,64,explicit_no_change,1,15,0.06666666666666667
MZ_Air,64,deterministic_rejection,6,15,0.4
MZ_Air,64,schema_fallback,3,15,0.2
MZ_Air,65,set_param,0,15,0.0
MZ_Air,65,add_rule,0,15,0.0
MZ_Air,65,replace_rule,3,15,0.2
MZ_Air,65,remove_rule,1,15,0.06666666666666667
MZ_Air,65,move_rule,0,15,0.0
MZ_Air,65,explicit_no_change,1,15,0.06666666666666667
MZ_Air,65,deterministic_rejection,7,15,0.4666666666666667
MZ_Air,65,schema_fallback,3,15,0.2
MZ_Air,66,set_param,0,15,0.0
MZ_Air,66,add_rule,3,15,0.2
MZ_Air,66,replace_rule,2,15,0.13333333333333333
MZ_Air,66,remove_rule,0,15,0.0
MZ_Air,66,move_rule,0,15,0.0
MZ_Air,66,explicit_no_change,2,15,0.13333333333333333
MZ_Air,66,deterministic_rejection,7,15,0.4666666666666667
MZ_Air,66,schema_fallback,1,15,0.06666666666666667
MZ_Air,67,set_param,2,15,0.13333333333333333
MZ_Air,67,add_rule,1,15,0.06666666666666667
MZ_Air,67,replace_rule,2,15,0.13333333333333333
MZ_Air,67,remove_rule,1,15,0.06666666666666667
MZ_Air,67,move_rule,0,15,0.0
MZ_Air,67,explicit_no_change,4,15,0.26666666666666666
MZ_Air,67,deterministic_rejection,5,15,0.3333333333333333
MZ_Air,67,schema_fallback,0,15,0.0
MZ_Air,68,set_param,1,15,0.06666666666666667
MZ_Air,68,add_rule,0,15,0.0
MZ_Air,68,replace_rule,5,15,0.3333333333333333
MZ_Air,68,remove_rule,0,15,0.0
MZ_Air,68,move_rule,0,15,0.0
MZ_Air,68,explicit_no_change,4,15,0.26666666666666666
MZ_Air,68,deterministic_rejection,5,15,0.3333333333333333
MZ_Air,68,schema_fallback,0,15,0.0
MZ_Air,69,set_param,1,15,0.06666666666666667
MZ_Air,69,add_rule,0,15,0.0
MZ_Air,69,replace_rule,4,15,0.26666666666666666
MZ_Air,69,remove_rule,0,15,0.0
MZ_Air,69,move_rule,0,15,0.0
MZ_Air,69,explicit_no_change,6,15,0.4
MZ_Air,69,deterministic_rejection,4,15,0.26666666666666666
MZ_Air,69,schema_fallback,0,15,0.0
MZ_Air,70,set_param,0,15,0.0
MZ_Air,70,add_rule,0,15,0.0
MZ_Air,70,replace_rule,0,15,0.0
MZ_Air,70,remove_rule,0,15,0.0
MZ_Air,70,move_rule,0,15,0.0
MZ_Air,70,explicit_no_change,10,15,0.6666666666666666
MZ_Air,70,deterministic_rejection,5,15,0.3333333333333333
MZ_Air,70,schema_fallback,0,15,0.0
MZ_Air,71,set_param,0,15,0.0
MZ_Air,71,add_rule,0,15,0.0
MZ_Air,71,replace_rule,0,15,0.0
MZ_Air,71,remove_rule,0,15,0.0
MZ_Air,71,move_rule,0,15,0.0
MZ_Air,71,explicit_no_change,13,15,0.8666666666666667
MZ_Air,71,deterministic_rejection,2,15,0.13333333333333333
MZ_Air,71,schema_fallback,0,15,0.0
MZ_Air,72,set_param,0,15,0.0
MZ_Air,72,add_rule,0,15,0.0
MZ_Air,72,replace_rule,1,15,0.06666666666666667
MZ_Air,72,remove_rule,0,15,0.0
MZ_Air,72,move_rule,0,15,0.0
MZ_Air,72,explicit_no_change,12,15,0.8
MZ_Air,72,deterministic_rejection,2,15,0.13333333333333333
MZ_Air,72,schema_fallback,0,15,0.0
MZ_Air,73,set_param,0,15,0.0
MZ_Air,73,add_rule,0,15,0.0
MZ_Air,73,replace_rule,0,15,0.0
MZ_Air,73,remove_rule,0,15,0.0
MZ_Air,73,move_rule,0,15,0.0
MZ_Air,73,explicit_no_change,14,15,0.9333333333333333
MZ_Air,73,deterministic_rejection,1,15,0.06666666666666667
MZ_Air,73,schema_fallback,0,15,0.0
MZ_Air,74,set_param,0,15,0.0
MZ_Air,74,add_rule,0,15,0.0
MZ_Air,74,replace_rule,2,15,0.13333333333333333
MZ_Air,74,remove_rule,0,15,0.0
MZ_Air,74,move_rule,0,15,0.0
MZ_Air,74,explicit_no_change,12,15,0.8
MZ_Air,74,deterministic_rejection,1,15,0.06666666666666667
MZ_Air,74,schema_fallback,0,15,0.0
MZ_Air,75,set_param,0,15,0.0
MZ_Air,75,add_rule,0,15,0.0
MZ_Air,75,replace_rule,0,15,0.0
MZ_Air,75,remove_rule,0,15,0.0
MZ_Air,75,move_rule,0,15,0.0
MZ_Air,75,explicit_no_change,14,15,0.9333333333333333
MZ_Air,75,deterministic_rejection,1,15,0.06666666666666667
MZ_Air,75,schema_fallback,0,15,0.0
MZ_Air,76,set_param,0,15,0.0
MZ_Air,76,add_rule,0,15,0.0
MZ_Air,76,replace_rule,0,15,0.0
MZ_Air,76,remove_rule,0,15,0.0
MZ_Air,76,move_rule,0,15,0.0
MZ_Air,76,explicit_no_change,15,15,1.0
MZ_Air,76,deterministic_rejection,0,15,0.0
MZ_Air,76,schema_fallback,0,15,0.0
MZ_Air,77,set_param,0,15,0.0
MZ_Air,77,add_rule,0,15,0.0
MZ_Air,77,replace_rule,1,15,0.06666666666666667
MZ_Air,77,remove_rule,0,15,0.0
MZ_Air,77,move_rule,0,15,0.0
MZ_Air,77,explicit_no_change,14,15,0.9333333333333333
MZ_Air,77,deterministic_rejection,0,15,0.0
MZ_Air,77,schema_fallback,0,15,0.0
MZ_Air,78,set_param,3,15,0.2
MZ_Air,78,add_rule,0,15,0.0
MZ_Air,78,replace_rule,4,15,0.26666666666666666
MZ_Air,78,remove_rule,0,15,0.0
MZ_Air,78,move_rule,0,15,0.0
MZ_Air,78,explicit_no_change,7,15,0.4666666666666667
MZ_Air,78,deterministic_rejection,1,15,0.06666666666666667
MZ_Air,78,schema_fallback,0,15,0.0
MZ_Air,79,set_param,0,15,0.0
MZ_Air,79,add_rule,0,15,0.0
MZ_Air,79,replace_rule,1,15,0.06666666666666667
MZ_Air,79,remove_rule,0,15,0.0
MZ_Air,79,move_rule,0,15,0.0
MZ_Air,79,explicit_no_change,11,15,0.7333333333333333
MZ_Air,79,deterministic_rejection,3,15,0.2
MZ_Air,79,schema_fallback,0,15,0.0
MZ_Air,80,set_param,0,15,0.0
MZ_Air,80,add_rule,1,15,0.06666666666666667
MZ_Air,80,replace_rule,2,15,0.13333333333333333
MZ_Air,80,remove_rule,0,15,0.0
MZ_Air,80,move_rule,0,15,0.0
MZ_Air,80,explicit_no_change,11,15,0.7333333333333333
MZ_Air,80,deterministic_rejection,0,15,0.0
MZ_Air,80,schema_fallback,1,15,0.06666666666666667
MZ_Air,81,set_param,6,15,0.4
MZ_Air,81,add_rule,0,15,0.0
MZ_Air,81,replace_rule,6,15,0.4
MZ_Air,81,remove_rule,0,15,0.0
MZ_Air,81,move_rule,0,15,0.0
MZ_Air,81,explicit_no_change,1,15,0.06666666666666667
MZ_Air,81,deterministic_rejection,2,15,0.13333333333333333
MZ_Air,81,schema_fallback,0,15,0.0
MZ_Air,82,set_param,4,15,0.26666666666666666
MZ_Air,82,add_rule,0,15,0.0
MZ_Air,82,replace_rule,3,15,0.2
MZ_Air,82,remove_rule,1,15,0.06666666666666667
MZ_Air,82,move_rule,0,15,0.0
MZ_Air,82,explicit_no_change,1,15,0.06666666666666667
MZ_Air,82,deterministic_rejection,6,15,0.4
MZ_Air,82,schema_fallback,0,15,0.0
MZ_Air,83,set_param,4,15,0.26666666666666666
MZ_Air,83,add_rule,1,15,0.06666666666666667
MZ_Air,83,replace_rule,5,15,0.3333333333333333
MZ_Air,83,remove_rule,0,15,0.0
MZ_Air,83,move_rule,0,15,0.0
MZ_Air,83,explicit_no_change,0,15,0.0
MZ_Air,83,deterministic_rejection,4,15,0.26666666666666666
MZ_Air,83,schema_fallback,1,15,0.06666666666666667
MZ_Air,84,set_param,2,15,0.13333333333333333
MZ_Air,84,add_rule,1,15,0.06666666666666667
MZ_Air,84,replace_rule,3,15,0.2
MZ_Air,84,remove_rule,0,15,0.0
MZ_Air,84,move_rule,0,15,0.0
MZ_Air,84,explicit_no_change,0,15,0.0
MZ_Air,84,deterministic_rejection,9,15,0.6
MZ_Air,84,schema_fallback,0,15,0.0
MZ_Air,85,set_param,1,15,0.06666666666666667
MZ_Air,85,add_rule,0,15,0.0
MZ_Air,85,replace_rule,7,15,0.4666666666666667
MZ_Air,85,remove_rule,0,15,0.0
MZ_Air,85,move_rule,0,15,0.0
MZ_Air,85,explicit_no_change,0,15,0.0
MZ_Air,85,deterministic_rejection,5,15,0.3333333333333333
MZ_Air,85,schema_fallback,2,15,0.13333333333333333
MZ_Air,86,set_param,3,15,0.2
MZ_Air,86,add_rule,1,15,0.06666666666666667
MZ_Air,86,replace_rule,4,15,0.26666666666666666
MZ_Air,86,remove_rule,0,15,0.0
MZ_Air,86,move_rule,0,15,0.0
MZ_Air,86,explicit_no_change,0,15,0.0
MZ_Air,86,deterministic_rejection,7,15,0.4666666666666667
MZ_Air,86,schema_fallback,0,15,0.0
MZ_Air,87,set_param,1,15,0.06666666666666667
MZ_Air,87,add_rule,0,15,0.0
MZ_Air,87,replace_rule,2,15,0.13333333333333333
MZ_Air,87,remove_rule,1,15,0.06666666666666667
MZ_Air,87,move_rule,0,15,0.0
MZ_Air,87,explicit_no_change,2,15,0.13333333333333333
MZ_Air,87,deterministic_rejection,8,15,0.5333333333333333
MZ_Air,87,schema_fallback,1,15,0.06666666666666667
MZ_Air,88,set_param,2,15,0.13333333333333333
MZ_Air,88,add_rule,0,15,0.0
MZ_Air,88,replace_rule,1,15,0.06666666666666667
MZ_Air,88,remove_rule,3,15,0.2
MZ_Air,88,move_rule,0,15,0.0
MZ_Air,88,explicit_no_change,1,15,0.06666666666666667
MZ_Air,88,deterministic_rejection,6,15,0.4
MZ_Air,88,schema_fallback,2,15,0.13333333333333333
MZ_Air,89,set_param,3,15,0.2
MZ_Air,89,add_rule,1,15,0.06666666666666667
MZ_Air,89,replace_rule,3,15,0.2
MZ_Air,89,remove_rule,0,15,0.0
MZ_Air,89,move_rule,0,15,0.0
MZ_Air,89,explicit_no_change,2,15,0.13333333333333333
MZ_Air,89,deterministic_rejection,3,15,0.2
MZ_Air,89,schema_fallback,3,15,0.2
MZ_Air,90,set_param,1,15,0.06666666666666667
MZ_Air,90,add_rule,0,15,0.0
MZ_Air,90,replace_rule,3,15,0.2
MZ_Air,90,remove_rule,1,15,0.06666666666666667
MZ_Air,90,move_rule,0,15,0.0
MZ_Air,90,explicit_no_change,2,15,0.13333333333333333
MZ_Air,90,deterministic_rejection,7,15,0.4666666666666667
MZ_Air,90,schema_fallback,1,15,0.06666666666666667
MZ_Air,91,set_param,2,15,0.13333333333333333
MZ_Air,91,add_rule,1,15,0.06666666666666667
MZ_Air,91,replace_rule,5,15,0.3333333333333333
MZ_Air,91,remove_rule,0,15,0.0
MZ_Air,91,move_rule,0,15,0.0
MZ_Air,91,explicit_no_change,2,15,0.13333333333333333
MZ_Air,91,deterministic_rejection,4,15,0.26666666666666666
MZ_Air,91,schema_fallback,1,15,0.06666666666666667
MZ_Air,92,set_param,0,15,0.0
MZ_Air,92,add_rule,0,15,0.0
MZ_Air,92,replace_rule,6,15,0.4
MZ_Air,92,remove_rule,0,15,0.0
MZ_Air,92,move_rule,0,15,0.0
MZ_Air,92,explicit_no_change,3,15,0.2
MZ_Air,92,deterministic_rejection,6,15,0.4
MZ_Air,92,schema_fallback,0,15,0.0
MZ_Air,93,set_param,0,15,0.0
MZ_Air,93,add_rule,0,15,0.0
MZ_Air,93,replace_rule,5,15,0.3333333333333333
MZ_Air,93,remove_rule,0,15,0.0
MZ_Air,93,move_rule,0,15,0.0
MZ_Air,93,explicit_no_change,4,15,0.26666666666666666
MZ_Air,93,deterministic_rejection,6,15,0.4
MZ_Air,93,schema_fallback,0,15,0.0
MZ_Air,94,set_param,0,15,0.0
MZ_Air,94,add_rule,1,15,0.06666666666666667
MZ_Air,94,replace_rule,3,15,0.2
MZ_Air,94,remove_rule,0,15,0.0
MZ_Air,94,move_rule,0,15,0.0
MZ_Air,94,explicit_no_change,4,15,0.26666666666666666
MZ_Air,94,deterministic_rejection,7,15,0.4666666666666667
MZ_Air,94,schema_fallback,0,15,0.0
MZ_Air,95,set_param,0,15,0.0
MZ_Air,95,add_rule,0,15,0.0
MZ_Air,95,replace_rule,3,15,0.2
MZ_Air,95,remove_rule,1,15,0.06666666666666667
MZ_Air,95,move_rule,0,15,0.0
MZ_Air,95,explicit_no_change,7,15,0.4666666666666667
MZ_Air,95,deterministic_rejection,4,15,0.26666666666666666
MZ_Air,95,schema_fallback,0,15,0.0
MZ_Air,96,set_param,0,15,0.0
MZ_Air,96,add_rule,0,15,0.0
MZ_Air,96,replace_rule,5,15,0.3333333333333333
MZ_Air,96,remove_rule,0,15,0.0
MZ_Air,96,move_rule,0,15,0.0
MZ_Air,96,explicit_no_change,8,15,0.5333333333333333
MZ_Air,96,deterministic_rejection,2,15,0.13333333333333333
MZ_Air,96,schema_fallback,0,15,0.0
MZ_Air,97,set_param,0,15,0.0
MZ_Air,97,add_rule,0,15,0.0
MZ_Air,97,replace_rule,3,15,0.2
MZ_Air,97,remove_rule,0,15,0.0
MZ_Air,97,move_rule,0,15,0.0
MZ_Air,97,explicit_no_change,10,15,0.6666666666666666
MZ_Air,97,deterministic_rejection,2,15,0.13333333333333333
MZ_Air,97,schema_fallback,0,15,0.0
MZ_Air,98,set_param,0,15,0.0
MZ_Air,98,add_rule,0,15,0.0
MZ_Air,98,replace_rule,1,15,0.06666666666666667
MZ_Air,98,remove_rule,0,15,0.0
MZ_Air,98,move_rule,0,15,0.0
MZ_Air,98,explicit_no_change,13,15,0.8666666666666667
MZ_Air,98,deterministic_rejection,1,15,0.06666666666666667
MZ_Air,98,schema_fallback,0,15,0.0
MZ_Air,99,set_param,0,15,0.0
MZ_Air,99,add_rule,0,15,0.0
MZ_Air,99,replace_rule,2,15,0.13333333333333333
MZ_Air,99,remove_rule,0,15,0.0
MZ_Air,99,move_rule,0,15,0.0
MZ_Air,99,explicit_no_change,12,15,0.8
MZ_Air,99,deterministic_rejection,1,15,0.06666666666666667
MZ_Air,99,schema_fallback,0,15,0.0
MZ_Air,100,set_param,0,15,0.0
MZ_Air,100,add_rule,0,15,0.0
MZ_Air,100,replace_rule,1,15,0.06666666666666667
MZ_Air,100,remove_rule,0,15,0.0
MZ_Air,100,move_rule,0,15,0.0
MZ_Air,100,explicit_no_change,13,15,0.8666666666666667
MZ_Air,100,deterministic_rejection,1,15,0.06666666666666667
MZ_Air,100,schema_fallback,0,15,0.0
MZ_Air,101,set_param,0,15,0.0
MZ_Air,101,add_rule,0,15,0.0
MZ_Air,101,replace_rule,0,15,0.0
MZ_Air,101,remove_rule,0,15,0.0
MZ_Air,101,move_rule,0,15,0.0
MZ_Air,101,explicit_no_change,14,15,0.9333333333333333
MZ_Air,101,deterministic_rejection,1,15,0.06666666666666667
MZ_Air,101,schema_fallback,0,15,0.0
MZ_Air,102,set_param,2,15,0.13333333333333333
MZ_Air,102,add_rule,0,15,0.0
MZ_Air,102,replace_rule,5,15,0.3333333333333333
MZ_Air,102,remove_rule,1,15,0.06666666666666667
MZ_Air,102,move_rule,1,15,0.06666666666666667
MZ_Air,102,explicit_no_change,6,15,0.4
MZ_Air,102,deterministic_rejection,0,15,0.0
MZ_Air,102,schema_fallback,0,15,0.0
MZ_Air,103,set_param,0,15,0.0
MZ_Air,103,add_rule,1,15,0.06666666666666667
MZ_Air,103,replace_rule,2,15,0.13333333333333333
MZ_Air,103,remove_rule,0,15,0.0
MZ_Air,103,move_rule,0,15,0.0
MZ_Air,103,explicit_no_change,10,15,0.6666666666666666
MZ_Air,103,deterministic_rejection,2,15,0.13333333333333333
MZ_Air,103,schema_fallback,0,15,0.0
MZ_Air,104,set_param,1,15,0.06666666666666667
MZ_Air,104,add_rule,2,15,0.13333333333333333
MZ_Air,104,replace_rule,5,15,0.3333333333333333
MZ_Air,104,remove_rule,0,15,0.0
MZ_Air,104,move_rule,0,15,0.0
MZ_Air,104,explicit_no_change,6,15,0.4
MZ_Air,104,deterministic_rejection,1,15,0.06666666666666667
MZ_Air,104,schema_fallback,0,15,0.0
MZ_Air,105,set_param,5,15,0.3333333333333333
MZ_Air,105,add_rule,0,15,0.0
MZ_Air,105,replace_rule,6,15,0.4
MZ_Air,105,remove_rule,0,15,0.0
MZ_Air,105,move_rule,1,15,0.06666666666666667
MZ_Air,105,explicit_no_change,0,15,0.0
MZ_Air,105,deterministic_rejection,3,15,0.2
MZ_Air,105,schema_fallback,0,15,0.0
MZ_Air,106,set_param,3,15,0.2
MZ_Air,106,add_rule,0,15,0.0
MZ_Air,106,replace_rule,2,15,0.13333333333333333
MZ_Air,106,remove_rule,0,15,0.0
MZ_Air,106,move_rule,0,15,0.0
MZ_Air,106,explicit_no_change,0,15,0.0
MZ_Air,106,deterministic_rejection,9,15,0.6
MZ_Air,106,schema_fallback,1,15,0.06666666666666667
MZ_Air,107,set_param,0,15,0.0
MZ_Air,107,add_rule,0,15,0.0
MZ_Air,107,replace_rule,7,15,0.4666666666666667
MZ_Air,107,remove_rule,1,15,0.06666666666666667
MZ_Air,107,move_rule,0,15,0.0
MZ_Air,107,explicit_no_change,1,15,0.06666666666666667
MZ_Air,107,deterministic_rejection,6,15,0.4
MZ_Air,107,schema_fallback,0,15,0.0
MZ_Air,108,set_param,4,15,0.26666666666666666
MZ_Air,108,add_rule,0,15,0.0
MZ_Air,108,replace_rule,5,15,0.3333333333333333
MZ_Air,108,remove_rule,0,15,0.0
MZ_Air,108,move_rule,0,15,0.0
MZ_Air,108,explicit_no_change,1,15,0.06666666666666667
MZ_Air,108,deterministic_rejection,5,15,0.3333333333333333
MZ_Air,108,schema_fallback,0,15,0.0
MZ_Air,109,set_param,3,15,0.2
MZ_Air,109,add_rule,0,15,0.0
MZ_Air,109,replace_rule,7,15,0.4666666666666667
MZ_Air,109,remove_rule,0,15,0.0
MZ_Air,109,move_rule,0,15,0.0
MZ_Air,109,explicit_no_change,1,15,0.06666666666666667
MZ_Air,109,deterministic_rejection,4,15,0.26666666666666666
MZ_Air,109,schema_fallback,0,15,0.0
MZ_Air,110,set_param,5,15,0.3333333333333333
MZ_Air,110,add_rule,0,15,0.0
MZ_Air,110,replace_rule,3,15,0.2
MZ_Air,110,remove_rule,1,15,0.06666666666666667
MZ_Air,110,move_rule,0,15,0.0
MZ_Air,110,explicit_no_change,1,15,0.06666666666666667
MZ_Air,110,deterministic_rejection,5,15,0.3333333333333333
MZ_Air,110,schema_fallback,0,15,0.0
MZ_Air,111,set_param,2,15,0.13333333333333333
MZ_Air,111,add_rule,0,15,0.0
MZ_Air,111,replace_rule,4,15,0.26666666666666666
MZ_Air,111,remove_rule,0,15,0.0
MZ_Air,111,move_rule,0,15,0.0
MZ_Air,111,explicit_no_change,2,15,0.13333333333333333
MZ_Air,111,deterministic_rejection,6,15,0.4
MZ_Air,111,schema_fallback,1,15,0.06666666666666667
MZ_Air,112,set_param,1,15,0.06666666666666667
MZ_Air,112,add_rule,0,15,0.0
MZ_Air,112,replace_rule,2,15,0.13333333333333333
MZ_Air,112,remove_rule,1,15,0.06666666666666667
MZ_Air,112,move_rule,0,15,0.0
MZ_Air,112,explicit_no_change,3,15,0.2
MZ_Air,112,deterministic_rejection,6,15,0.4
MZ_Air,112,schema_fallback,2,15,0.13333333333333333
MZ_Air,113,set_param,2,15,0.13333333333333333
MZ_Air,113,add_rule,2,15,0.13333333333333333
MZ_Air,113,replace_rule,2,15,0.13333333333333333
MZ_Air,113,remove_rule,0,15,0.0
MZ_Air,113,move_rule,0,15,0.0
MZ_Air,113,explicit_no_change,4,15,0.26666666666666666
MZ_Air,113,deterministic_rejection,5,15,0.3333333333333333
MZ_Air,113,schema_fallback,0,15,0.0
MZ_Air,114,set_param,2,15,0.13333333333333333
MZ_Air,114,add_rule,0,15,0.0
MZ_Air,114,replace_rule,5,15,0.3333333333333333
MZ_Air,114,remove_rule,1,15,0.06666666666666667
MZ_Air,114,move_rule,0,15,0.0
MZ_Air,114,explicit_no_change,3,15,0.2
MZ_Air,114,deterministic_rejection,4,15,0.26666666666666666
MZ_Air,114,schema_fallback,0,15,0.0
MZ_Air,115,set_param,0,15,0.0
MZ_Air,115,add_rule,1,15,0.06666666666666667
MZ_Air,115,replace_rule,5,15,0.3333333333333333
MZ_Air,115,remove_rule,0,15,0.0
MZ_Air,115,move_rule,0,15,0.0
MZ_Air,115,explicit_no_change,3,15,0.2
MZ_Air,115,deterministic_rejection,5,15,0.3333333333333333
MZ_Air,115,schema_fallback,1,15,0.06666666666666667
MZ_Air,116,set_param,0,15,0.0
MZ_Air,116,add_rule,0,15,0.0
MZ_Air,116,replace_rule,3,15,0.2
MZ_Air,116,remove_rule,0,15,0.0
MZ_Air,116,move_rule,0,15,0.0
MZ_Air,116,explicit_no_change,8,15,0.5333333333333333
MZ_Air,116,deterministic_rejection,3,15,0.2
MZ_Air,116,schema_fallback,1,15,0.06666666666666667
MZ_Air,117,set_param,0,15,0.0
MZ_Air,117,add_rule,0,15,0.0
MZ_Air,117,replace_rule,6,15,0.4
MZ_Air,117,remove_rule,0,15,0.0
MZ_Air,117,move_rule,0,15,0.0
MZ_Air,117,explicit_no_change,6,15,0.4
MZ_Air,117,deterministic_rejection,3,15,0.2
MZ_Air,117,schema_fallback,0,15,0.0
MZ_Air,118,set_param,0,15,0.0
MZ_Air,118,add_rule,0,15,0.0
MZ_Air,118,replace_rule,3,15,0.2
MZ_Air,118,remove_rule,0,15,0.0
MZ_Air,118,move_rule,0,15,0.0
MZ_Air,118,explicit_no_change,11,15,0.7333333333333333
MZ_Air,118,deterministic_rejection,1,15,0.06666666666666667
MZ_Air,118,schema_fallback,0,15,0.0
MZ_Air,119,set_param,0,15,0.0
MZ_Air,119,add_rule,0,15,0.0
MZ_Air,119,replace_rule,3,15,0.2
MZ_Air,119,remove_rule,0,15,0.0
MZ_Air,119,move_rule,0,15,0.0
MZ_Air,119,explicit_no_change,11,15,0.7333333333333333
MZ_Air,119,deterministic_rejection,1,15,0.06666666666666667
MZ_Air,119,schema_fallback,0,15,0.0
MZ_Air,120,set_param,1,15,0.06666666666666667
MZ_Air,120,add_rule,0,15,0.0
MZ_Air,120,replace_rule,2,15,0.13333333333333333
MZ_Air,120,remove_rule,0,15,0.0
MZ_Air,120,move_rule,0,15,0.0
MZ_Air,120,explicit_no_change,10,15,0.6666666666666666
MZ_Air,120,deterministic_rejection,2,15,0.13333333333333333
MZ_Air,120,schema_fallback,0,15,0.0
MZ_Air,121,set_param,0,15,0.0
MZ_Air,121,add_rule,1,15,0.06666666666666667
MZ_Air,121,replace_rule,4,15,0.26666666666666666
MZ_Air,121,remove_rule,0,15,0.0
MZ_Air,121,move_rule,0,15,0.0
MZ_Air,121,explicit_no_change,7,15,0.4666666666666667
MZ_Air,121,deterministic_rejection,3,15,0.2
MZ_Air,121,schema_fallback,0,15,0.0
MZ_Air,122,set_param,0,15,0.0
MZ_Air,122,add_rule,0,15,0.0
MZ_Air,122,replace_rule,1,15,0.06666666666666667
MZ_Air,122,remove_rule,0,15,0.0
MZ_Air,122,move_rule,0,15,0.0
MZ_Air,122,explicit_no_change,12,15,0.8
MZ_Air,122,deterministic_rejection,2,15,0.13333333333333333
MZ_Air,122,schema_fallback,0,15,0.0
MZ_Air,123,set_param,0,15,0.0
MZ_Air,123,add_rule,0,15,0.0
MZ_Air,123,replace_rule,1,15,0.06666666666666667
MZ_Air,123,remove_rule,0,15,0.0
MZ_Air,123,move_rule,0,15,0.0
MZ_Air,123,explicit_no_change,12,15,0.8
MZ_Air,123,deterministic_rejection,2,15,0.13333333333333333
MZ_Air,123,schema_fallback,0,15,0.0
MZ_Air,124,set_param,0,15,0.0
MZ_Air,124,add_rule,0,15,0.0
MZ_Air,124,replace_rule,2,15,0.13333333333333333
MZ_Air,124,remove_rule,0,15,0.0
MZ_Air,124,move_rule,0,15,0.0
MZ_Air,124,explicit_no_change,11,15,0.7333333333333333
MZ_Air,124,deterministic_rejection,2,15,0.13333333333333333
MZ_Air,124,schema_fallback,0,15,0.0
MZ_Air,125,set_param,0,15,0.0
MZ_Air,125,add_rule,0,15,0.0
MZ_Air,125,replace_rule,1,15,0.06666666666666667
MZ_Air,125,remove_rule,0,15,0.0
MZ_Air,125,move_rule,0,15,0.0
MZ_Air,125,explicit_no_change,13,15,0.8666666666666667
MZ_Air,125,deterministic_rejection,1,15,0.06666666666666667
MZ_Air,125,schema_fallback,0,15,0.0
MZ_Air,126,set_param,3,15,0.2
MZ_Air,126,add_rule,0,15,0.0
MZ_Air,126,replace_rule,1,15,0.06666666666666667
MZ_Air,126,remove_rule,1,15,0.06666666666666667
MZ_Air,126,move_rule,0,15,0.0
MZ_Air,126,explicit_no_change,9,15,0.6
MZ_Air,126,deterministic_rejection,1,15,0.06666666666666667
MZ_Air,126,schema_fallback,0,15,0.0
MZ_Air,127,set_param,0,15,0.0
MZ_Air,127,add_rule,1,15,0.06666666666666667
MZ_Air,127,replace_rule,2,15,0.13333333333333333
MZ_Air,127,remove_rule,0,15,0.0
MZ_Air,127,move_rule,0,15,0.0
MZ_Air,127,explicit_no_change,9,15,0.6
MZ_Air,127,deterministic_rejection,3,15,0.2
MZ_Air,127,schema_fallback,0,15,0.0
MZ_Air,128,set_param,1,15,0.06666666666666667
MZ_Air,128,add_rule,0,15,0.0
MZ_Air,128,replace_rule,0,15,0.0
MZ_Air,128,remove_rule,3,15,0.2
MZ_Air,128,move_rule,0,15,0.0
MZ_Air,128,explicit_no_change,8,15,0.5333333333333333
MZ_Air,128,deterministic_rejection,3,15,0.2
MZ_Air,128,schema_fallback,0,15,0.0
MZ_Air,129,set_param,6,15,0.4
MZ_Air,129,add_rule,1,15,0.06666666666666667
MZ_Air,129,replace_rule,5,15,0.3333333333333333
MZ_Air,129,remove_rule,0,15,0.0
MZ_Air,129,move_rule,0,15,0.0
MZ_Air,129,explicit_no_change,0,15,0.0
MZ_Air,129,deterministic_rejection,2,15,0.13333333333333333
MZ_Air,129,schema_fallback,1,15,0.06666666666666667
MZ_Air,130,set_param,3,15,0.2
MZ_Air,130,add_rule,0,15,0.0
MZ_Air,130,replace_rule,4,15,0.26666666666666666
MZ_Air,130,remove_rule,1,15,0.06666666666666667
MZ_Air,130,move_rule,0,15,0.0
MZ_Air,130,explicit_no_change,3,15,0.2
MZ_Air,130,deterministic_rejection,4,15,0.26666666666666666
MZ_Air,130,schema_fallback,0,15,0.0
MZ_Air,131,set_param,2,15,0.13333333333333333
MZ_Air,131,add_rule,1,15,0.06666666666666667
MZ_Air,131,replace_rule,5,15,0.3333333333333333
MZ_Air,131,remove_rule,0,15,0.0
MZ_Air,131,move_rule,0,15,0.0
MZ_Air,131,explicit_no_change,1,15,0.06666666666666667
MZ_Air,131,deterministic_rejection,6,15,0.4
MZ_Air,131,schema_fallback,0,15,0.0
MZ_Air,132,set_param,1,15,0.06666666666666667
MZ_Air,132,add_rule,1,15,0.06666666666666667
MZ_Air,132,replace_rule,5,15,0.3333333333333333
MZ_Air,132,remove_rule,0,15,0.0
MZ_Air,132,move_rule,0,15,0.0
MZ_Air,132,explicit_no_change,1,15,0.06666666666666667
MZ_Air,132,deterministic_rejection,7,15,0.4666666666666667
MZ_Air,132,schema_fallback,0,15,0.0
MZ_Air,133,set_param,1,15,0.06666666666666667
MZ_Air,133,add_rule,1,15,0.06666666666666667
MZ_Air,133,replace_rule,4,15,0.26666666666666666
MZ_Air,133,remove_rule,1,15,0.06666666666666667
MZ_Air,133,move_rule,0,15,0.0
MZ_Air,133,explicit_no_change,2,15,0.13333333333333333
MZ_Air,133,deterministic_rejection,5,15,0.3333333333333333
MZ_Air,133,schema_fallback,1,15,0.06666666666666667
MZ_Air,134,set_param,2,15,0.13333333333333333
MZ_Air,134,add_rule,2,15,0.13333333333333333
MZ_Air,134,replace_rule,3,15,0.2
MZ_Air,134,remove_rule,2,15,0.13333333333333333
MZ_Air,134,move_rule,0,15,0.0
MZ_Air,134,explicit_no_change,2,15,0.13333333333333333
MZ_Air,134,deterministic_rejection,2,15,0.13333333333333333
MZ_Air,134,schema_fallback,2,15,0.13333333333333333
MZ_Air,135,set_param,2,15,0.13333333333333333
MZ_Air,135,add_rule,2,15,0.13333333333333333
MZ_Air,135,replace_rule,4,15,0.26666666666666666
MZ_Air,135,remove_rule,0,15,0.0
MZ_Air,135,move_rule,0,15,0.0
MZ_Air,135,explicit_no_change,2,15,0.13333333333333333
MZ_Air,135,deterministic_rejection,5,15,0.3333333333333333
MZ_Air,135,schema_fallback,0,15,0.0
MZ_Air,136,set_param,0,15,0.0
MZ_Air,136,add_rule,0,15,0.0
MZ_Air,136,replace_rule,3,15,0.2
MZ_Air,136,remove_rule,0,15,0.0
MZ_Air,136,move_rule,0,15,0.0
MZ_Air,136,explicit_no_change,4,15,0.26666666666666666
MZ_Air,136,deterministic_rejection,7,15,0.4666666666666667
MZ_Air,136,schema_fallback,1,15,0.06666666666666667
MZ_Air,137,set_param,1,15,0.06666666666666667
MZ_Air,137,add_rule,1,15,0.06666666666666667
MZ_Air,137,replace_rule,4,15,0.26666666666666666
MZ_Air,137,remove_rule,1,15,0.06666666666666667
MZ_Air,137,move_rule,0,15,0.0
MZ_Air,137,explicit_no_change,2,15,0.13333333333333333
MZ_Air,137,deterministic_rejection,5,15,0.3333333333333333
MZ_Air,137,schema_fallback,1,15,0.06666666666666667
MZ_Air,138,set_param,1,15,0.06666666666666667
MZ_Air,138,add_rule,0,15,0.0
MZ_Air,138,replace_rule,2,15,0.13333333333333333
MZ_Air,138,remove_rule,3,15,0.2
MZ_Air,138,move_rule,1,15,0.06666666666666667
MZ_Air,138,explicit_no_change,3,15,0.2
MZ_Air,138,deterministic_rejection,4,15,0.26666666666666666
MZ_Air,138,schema_fallback,1,15,0.06666666666666667
MZ_Air,139,set_param,1,15,0.06666666666666667
MZ_Air,139,add_rule,2,15,0.13333333333333333
MZ_Air,139,replace_rule,2,15,0.13333333333333333
MZ_Air,139,remove_rule,0,15,0.0
MZ_Air,139,move_rule,0,15,0.0
MZ_Air,139,explicit_no_change,6,15,0.4
MZ_Air,139,deterministic_rejection,3,15,0.2
MZ_Air,139,schema_fallback,1,15,0.06666666666666667
MZ_Air,140,set_param,0,15,0.0
MZ_Air,140,add_rule,0,15,0.0
MZ_Air,140,replace_rule,4,15,0.26666666666666666
MZ_Air,140,remove_rule,0,15,0.0
MZ_Air,140,move_rule,0,15,0.0
MZ_Air,140,explicit_no_change,8,15,0.5333333333333333
MZ_Air,140,deterministic_rejection,3,15,0.2
MZ_Air,140,schema_fallback,0,15,0.0
MZ_Air,141,set_param,0,15,0.0
MZ_Air,141,add_rule,0,15,0.0
MZ_Air,141,replace_rule,2,15,0.13333333333333333
MZ_Air,141,remove_rule,0,15,0.0
MZ_Air,141,move_rule,0,15,0.0
MZ_Air,141,explicit_no_change,12,15,0.8
MZ_Air,141,deterministic_rejection,1,15,0.06666666666666667
MZ_Air,141,schema_fallback,0,15,0.0
MZ_Air,142,set_param,0,15,0.0
MZ_Air,142,add_rule,0,15,0.0
MZ_Air,142,replace_rule,5,15,0.3333333333333333
MZ_Air,142,remove_rule,0,15,0.0
MZ_Air,142,move_rule,0,15,0.0
MZ_Air,142,explicit_no_change,10,15,0.6666666666666666
MZ_Air,142,deterministic_rejection,0,15,0.0
MZ_Air,142,schema_fallback,0,15,0.0
MZ_Air,143,set_param,0,15,0.0
MZ_Air,143,add_rule,0,15,0.0
MZ_Air,143,replace_rule,1,15,0.06666666666666667
MZ_Air,143,remove_rule,0,15,0.0
MZ_Air,143,move_rule,0,15,0.0
MZ_Air,143,explicit_no_change,14,15,0.9333333333333333
MZ_Air,143,deterministic_rejection,0,15,0.0
MZ_Air,143,schema_fallback,0,15,0.0
MZ_Air,144,set_param,0,15,0.0
MZ_Air,144,add_rule,0,15,0.0
MZ_Air,144,replace_rule,2,15,0.13333333333333333
MZ_Air,144,remove_rule,0,15,0.0
MZ_Air,144,move_rule,0,15,0.0
MZ_Air,144,explicit_no_change,13,15,0.8666666666666667
MZ_Air,144,deterministic_rejection,0,15,0.0
MZ_Air,144,schema_fallback,0,15,0.0
MZ_Air,145,set_param,0,15,0.0
MZ_Air,145,add_rule,0,15,0.0
MZ_Air,145,replace_rule,1,15,0.06666666666666667
MZ_Air,145,remove_rule,0,15,0.0
MZ_Air,145,move_rule,0,15,0.0
MZ_Air,145,explicit_no_change,14,15,0.9333333333333333
MZ_Air,145,deterministic_rejection,0,15,0.0
MZ_Air,145,schema_fallback,0,15,0.0
MZ_Air,146,set_param,0,15,0.0
MZ_Air,146,add_rule,0,15,0.0
MZ_Air,146,replace_rule,3,15,0.2
MZ_Air,146,remove_rule,0,15,0.0
MZ_Air,146,move_rule,0,15,0.0
MZ_Air,146,explicit_no_change,12,15,0.8
MZ_Air,146,deterministic_rejection,0,15,0.0
MZ_Air,146,schema_fallback,0,15,0.0
MZ_Air,147,set_param,0,15,0.0
MZ_Air,147,add_rule,0,15,0.0
MZ_Air,147,replace_rule,4,15,0.26666666666666666
MZ_Air,147,remove_rule,0,15,0.0
MZ_Air,147,move_rule,0,15,0.0
MZ_Air,147,explicit_no_change,11,15,0.7333333333333333
MZ_Air,147,deterministic_rejection,0,15,0.0
MZ_Air,147,schema_fallback,0,15,0.0
MZ_Air,148,set_param,0,15,0.0
MZ_Air,148,add_rule,0,15,0.0
MZ_Air,148,replace_rule,1,15,0.06666666666666667
MZ_Air,148,remove_rule,0,15,0.0
MZ_Air,148,move_rule,0,15,0.0
MZ_Air,148,explicit_no_change,14,15,0.9333333333333333
MZ_Air,148,deterministic_rejection,0,15,0.0
MZ_Air,148,schema_fallback,0,15,0.0
MZ_Air,149,set_param,0,15,0.0
MZ_Air,149,add_rule,0,15,0.0
MZ_Air,149,replace_rule,0,15,0.0
MZ_Air,149,remove_rule,0,15,0.0
MZ_Air,149,move_rule,0,15,0.0
MZ_Air,149,explicit_no_change,15,15,1.0
MZ_Air,149,deterministic_rejection,0,15,0.0
MZ_Air,149,schema_fallback,0,15,0.0
MZ_Air,150,set_param,2,15,0.13333333333333333
MZ_Air,150,add_rule,0,15,0.0
MZ_Air,150,replace_rule,0,15,0.0
MZ_Air,150,remove_rule,0,15,0.0
MZ_Air,150,move_rule,0,15,0.0
MZ_Air,150,explicit_no_change,13,15,0.8666666666666667
MZ_Air,150,deterministic_rejection,0,15,0.0
MZ_Air,150,schema_fallback,0,15,0.0
MZ_Air,151,set_param,1,15,0.06666666666666667
MZ_Air,151,add_rule,0,15,0.0
MZ_Air,151,replace_rule,4,15,0.26666666666666666
MZ_Air,151,remove_rule,0,15,0.0
MZ_Air,151,move_rule,0,15,0.0
MZ_Air,151,explicit_no_change,10,15,0.6666666666666666
MZ_Air,151,deterministic_rejection,0,15,0.0
MZ_Air,151,schema_fallback,0,15,0.0
MZ_Air,152,set_param,0,15,0.0
MZ_Air,152,add_rule,1,15,0.06666666666666667
MZ_Air,152,replace_rule,3,15,0.2
MZ_Air,152,remove_rule,0,15,0.0
MZ_Air,152,move_rule,0,15,0.0
MZ_Air,152,explicit_no_change,11,15,0.7333333333333333
MZ_Air,152,deterministic_rejection,0,15,0.0
MZ_Air,152,schema_fallback,0,15,0.0
MZ_Air,153,set_param,5,15,0.3333333333333333
MZ_Air,153,add_rule,0,15,0.0
MZ_Air,153,replace_rule,5,15,0.3333333333333333
MZ_Air,153,remove_rule,0,15,0.0
MZ_Air,153,move_rule,0,15,0.0
MZ_Air,153,explicit_no_change,2,15,0.13333333333333333
MZ_Air,153,deterministic_rejection,2,15,0.13333333333333333
MZ_Air,153,schema_fallback,1,15,0.06666666666666667
MZ_Air,154,set_param,1,15,0.06666666666666667
MZ_Air,154,add_rule,0,15,0.0
MZ_Air,154,replace_rule,4,15,0.26666666666666666
MZ_Air,154,remove_rule,1,15,0.06666666666666667
MZ_Air,154,move_rule,2,15,0.13333333333333333
MZ_Air,154,explicit_no_change,2,15,0.13333333333333333
MZ_Air,154,deterministic_rejection,5,15,0.3333333333333333
MZ_Air,154,schema_fallback,0,15,0.0
MZ_Air,155,set_param,1,15,0.06666666666666667
MZ_Air,155,add_rule,1,15,0.06666666666666667
MZ_Air,155,replace_rule,4,15,0.26666666666666666
MZ_Air,155,remove_rule,0,15,0.0
MZ_Air,155,move_rule,0,15,0.0
MZ_Air,155,explicit_no_change,5,15,0.3333333333333333
MZ_Air,155,deterministic_rejection,4,15,0.26666666666666666
MZ_Air,155,schema_fallback,0,15,0.0
MZ_Air,156,set_param,0,15,0.0
MZ_Air,156,add_rule,0,15,0.0
MZ_Air,156,replace_rule,5,15,0.3333333333333333
MZ_Air,156,remove_rule,0,15,0.0
MZ_Air,156,move_rule,0,15,0.0
MZ_Air,156,explicit_no_change,3,15,0.2
MZ_Air,156,deterministic_rejection,7,15,0.4666666666666667
MZ_Air,156,schema_fallback,0,15,0.0
MZ_Air,157,set_param,2,15,0.13333333333333333
MZ_Air,157,add_rule,1,15,0.06666666666666667
MZ_Air,157,replace_rule,6,15,0.4
MZ_Air,157,remove_rule,0,15,0.0
MZ_Air,157,move_rule,0,15,0.0
MZ_Air,157,explicit_no_change,0,15,0.0
MZ_Air,157,deterministic_rejection,4,15,0.26666666666666666
MZ_Air,157,schema_fallback,2,15,0.13333333333333333
MZ_Air,158,set_param,2,15,0.13333333333333333
MZ_Air,158,add_rule,1,15,0.06666666666666667
MZ_Air,158,replace_rule,4,15,0.26666666666666666
MZ_Air,158,remove_rule,0,15,0.0
MZ_Air,158,move_rule,0,15,0.0
MZ_Air,158,explicit_no_change,0,15,0.0
MZ_Air,158,deterministic_rejection,6,15,0.4
MZ_Air,158,schema_fallback,2,15,0.13333333333333333
MZ_Air,159,set_param,1,15,0.06666666666666667
MZ_Air,159,add_rule,0,15,0.0
MZ_Air,159,replace_rule,4,15,0.26666666666666666
MZ_Air,159,remove_rule,1,15,0.06666666666666667
MZ_Air,159,move_rule,0,15,0.0
MZ_Air,159,explicit_no_change,3,15,0.2
MZ_Air,159,deterministic_rejection,6,15,0.4
MZ_Air,159,schema_fallback,0,15,0.0
MZ_Air,160,set_param,0,15,0.0
MZ_Air,160,add_rule,0,15,0.0
MZ_Air,160,replace_rule,6,15,0.4
MZ_Air,160,remove_rule,1,15,0.06666666666666667
MZ_Air,160,move_rule,1,15,0.06666666666666667
MZ_Air,160,explicit_no_change,3,15,0.2
MZ_Air,160,deterministic_rejection,4,15,0.26666666666666666
MZ_Air,160,schema_fallback,0,15,0.0
MZ_Air,161,set_param,1,15,0.06666666666666667
MZ_Air,161,add_rule,0,15,0.0
MZ_Air,161,replace_rule,4,15,0.26666666666666666
MZ_Air,161,remove_rule,1,15,0.06666666666666667
MZ_Air,161,move_rule,0,15,0.0
MZ_Air,161,explicit_no_change,3,15,0.2
MZ_Air,161,deterministic_rejection,6,15,0.4
MZ_Air,161,schema_fallback,0,15,0.0
MZ_Air,162,set_param,0,15,0.0
MZ_Air,162,add_rule,1,15,0.06666666666666667
MZ_Air,162,replace_rule,2,15,0.13333333333333333
MZ_Air,162,remove_rule,1,15,0.06666666666666667
MZ_Air,162,move_rule,1,15,0.06666666666666667
MZ_Air,162,explicit_no_change,3,15,0.2
MZ_Air,162,deterministic_rejection,7,15,0.4666666666666667
MZ_Air,162,schema_fallback,0,15,0.0
MZ_Air,163,set_param,0,15,0.0
MZ_Air,163,add_rule,0,15,0.0
MZ_Air,163,replace_rule,4,15,0.26666666666666666
MZ_Air,163,remove_rule,0,15,0.0
MZ_Air,163,move_rule,0,15,0.0
MZ_Air,163,explicit_no_change,2,15,0.13333333333333333
MZ_Air,163,deterministic_rejection,8,15,0.5333333333333333
MZ_Air,163,schema_fallback,1,15,0.06666666666666667
MZ_Air,164,set_param,0,15,0.0
MZ_Air,164,add_rule,1,15,0.06666666666666667
MZ_Air,164,replace_rule,5,15,0.3333333333333333
MZ_Air,164,remove_rule,0,15,0.0
MZ_Air,164,move_rule,0,15,0.0
MZ_Air,164,explicit_no_change,2,15,0.13333333333333333
MZ_Air,164,deterministic_rejection,7,15,0.4666666666666667
MZ_Air,164,schema_fallback,0,15,0.0
MZ_Air,165,set_param,0,15,0.0
MZ_Air,165,add_rule,0,15,0.0
MZ_Air,165,replace_rule,3,15,0.2
MZ_Air,165,remove_rule,0,15,0.0
MZ_Air,165,move_rule,0,15,0.0
MZ_Air,165,explicit_no_change,7,15,0.4666666666666667
MZ_Air,165,deterministic_rejection,5,15,0.3333333333333333
MZ_Air,165,schema_fallback,0,15,0.0
MZ_Air,166,set_param,0,15,0.0
MZ_Air,166,add_rule,0,15,0.0
MZ_Air,166,replace_rule,5,15,0.3333333333333333
MZ_Air,166,remove_rule,0,15,0.0
MZ_Air,166,move_rule,0,15,0.0
MZ_Air,166,explicit_no_change,7,15,0.4666666666666667
MZ_Air,166,deterministic_rejection,3,15,0.2
MZ_Air,166,schema_fallback,0,15,0.0
MZ_Air,167,set_param,0,15,0.0
MZ_Air,167,add_rule,0,15,0.0
MZ_Air,167,replace_rule,2,15,0.13333333333333333
MZ_Air,167,remove_rule,0,15,0.0
MZ_Air,167,move_rule,0,15,0.0
MZ_Air,167,explicit_no_change,10,15,0.6666666666666666
MZ_Air,167,deterministic_rejection,3,15,0.2
MZ_Air,167,schema_fallback,0,15,0.0
MZ_Air,168,set_param,0,15,0.0
MZ_Air,168,add_rule,0,15,0.0
MZ_Air,168,replace_rule,2,15,0.13333333333333333
MZ_Air,168,remove_rule,0,15,0.0
MZ_Air,168,move_rule,0,15,0.0
MZ_Air,168,explicit_no_change,11,15,0.7333333333333333
MZ_Air,168,deterministic_rejection,2,15,0.13333333333333333
MZ_Air,168,schema_fallback,0,15,0.0
