case,repeat,hour,zone,category,operation,status,program_version_before,program_version_after,program_hash_before,program_hash_after,transition_ok
SZ_Air,R01,1,zone1,explicit_no_change,no_change,accepted,0,0,148991b618bd78876809d302dfbcf3b2564abb5dd76b40327e4181f49b773ba8,148991b618bd78876809d302dfbcf3b2564abb5dd76b40327e4181f49b773ba8,True
SZ_Air,R01,2,zone1,explicit_no_change,no_change,accepted,0,0,148991b618bd78876809d302dfbcf3b2564abb5dd76b40327e4181f49b773ba8,148991b618bd78876809d302dfbcf3b2564abb5dd76b40327e4181f49b773ba8,True
SZ_Air,R01,3,zone1,explicit_no_change,no_change,accepted,0,0,148991b618bd78876809d302dfbcf3b2564abb5dd76b40327e4181f49b773ba8,148991b618bd78876809d302dfbcf3b2564abb5dd76b40327e4181f49b773ba8,True
SZ_Air,R01,4,zone1,explicit_no_change,no_change,accepted,0,0,148991b618bd78876809d302dfbcf3b2564abb5dd76b40327e4181f49b773ba8,148991b618bd78876809d302dfbcf3b2564abb5dd76b40327e4181f49b773ba8,True
SZ_Air,R01,5,zone1,explicit_no_change,no_change,accepted,0,0,148991b618bd78876809d302dfbcf3b2564abb5dd76b40327e4181f49b773ba8,148991b618bd78876809d302dfbcf3b2564abb5dd76b40327e4181f49b773ba8,True
SZ_Air,R01,6,zone1,explicit_no_change,no_change,accepted,0,0,148991b618bd78876809d302dfbcf3b2564abb5dd76b40327e4181f49b773ba8,148991b618bd78876809d302dfbcf3b2564abb5dd76b40327e4181f49b773ba8,True
SZ_Air,R01,7,zone1,explicit_no_change,no_change,accepted,0,0,148991b618bd78876809d302dfbcf3b2564abb5dd76b40327e4181f49b773ba8,148991b618bd78876809d302dfbcf3b2564abb5dd76b40327e4181f49b773ba8,True
SZ_Air,R01,8,zone1,set_param,set_param,accepted,0,1,148991b618bd78876809d302dfbcf3b2564abb5dd76b40327e4181f49b773ba8,59be3500b0f167b6d5e04647d4307a541702c017ddab4d61052d1ad856fc073c,True
SZ_Air,R01,9,zone1,schema_fallback,no_change,model_output_rejected,1,1,59be3500b0f167b6d5e04647d4307a541702c017ddab4d61052d1ad856fc073c,59be3500b0f167b6d5e04647d4307a541702c017ddab4d61052d1ad856fc073c,True
SZ_Air,R01,10,zone1,deterministic_rejection,set_param,rejected,1,1,59be3500b0f167b6d5e04647d4307a541702c017ddab4d61052d1ad856fc073c,59be3500b0f167b6d5e04647d4307a541702c017ddab4d61052d1ad856fc073c,True
SZ_Air,R01,11,zone1,set_param,set_param,accepted,1,2,59be3500b0f167b6d5e04647d4307a541702c017ddab4d61052d1ad856fc073c,0913b25ded44f57b582dfa124fd438e189f77e5ae10254a46e6b75c4f99e64a9,True
SZ_Air,R01,12,zone1,deterministic_rejection,replace_rule,rejected,2,2,0913b25ded44f57b582dfa124fd438e189f77e5ae10254a46e6b75c4f99e64a9,0913b25ded44f57b582dfa124fd438e189f77e5ae10254a46e6b75c4f99e64a9,True
SZ_Air,R01,13,zone1,deterministic_rejection,add_rule,rejected,2,2,0913b25ded44f57b582dfa124fd438e189f77e5ae10254a46e6b75c4f99e64a9,0913b25ded44f57b582dfa124fd438e189f77e5ae10254a46e6b75c4f99e64a9,True
SZ_Air,R01,14,zone1,add_rule,add_rule,accepted,2,3,0913b25ded44f57b582dfa124fd438e189f77e5ae10254a46e6b75c4f99e64a9,613a2a80736e5b237e7d2e6453ddf2f59aff9ea2ecaf5a211e423db96f045e3a,True
SZ_Air,R01,15,zone1,deterministic_rejection,add_rule,rejected,3,3,613a2a80736e5b237e7d2e6453ddf2f59aff9ea2ecaf5a211e423db96f045e3a,613a2a80736e5b237e7d2e6453ddf2f59aff9ea2ecaf5a211e423db96f045e3a,True
SZ_Air,R01,16,zone1,deterministic_rejection,set_param,rejected,3,3,613a2a80736e5b237e7d2e6453ddf2f59aff9ea2ecaf5a211e423db96f045e3a,613a2a80736e5b237e7d2e6453ddf2f59aff9ea2ecaf5a211e423db96f045e3a,True
SZ_Air,R01,17,zone1,deterministic_rejection,add_rule,rejected,3,3,613a2a80736e5b237e7d2e6453ddf2f59aff9ea2ecaf5a211e423db96f045e3a,613a2a80736e5b237e7d2e6453ddf2f59aff9ea2ecaf5a211e423db96f045e3a,True
SZ_Air,R01,18,zone1,schema_fallback,no_change,model_output_rejected,3,3,613a2a80736e5b237e7d2e6453ddf2f59aff9ea2ecaf5a211e423db96f045e3a,613a2a80736e5b237e7d2e6453ddf2f59aff9ea2ecaf5a211e423db96f045e3a,True
SZ_Air,R01,19,zone1,remove_rule,remove_rule,accepted,3,4,613a2a80736e5b237e7d2e6453ddf2f59aff9ea2ecaf5a211e423db96f045e3a,0913b25ded44f57b582dfa124fd438e189f77e5ae10254a46e6b75c4f99e64a9,True
SZ_Air,R01,20,zone1,explicit_no_change,no_change,accepted,4,4,0913b25ded44f57b582dfa124fd438e189f77e5ae10254a46e6b75c4f99e64a9,0913b25ded44f57b582dfa124fd438e189f77e5ae10254a46e6b75c4f99e64a9,True
SZ_Air,R01,21,zone1,explicit_no_change,no_change,accepted,4,4,0913b25ded44f57b582dfa124fd438e189f77e5ae10254a46e6b75c4f99e64a9,0913b25ded44f57b582dfa124fd438e189f77e5ae10254a46e6b75c4f99e64a9,True
SZ_Air,R01,22,zone1,explicit_no_change,no_change,accepted,4,4,0913b25ded44f57b582dfa124fd438e189f77e5ae10254a46e6b75c4f99e64a9,0913b25ded44f57b582dfa124fd438e189f77e5ae10254a46e6b75c4f99e64a9,True
SZ_Air,R01,23,zone1,explicit_no_change,no_change,accepted,4,4,0913b25ded44f57b582dfa124fd438e189f77e5ae10254a46e6b75c4f99e64a9,0913b25ded44f57b582dfa124fd438e189f77e5ae10254a46e6b75c4f99e64a9,True
SZ_Air,R01,24,zone1,explicit_no_change,no_change,accepted,4,4,0913b25ded44f57b582dfa124fd438e189f77e5ae10254a46e6b75c4f99e64a9,0913b25ded44f57b582dfa124fd438e189f77e5ae10254a46e6b75c4f99e64a9,True
SZ_Air,R01,25,zone1,explicit_no_change,no_change,accepted,4,4,0913b25ded44f57b582dfa124fd438e189f77e5ae10254a46e6b75c4f99e64a9,0913b25ded44f57b582dfa124fd438e189f77e5ae10254a46e6b75c4f99e64a9,True
SZ_Air,R01,26,zone1,explicit_no_change,no_change,accepted,4,4,0913b25ded44f57b582dfa124fd438e189f77e5ae10254a46e6b75c4f99e64a9,0913b25ded44f57b582dfa124fd438e189f77e5ae10254a46e6b75c4f99e64a9,True
SZ_Air,R01,27,zone1,explicit_no_change,no_change,accepted,4,4,0913b25ded44f57b582dfa124fd438e189f77e5ae10254a46e6b75c4f99e64a9,0913b25ded44f57b582dfa124fd438e189f77e5ae10254a46e6b75c4f99e64a9,True
SZ_Air,R01,28,zone1,explicit_no_change,no_change,accepted,4,4,0913b25ded44f57b582dfa124fd438e189f77e5ae10254a46e6b75c4f99e64a9,0913b25ded44f57b582dfa124fd438e189f77e5ae10254a46e6b75c4f99e64a9,True
SZ_Air,R01,29,zone1,explicit_no_change,no_change,accepted,4,4,0913b25ded44f57b582dfa124fd438e189f77e5ae10254a46e6b75c4f99e64a9,0913b25ded44f57b582dfa124fd438e189f77e5ae10254a46e6b75c4f99e64a9,True
SZ_Air,R01,30,zone1,explicit_no_change,no_change,accepted,4,4,0913b25ded44f57b582dfa124fd438e189f77e5ae10254a46e6b75c4f99e64a9,0913b25ded44f57b582dfa124fd438e189f77e5ae10254a46e6b75c4f99e64a9,True
SZ_Air,R01,31,zone1,explicit_no_change,no_change,accepted,4,4,0913b25ded44f57b582dfa124fd438e189f77e5ae10254a46e6b75c4f99e64a9,0913b25ded44f57b582dfa124fd438e189f77e5ae10254a46e6b75c4f99e64a9,True
SZ_Air,R01,32,zone1,set_param,set_param,accepted,4,5,0913b25ded44f57b582dfa124fd438e189f77e5ae10254a46e6b75c4f99e64a9,ee290b970937c63da5a6a7b345c2fe23a01b5f49adee8b0849610430e5c7f0f7,True
SZ_Air,R01,33,zone1,deterministic_rejection,add_rule,rejected,5,5,ee290b970937c63da5a6a7b345c2fe23a01b5f49adee8b0849610430e5c7f0f7,ee290b970937c63da5a6a7b345c2fe23a01b5f49adee8b0849610430e5c7f0f7,True
SZ_Air,R01,34,zone1,set_param,set_param,accepted,5,6,ee290b970937c63da5a6a7b345c2fe23a01b5f49adee8b0849610430e5c7f0f7,c6a6eb47fe9604da24d7233969c4cb1e2d9630e49b91db8b0b938d99845dda7c,True
SZ_Air,R01,35,zone1,deterministic_rejection,replace_rule,rejected,6,6,c6a6eb47fe9604da24d7233969c4cb1e2d9630e49b91db8b0b938d99845dda7c,c6a6eb47fe9604da24d7233969c4cb1e2d9630e49b91db8b0b938d99845dda7c,True
SZ_Air,R01,36,zone1,deterministic_rejection,replace_rule,rejected,6,6,c6a6eb47fe9604da24d7233969c4cb1e2d9630e49b91db8b0b938d99845dda7c,c6a6eb47fe9604da24d7233969c4cb1e2d9630e49b91db8b0b938d99845dda7c,True
SZ_Air,R01,37,zone1,set_param,set_param,accepted,6,7,c6a6eb47fe9604da24d7233969c4cb1e2d9630e49b91db8b0b938d99845dda7c,ee290b970937c63da5a6a7b345c2fe23a01b5f49adee8b0849610430e5c7f0f7,True
SZ_Air,R01,38,zone1,set_param,set_param,accepted,7,8,ee290b970937c63da5a6a7b345c2fe23a01b5f49adee8b0849610430e5c7f0f7,7a74d4d2dd69c6bc6e09bcbd223b5502ffd20d8ae28679881371eb65df50fbf6,True
SZ_Air,R01,39,zone1,deterministic_rejection,replace_rule,rejected,8,8,7a74d4d2dd69c6bc6e09bcbd223b5502ffd20d8ae28679881371eb65df50fbf6,7a74d4d2dd69c6bc6e09bcbd223b5502ffd20d8ae28679881371eb65df50fbf6,True
SZ_Air,R01,40,zone1,schema_fallback,no_change,model_output_rejected,8,8,7a74d4d2dd69c6bc6e09bcbd223b5502ffd20d8ae28679881371eb65df50fbf6,7a74d4d2dd69c6bc6e09bcbd223b5502ffd20d8ae28679881371eb65df50fbf6,True
SZ_Air,R01,41,zone1,deterministic_rejection,replace_rule,rejected,8,8,7a74d4d2dd69c6bc6e09bcbd223b5502ffd20d8ae28679881371eb65df50fbf6,7a74d4d2dd69c6bc6e09bcbd223b5502ffd20d8ae28679881371eb65df50fbf6,True
SZ_Air,R01,42,zone1,deterministic_rejection,add_rule,rejected,8,8,7a74d4d2dd69c6bc6e09bcbd223b5502ffd20d8ae28679881371eb65df50fbf6,7a74d4d2dd69c6bc6e09bcbd223b5502ffd20d8ae28679881371eb65df50fbf6,True
SZ_Air,R01,43,zone1,set_param,set_param,accepted,8,9,7a74d4d2dd69c6bc6e09bcbd223b5502ffd20d8ae28679881371eb65df50fbf6,ee290b970937c63da5a6a7b345c2fe23a01b5f49adee8b0849610430e5c7f0f7,True
SZ_Air,R01,44,zone1,deterministic_rejection,add_rule,rejected,9,9,ee290b970937c63da5a6a7b345c2fe23a01b5f49adee8b0849610430e5c7f0f7,ee290b970937c63da5a6a7b345c2fe23a01b5f49adee8b0849610430e5c7f0f7,True
SZ_Air,R01,45,zone1,explicit_no_change,no_change,accepted,9,9,ee290b970937c63da5a6a7b345c2fe23a01b5f49adee8b0849610430e5c7f0f7,ee290b970937c63da5a6a7b345c2fe23a01b5f49adee8b0849610430e5c7f0f7,True
SZ_Air,R01,46,zone1,explicit_no_change,no_change,accepted,9,9,ee290b970937c63da5a6a7b345c2fe23a01b5f49adee8b0849610430e5c7f0f7,ee290b970937c63da5a6a7b345c2fe23a01b5f49adee8b0849610430e5c7f0f7,True
SZ_Air,R01,47,zone1,explicit_no_change,no_change,accepted,9,9,ee290b970937c63da5a6a7b345c2fe23a01b5f49adee8b0849610430e5c7f0f7,ee290b970937c63da5a6a7b345c2fe23a01b5f49adee8b0849610430e5c7f0f7,True
SZ_Air,R01,48,zone1,explicit_no_change,no_change,accepted,9,9,ee290b970937c63da5a6a7b345c2fe23a01b5f49adee8b0849610430e5c7f0f7,ee290b970937c63da5a6a7b345c2fe23a01b5f49adee8b0849610430e5c7f0f7,True
SZ_Air,R01,49,zone1,explicit_no_change,no_change,accepted,9,9,ee290b970937c63da5a6a7b345c2fe23a01b5f49adee8b0849610430e5c7f0f7,ee290b970937c63da5a6a7b345c2fe23a01b5f49adee8b0849610430e5c7f0f7,True
SZ_Air,R01,50,zone1,explicit_no_change,no_change,accepted,9,9,ee290b970937c63da5a6a7b345c2fe23a01b5f49adee8b0849610430e5c7f0f7,ee290b970937c63da5a6a7b345c2fe23a01b5f49adee8b0849610430e5c7f0f7,True
SZ_Air,R01,51,zone1,explicit_no_change,no_change,accepted,9,9,ee290b970937c63da5a6a7b345c2fe23a01b5f49adee8b0849610430e5c7f0f7,ee290b970937c63da5a6a7b345c2fe23a01b5f49adee8b0849610430e5c7f0f7,True
SZ_Air,R01,52,zone1,explicit_no_change,no_change,accepted,9,9,ee290b970937c63da5a6a7b345c2fe23a01b5f49adee8b0849610430e5c7f0f7,ee290b970937c63da5a6a7b345c2fe23a01b5f49adee8b0849610430e5c7f0f7,True
SZ_Air,R01,53,zone1,explicit_no_change,no_change,accepted,9,9,ee290b970937c63da5a6a7b345c2fe23a01b5f49adee8b0849610430e5c7f0f7,ee290b970937c63da5a6a7b345c2fe23a01b5f49adee8b0849610430e5c7f0f7,True
SZ_Air,R01,54,zone1,explicit_no_change,no_change,accepted,9,9,ee290b970937c63da5a6a7b345c2fe23a01b5f49adee8b0849610430e5c7f0f7,ee290b970937c63da5a6a7b345c2fe23a01b5f49adee8b0849610430e5c7f0f7,True
SZ_Air,R01,55,zone1,explicit_no_change,no_change,accepted,9,9,ee290b970937c63da5a6a7b345c2fe23a01b5f49adee8b0849610430e5c7f0f7,ee290b970937c63da5a6a7b345c2fe23a01b5f49adee8b0849610430e5c7f0f7,True
SZ_Air,R01,56,zone1,set_param,set_param,accepted,9,10,ee290b970937c63da5a6a7b345c2fe23a01b5f49adee8b0849610430e5c7f0f7,ca3eb90331e09919cb9a7a0a8697892aa69a164d6c74c354517aece62354fa33,True
SZ_Air,R01,57,zone1,deterministic_rejection,move_rule,rejected,10,10,ca3eb90331e09919cb9a7a0a8697892aa69a164d6c74c354517aece62354fa33,ca3eb90331e09919cb9a7a0a8697892aa69a164d6c74c354517aece62354fa33,True
SZ_Air,R01,58,zone1,deterministic_rejection,set_param,rejected,10,10,ca3eb90331e09919cb9a7a0a8697892aa69a164d6c74c354517aece62354fa33,ca3eb90331e09919cb9a7a0a8697892aa69a164d6c74c354517aece62354fa33,True
SZ_Air,R01,59,zone1,deterministic_rejection,set_param,rejected,10,10,ca3eb90331e09919cb9a7a0a8697892aa69a164d6c74c354517aece62354fa33,ca3eb90331e09919cb9a7a0a8697892aa69a164d6c74c354517aece62354fa33,True
SZ_Air,R01,60,zone1,deterministic_rejection,replace_rule,rejected,10,10,ca3eb90331e09919cb9a7a0a8697892aa69a164d6c74c354517aece62354fa33,ca3eb90331e09919cb9a7a0a8697892aa69a164d6c74c354517aece62354fa33,True
SZ_Air,R01,61,zone1,deterministic_rejection,add_rule,rejected,10,10,ca3eb90331e09919cb9a7a0a8697892aa69a164d6c74c354517aece62354fa33,ca3eb90331e09919cb9a7a0a8697892aa69a164d6c74c354517aece62354fa33,True
SZ_Air,R01,62,zone1,deterministic_rejection,replace_rule,rejected,10,10,ca3eb90331e09919cb9a7a0a8697892aa69a164d6c74c354517aece62354fa33,ca3eb90331e09919cb9a7a0a8697892aa69a164d6c74c354517aece62354fa33,True
SZ_Air,R01,63,zone1,schema_fallback,no_change,model_output_rejected,10,10,ca3eb90331e09919cb9a7a0a8697892aa69a164d6c74c354517aece62354fa33,ca3eb90331e09919cb9a7a0a8697892aa69a164d6c74c354517aece62354fa33,True
SZ_Air,R01,64,zone1,set_param,set_param,accepted,10,11,ca3eb90331e09919cb9a7a0a8697892aa69a164d6c74c354517aece62354fa33,a3ea228c214af3ad25eff19c24c93e5345af4a512f097321dc3f5a687a378724,True
SZ_Air,R01,65,zone1,explicit_no_change,no_change,accepted,11,11,a3ea228c214af3ad25eff19c24c93e5345af4a512f097321dc3f5a687a378724,a3ea228c214af3ad25eff19c24c93e5345af4a512f097321dc3f5a687a378724,True
SZ_Air,R01,66,zone1,explicit_no_change,no_change,accepted,11,11,a3ea228c214af3ad25eff19c24c93e5345af4a512f097321dc3f5a687a378724,a3ea228c214af3ad25eff19c24c93e5345af4a512f097321dc3f5a687a378724,True
SZ_Air,R01,67,zone1,replace_rule,replace_rule,accepted,11,12,a3ea228c214af3ad25eff19c24c93e5345af4a512f097321dc3f5a687a378724,0a8567e94f76ebf1e2cf9fa8975401ca444b73555798937d42801d2524a2a84c,True
SZ_Air,R01,68,zone1,replace_rule,replace_rule,accepted,12,13,0a8567e94f76ebf1e2cf9fa8975401ca444b73555798937d42801d2524a2a84c,04aaeae3987597414fffca72f8b2b67c123a255661e522d81013d7f7ee00b6c2,True
SZ_Air,R01,69,zone1,replace_rule,replace_rule,accepted,13,14,04aaeae3987597414fffca72f8b2b67c123a255661e522d81013d7f7ee00b6c2,a0f46e346f30c6145d7b7f94037def23f4276fcb8bcff61e4dbf2e4801ac6ab6,True
SZ_Air,R01,70,zone1,explicit_no_change,no_change,accepted,14,14,a0f46e346f30c6145d7b7f94037def23f4276fcb8bcff61e4dbf2e4801ac6ab6,a0f46e346f30c6145d7b7f94037def23f4276fcb8bcff61e4dbf2e4801ac6ab6,True
SZ_Air,R01,71,zone1,explicit_no_change,no_change,accepted,14,14,a0f46e346f30c6145d7b7f94037def23f4276fcb8bcff61e4dbf2e4801ac6ab6,a0f46e346f30c6145d7b7f94037def23f4276fcb8bcff61e4dbf2e4801ac6ab6,True
SZ_Air,R01,72,zone1,explicit_no_change,no_change,accepted,14,14,a0f46e346f30c6145d7b7f94037def23f4276fcb8bcff61e4dbf2e4801ac6ab6,a0f46e346f30c6145d7b7f94037def23f4276fcb8bcff61e4dbf2e4801ac6ab6,True
SZ_Air,R01,73,zone1,explicit_no_change,no_change,accepted,14,14,a0f46e346f30c6145d7b7f94037def23f4276fcb8bcff61e4dbf2e4801ac6ab6,a0f46e346f30c6145d7b7f94037def23f4276fcb8bcff61e4dbf2e4801ac6ab6,True
SZ_Air,R01,74,zone1,explicit_no_change,no_change,accepted,14,14,a0f46e346f30c6145d7b7f94037def23f4276fcb8bcff61e4dbf2e4801ac6ab6,a0f46e346f30c6145d7b7f94037def23f4276fcb8bcff61e4dbf2e4801ac6ab6,True
SZ_Air,R01,75,zone1,explicit_no_change,no_change,accepted,14,14,a0f46e346f30c6145d7b7f94037def23f4276fcb8bcff61e4dbf2e4801ac6ab6,a0f46e346f30c6145d7b7f94037def23f4276fcb8bcff61e4dbf2e4801ac6ab6,True
SZ_Air,R01,76,zone1,explicit_no_change,no_change,accepted,14,14,a0f46e346f30c6145d7b7f94037def23f4276fcb8bcff61e4dbf2e4801ac6ab6,a0f46e346f30c6145d7b7f94037def23f4276fcb8bcff61e4dbf2e4801ac6ab6,True
SZ_Air,R01,77,zone1,explicit_no_change,no_change,accepted,14,14,a0f46e346f30c6145d7b7f94037def23f4276fcb8bcff61e4dbf2e4801ac6ab6,a0f46e346f30c6145d7b7f94037def23f4276fcb8bcff61e4dbf2e4801ac6ab6,True
SZ_Air,R01,78,zone1,explicit_no_change,no_change,accepted,14,14,a0f46e346f30c6145d7b7f94037def23f4276fcb8bcff61e4dbf2e4801ac6ab6,a0f46e346f30c6145d7b7f94037def23f4276fcb8bcff61e4dbf2e4801ac6ab6,True
SZ_Air,R01,79,zone1,explicit_no_change,no_change,accepted,14,14,a0f46e346f30c6145d7b7f94037def23f4276fcb8bcff61e4dbf2e4801ac6ab6,a0f46e346f30c6145d7b7f94037def23f4276fcb8bcff61e4dbf2e4801ac6ab6,True
SZ_Air,R01,80,zone1,set_param,set_param,accepted,14,15,a0f46e346f30c6145d7b7f94037def23f4276fcb8bcff61e4dbf2e4801ac6ab6,aeb7f843f635cc035e09322c73d29952de72e66bc05007c95a9200b6be2a96d4,True
SZ_Air,R01,81,zone1,deterministic_rejection,set_param,rejected,15,15,aeb7f843f635cc035e09322c73d29952de72e66bc05007c95a9200b6be2a96d4,aeb7f843f635cc035e09322c73d29952de72e66bc05007c95a9200b6be2a96d4,True
SZ_Air,R01,82,zone1,deterministic_rejection,set_param,rejected,15,15,aeb7f843f635cc035e09322c73d29952de72e66bc05007c95a9200b6be2a96d4,aeb7f843f635cc035e09322c73d29952de72e66bc05007c95a9200b6be2a96d4,True
SZ_Air,R01,83,zone1,set_param,set_param,accepted,15,16,aeb7f843f635cc035e09322c73d29952de72e66bc05007c95a9200b6be2a96d4,6fe751858a9fda5a6516e7dc02a63118909452bb70cc7ddcefde1c85d526a83d,True
SZ_Air,R01,84,zone1,deterministic_rejection,replace_rule,rejected,16,16,6fe751858a9fda5a6516e7dc02a63118909452bb70cc7ddcefde1c85d526a83d,6fe751858a9fda5a6516e7dc02a63118909452bb70cc7ddcefde1c85d526a83d,True
SZ_Air,R01,85,zone1,explicit_no_change,no_change,accepted,16,16,6fe751858a9fda5a6516e7dc02a63118909452bb70cc7ddcefde1c85d526a83d,6fe751858a9fda5a6516e7dc02a63118909452bb70cc7ddcefde1c85d526a83d,True
SZ_Air,R01,86,zone1,deterministic_rejection,replace_rule,rejected,16,16,6fe751858a9fda5a6516e7dc02a63118909452bb70cc7ddcefde1c85d526a83d,6fe751858a9fda5a6516e7dc02a63118909452bb70cc7ddcefde1c85d526a83d,True
SZ_Air,R01,87,zone1,explicit_no_change,no_change,accepted,16,16,6fe751858a9fda5a6516e7dc02a63118909452bb70cc7ddcefde1c85d526a83d,6fe751858a9fda5a6516e7dc02a63118909452bb70cc7ddcefde1c85d526a83d,True
SZ_Air,R01,88,zone1,deterministic_rejection,set_param,rejected,16,16,6fe751858a9fda5a6516e7dc02a63118909452bb70cc7ddcefde1c85d526a83d,6fe751858a9fda5a6516e7dc02a63118909452bb70cc7ddcefde1c85d526a83d,True
SZ_Air,R01,89,zone1,replace_rule,replace_rule,accepted,16,17,6fe751858a9fda5a6516e7dc02a63118909452bb70cc7ddcefde1c85d526a83d,72082fa4b328da51c2357c2eee4aaa421d023960c85bd49c0961e99043d0ea23,True
SZ_Air,R01,90,zone1,deterministic_rejection,replace_rule,rejected,17,17,72082fa4b328da51c2357c2eee4aaa421d023960c85bd49c0961e99043d0ea23,72082fa4b328da51c2357c2eee4aaa421d023960c85bd49c0961e99043d0ea23,True
SZ_Air,R01,91,zone1,deterministic_rejection,replace_rule,rejected,17,17,72082fa4b328da51c2357c2eee4aaa421d023960c85bd49c0961e99043d0ea23,72082fa4b328da51c2357c2eee4aaa421d023960c85bd49c0961e99043d0ea23,True
SZ_Air,R01,92,zone1,replace_rule,replace_rule,accepted,17,18,72082fa4b328da51c2357c2eee4aaa421d023960c85bd49c0961e99043d0ea23,a17b8a3f7e8f6ce07f703788662bb5b899b1a9343c7780a9ba7f59991fe8b2be,True
SZ_Air,R01,93,zone1,replace_rule,replace_rule,accepted,18,19,a17b8a3f7e8f6ce07f703788662bb5b899b1a9343c7780a9ba7f59991fe8b2be,65491563d188b195d9a0d57e0e29b3ab9a92870263e0ce9a0a2eb942b9204cb2,True
SZ_Air,R01,94,zone1,replace_rule,replace_rule,accepted,19,20,65491563d188b195d9a0d57e0e29b3ab9a92870263e0ce9a0a2eb942b9204cb2,516afba4b6f02e6fc90170bb6a546817bfd19c5b4be6b801e2c3742a11d230f2,True
SZ_Air,R01,95,zone1,replace_rule,replace_rule,accepted,20,21,516afba4b6f02e6fc90170bb6a546817bfd19c5b4be6b801e2c3742a11d230f2,c0978346688788f0bc01eed0520691559bd7974547a65a18b618ea562c765471,True
SZ_Air,R01,96,zone1,explicit_no_change,no_change,accepted,21,21,c0978346688788f0bc01eed0520691559bd7974547a65a18b618ea562c765471,c0978346688788f0bc01eed0520691559bd7974547a65a18b618ea562c765471,True
SZ_Air,R01,97,zone1,explicit_no_change,no_change,accepted,21,21,c0978346688788f0bc01eed0520691559bd7974547a65a18b618ea562c765471,c0978346688788f0bc01eed0520691559bd7974547a65a18b618ea562c765471,True
SZ_Air,R01,98,zone1,explicit_no_change,no_change,accepted,21,21,c0978346688788f0bc01eed0520691559bd7974547a65a18b618ea562c765471,c0978346688788f0bc01eed0520691559bd7974547a65a18b618ea562c765471,True
SZ_Air,R01,99,zone1,explicit_no_change,no_change,accepted,21,21,c0978346688788f0bc01eed0520691559bd7974547a65a18b618ea562c765471,c0978346688788f0bc01eed0520691559bd7974547a65a18b618ea562c765471,True
SZ_Air,R01,100,zone1,explicit_no_change,no_change,accepted,21,21,c0978346688788f0bc01eed0520691559bd7974547a65a18b618ea562c765471,c0978346688788f0bc01eed0520691559bd7974547a65a18b618ea562c765471,True
SZ_Air,R01,101,zone1,explicit_no_change,no_change,accepted,21,21,c0978346688788f0bc01eed0520691559bd7974547a65a18b618ea562c765471,c0978346688788f0bc01eed0520691559bd7974547a65a18b618ea562c765471,True
SZ_Air,R01,102,zone1,explicit_no_change,no_change,accepted,21,21,c0978346688788f0bc01eed0520691559bd7974547a65a18b618ea562c765471,c0978346688788f0bc01eed0520691559bd7974547a65a18b618ea562c765471,True
SZ_Air,R01,103,zone1,explicit_no_change,no_change,accepted,21,21,c0978346688788f0bc01eed0520691559bd7974547a65a18b618ea562c765471,c0978346688788f0bc01eed0520691559bd7974547a65a18b618ea562c765471,True
SZ_Air,R01,104,zone1,set_param,set_param,accepted,21,22,c0978346688788f0bc01eed0520691559bd7974547a65a18b618ea562c765471,f59955e285c825e57cc8372886abcdd206013989ce21518d788240f2c3d7a970,True
SZ_Air,R01,105,zone1,deterministic_rejection,add_rule,rejected,22,22,f59955e285c825e57cc8372886abcdd206013989ce21518d788240f2c3d7a970,f59955e285c825e57cc8372886abcdd206013989ce21518d788240f2c3d7a970,True
SZ_Air,R01,106,zone1,deterministic_rejection,set_param,rejected,22,22,f59955e285c825e57cc8372886abcdd206013989ce21518d788240f2c3d7a970,f59955e285c825e57cc8372886abcdd206013989ce21518d788240f2c3d7a970,True
SZ_Air,R01,107,zone1,set_param,set_param,accepted,22,23,f59955e285c825e57cc8372886abcdd206013989ce21518d788240f2c3d7a970,131d8c85d5831ee802635bb7e123d4b5df851cb2d63691f1e2b5b704d26c0498,True
SZ_Air,R01,108,zone1,set_param,set_param,accepted,23,24,131d8c85d5831ee802635bb7e123d4b5df851cb2d63691f1e2b5b704d26c0498,886a9ffc6b519840694a1a88541219f8ec2f05680a2b10a4ed98a530176f7913,True
SZ_Air,R01,109,zone1,set_param,set_param,accepted,24,25,886a9ffc6b519840694a1a88541219f8ec2f05680a2b10a4ed98a530176f7913,9586c893f1733b4b9d6c43e0d9dd0b65c64815a07cbb04c35e1c2abda76db958,True
SZ_Air,R01,110,zone1,set_param,set_param,accepted,25,26,9586c893f1733b4b9d6c43e0d9dd0b65c64815a07cbb04c35e1c2abda76db958,759e3489663a8df27195a81b4a7ba8c996d95f34372c845cdec13eba0b2624d2,True
SZ_Air,R01,111,zone1,deterministic_rejection,add_rule,rejected,26,26,759e3489663a8df27195a81b4a7ba8c996d95f34372c845cdec13eba0b2624d2,759e3489663a8df27195a81b4a7ba8c996d95f34372c845cdec13eba0b2624d2,True
SZ_Air,R01,112,zone1,deterministic_rejection,add_rule,rejected,26,26,759e3489663a8df27195a81b4a7ba8c996d95f34372c845cdec13eba0b2624d2,759e3489663a8df27195a81b4a7ba8c996d95f34372c845cdec13eba0b2624d2,True
SZ_Air,R01,113,zone1,replace_rule,replace_rule,accepted,26,27,759e3489663a8df27195a81b4a7ba8c996d95f34372c845cdec13eba0b2624d2,b9366d5e33828a809a20dab622c6306890ba717b42cbd5318ca034593a804d7f,True
SZ_Air,R01,114,zone1,replace_rule,replace_rule,accepted,27,28,b9366d5e33828a809a20dab622c6306890ba717b42cbd5318ca034593a804d7f,b6a5181d62a1971a52593d81c8d9db92e309960b5dc5092b8c4335cbc51bedfd,True
SZ_Air,R01,115,zone1,replace_rule,replace_rule,accepted,28,29,b6a5181d62a1971a52593d81c8d9db92e309960b5dc5092b8c4335cbc51bedfd,00fe13536475974f90dcee3c156333a645beb7e89938a9f91723370c198e574a,True
SZ_Air,R01,116,zone1,explicit_no_change,no_change,accepted,29,29,00fe13536475974f90dcee3c156333a645beb7e89938a9f91723370c198e574a,00fe13536475974f90dcee3c156333a645beb7e89938a9f91723370c198e574a,True
SZ_Air,R01,117,zone1,explicit_no_change,no_change,accepted,29,29,00fe13536475974f90dcee3c156333a645beb7e89938a9f91723370c198e574a,00fe13536475974f90dcee3c156333a645beb7e89938a9f91723370c198e574a,True
SZ_Air,R01,118,zone1,explicit_no_change,no_change,accepted,29,29,00fe13536475974f90dcee3c156333a645beb7e89938a9f91723370c198e574a,00fe13536475974f90dcee3c156333a645beb7e89938a9f91723370c198e574a,True
SZ_Air,R01,119,zone1,explicit_no_change,no_change,accepted,29,29,00fe13536475974f90dcee3c156333a645beb7e89938a9f91723370c198e574a,00fe13536475974f90dcee3c156333a645beb7e89938a9f91723370c198e574a,True
SZ_Air,R01,120,zone1,explicit_no_change,no_change,accepted,29,29,00fe13536475974f90dcee3c156333a645beb7e89938a9f91723370c198e574a,00fe13536475974f90dcee3c156333a645beb7e89938a9f91723370c198e574a,True
SZ_Air,R01,121,zone1,explicit_no_change,no_change,accepted,29,29,00fe13536475974f90dcee3c156333a645beb7e89938a9f91723370c198e574a,00fe13536475974f90dcee3c156333a645beb7e89938a9f91723370c198e574a,True
SZ_Air,R01,122,zone1,explicit_no_change,no_change,accepted,29,29,00fe13536475974f90dcee3c156333a645beb7e89938a9f91723370c198e574a,00fe13536475974f90dcee3c156333a645beb7e89938a9f91723370c198e574a,True
SZ_Air,R01,123,zone1,explicit_no_change,no_change,accepted,29,29,00fe13536475974f90dcee3c156333a645beb7e89938a9f91723370c198e574a,00fe13536475974f90dcee3c156333a645beb7e89938a9f91723370c198e574a,True
SZ_Air,R01,124,zone1,explicit_no_change,no_change,accepted,29,29,00fe13536475974f90dcee3c156333a645beb7e89938a9f91723370c198e574a,00fe13536475974f90dcee3c156333a645beb7e89938a9f91723370c198e574a,True
SZ_Air,R01,125,zone1,explicit_no_change,no_change,accepted,29,29,00fe13536475974f90dcee3c156333a645beb7e89938a9f91723370c198e574a,00fe13536475974f90dcee3c156333a645beb7e89938a9f91723370c198e574a,True
SZ_Air,R01,126,zone1,explicit_no_change,no_change,accepted,29,29,00fe13536475974f90dcee3c156333a645beb7e89938a9f91723370c198e574a,00fe13536475974f90dcee3c156333a645beb7e89938a9f91723370c198e574a,True
SZ_Air,R01,127,zone1,explicit_no_change,no_change,accepted,29,29,00fe13536475974f90dcee3c156333a645beb7e89938a9f91723370c198e574a,00fe13536475974f90dcee3c156333a645beb7e89938a9f91723370c198e574a,True
SZ_Air,R01,128,zone1,set_param,set_param,accepted,29,30,00fe13536475974f90dcee3c156333a645beb7e89938a9f91723370c198e574a,81a09d478c711299b9dd98062eab0b1bf8f110f70ec0a8da59811c2151f59669,True
SZ_Air,R01,129,zone1,deterministic_rejection,replace_rule,rejected,30,30,81a09d478c711299b9dd98062eab0b1bf8f110f70ec0a8da59811c2151f59669,81a09d478c711299b9dd98062eab0b1bf8f110f70ec0a8da59811c2151f59669,True
SZ_Air,R01,130,zone1,set_param,set_param,accepted,30,31,81a09d478c711299b9dd98062eab0b1bf8f110f70ec0a8da59811c2151f59669,b17b20d1541a81780d8148da4d340d6d3d3c7cac0c39d9db502360f6c564a845,True
SZ_Air,R01,131,zone1,set_param,set_param,accepted,31,32,b17b20d1541a81780d8148da4d340d6d3d3c7cac0c39d9db502360f6c564a845,4184dd471734e9be344f0a8308b6f0d4a0e2257fefc700c0b8e402d6bfca3e91,True
SZ_Air,R01,132,zone1,deterministic_rejection,replace_rule,rejected,32,32,4184dd471734e9be344f0a8308b6f0d4a0e2257fefc700c0b8e402d6bfca3e91,4184dd471734e9be344f0a8308b6f0d4a0e2257fefc700c0b8e402d6bfca3e91,True
SZ_Air,R01,133,zone1,explicit_no_change,no_change,accepted,32,32,4184dd471734e9be344f0a8308b6f0d4a0e2257fefc700c0b8e402d6bfca3e91,4184dd471734e9be344f0a8308b6f0d4a0e2257fefc700c0b8e402d6bfca3e91,True
SZ_Air,R01,134,zone1,schema_fallback,no_change,model_output_rejected,32,32,4184dd471734e9be344f0a8308b6f0d4a0e2257fefc700c0b8e402d6bfca3e91,4184dd471734e9be344f0a8308b6f0d4a0e2257fefc700c0b8e402d6bfca3e91,True
SZ_Air,R01,135,zone1,add_rule,add_rule,accepted,32,33,4184dd471734e9be344f0a8308b6f0d4a0e2257fefc700c0b8e402d6bfca3e91,b6e22e1e733a5e18ea8642734de966fe88d071fc912c5a12a38a3ca73659f35e,True
SZ_Air,R01,136,zone1,explicit_no_change,no_change,accepted,33,33,b6e22e1e733a5e18ea8642734de966fe88d071fc912c5a12a38a3ca73659f35e,b6e22e1e733a5e18ea8642734de966fe88d071fc912c5a12a38a3ca73659f35e,True
SZ_Air,R01,137,zone1,set_param,set_param,accepted,33,34,b6e22e1e733a5e18ea8642734de966fe88d071fc912c5a12a38a3ca73659f35e,544889079fc54391e61a997d5c45a97d3557f4a53d5e4e3b13152b935a21e698,True
SZ_Air,R01,138,zone1,replace_rule,replace_rule,accepted,34,35,544889079fc54391e61a997d5c45a97d3557f4a53d5e4e3b13152b935a21e698,78464eb24b016599261087e24146086fff776ad1a8c498845fd41bbd0c72f87a,True
SZ_Air,R01,139,zone1,replace_rule,replace_rule,accepted,35,36,78464eb24b016599261087e24146086fff776ad1a8c498845fd41bbd0c72f87a,1912ff4a7ac62a266b09f03b74b44d6f9c3126d0d7c44cc296f20f79f51d72c2,True
SZ_Air,R01,140,zone1,explicit_no_change,no_change,accepted,36,36,1912ff4a7ac62a266b09f03b74b44d6f9c3126d0d7c44cc296f20f79f51d72c2,1912ff4a7ac62a266b09f03b74b44d6f9c3126d0d7c44cc296f20f79f51d72c2,True
SZ_Air,R01,141,zone1,explicit_no_change,no_change,accepted,36,36,1912ff4a7ac62a266b09f03b74b44d6f9c3126d0d7c44cc296f20f79f51d72c2,1912ff4a7ac62a266b09f03b74b44d6f9c3126d0d7c44cc296f20f79f51d72c2,True
SZ_Air,R01,142,zone1,explicit_no_change,no_change,accepted,36,36,1912ff4a7ac62a266b09f03b74b44d6f9c3126d0d7c44cc296f20f79f51d72c2,1912ff4a7ac62a266b09f03b74b44d6f9c3126d0d7c44cc296f20f79f51d72c2,True
SZ_Air,R01,143,zone1,explicit_no_change,no_change,accepted,36,36,1912ff4a7ac62a266b09f03b74b44d6f9c3126d0d7c44cc296f20f79f51d72c2,1912ff4a7ac62a266b09f03b74b44d6f9c3126d0d7c44cc296f20f79f51d72c2,True
SZ_Air,R01,144,zone1,explicit_no_change,no_change,accepted,36,36,1912ff4a7ac62a266b09f03b74b44d6f9c3126d0d7c44cc296f20f79f51d72c2,1912ff4a7ac62a266b09f03b74b44d6f9c3126d0d7c44cc296f20f79f51d72c2,True
SZ_Air,R01,145,zone1,explicit_no_change,no_change,accepted,36,36,1912ff4a7ac62a266b09f03b74b44d6f9c3126d0d7c44cc296f20f79f51d72c2,1912ff4a7ac62a266b09f03b74b44d6f9c3126d0d7c44cc296f20f79f51d72c2,True
SZ_Air,R01,146,zone1,explicit_no_change,no_change,accepted,36,36,1912ff4a7ac62a266b09f03b74b44d6f9c3126d0d7c44cc296f20f79f51d72c2,1912ff4a7ac62a266b09f03b74b44d6f9c3126d0d7c44cc296f20f79f51d72c2,True
SZ_Air,R01,147,zone1,explicit_no_change,no_change,accepted,36,36,1912ff4a7ac62a266b09f03b74b44d6f9c3126d0d7c44cc296f20f79f51d72c2,1912ff4a7ac62a266b09f03b74b44d6f9c3126d0d7c44cc296f20f79f51d72c2,True
SZ_Air,R01,148,zone1,explicit_no_change,no_change,accepted,36,36,1912ff4a7ac62a266b09f03b74b44d6f9c3126d0d7c44cc296f20f79f51d72c2,1912ff4a7ac62a266b09f03b74b44d6f9c3126d0d7c44cc296f20f79f51d72c2,True
SZ_Air,R01,149,zone1,explicit_no_change,no_change,accepted,36,36,1912ff4a7ac62a266b09f03b74b44d6f9c3126d0d7c44cc296f20f79f51d72c2,1912ff4a7ac62a266b09f03b74b44d6f9c3126d0d7c44cc296f20f79f51d72c2,True
SZ_Air,R01,150,zone1,explicit_no_change,no_change,accepted,36,36,1912ff4a7ac62a266b09f03b74b44d6f9c3126d0d7c44cc296f20f79f51d72c2,1912ff4a7ac62a266b09f03b74b44d6f9c3126d0d7c44cc296f20f79f51d72c2,True
SZ_Air,R01,151,zone1,explicit_no_change,no_change,accepted,36,36,1912ff4a7ac62a266b09f03b74b44d6f9c3126d0d7c44cc296f20f79f51d72c2,1912ff4a7ac62a266b09f03b74b44d6f9c3126d0d7c44cc296f20f79f51d72c2,True
SZ_Air,R01,152,zone1,explicit_no_change,no_change,accepted,36,36,1912ff4a7ac62a266b09f03b74b44d6f9c3126d0d7c44cc296f20f79f51d72c2,1912ff4a7ac62a266b09f03b74b44d6f9c3126d0d7c44cc296f20f79f51d72c2,True
SZ_Air,R01,153,zone1,deterministic_rejection,move_rule,rejected,36,36,1912ff4a7ac62a266b09f03b74b44d6f9c3126d0d7c44cc296f20f79f51d72c2,1912ff4a7ac62a266b09f03b74b44d6f9c3126d0d7c44cc296f20f79f51d72c2,True
SZ_Air,R01,154,zone1,set_param,set_param,accepted,36,37,1912ff4a7ac62a266b09f03b74b44d6f9c3126d0d7c44cc296f20f79f51d72c2,707515fc84c3de325d0a0d5572ae5611f16e1737ad8be0b621269b97bbe9757b,True
SZ_Air,R01,155,zone1,set_param,set_param,accepted,37,38,707515fc84c3de325d0a0d5572ae5611f16e1737ad8be0b621269b97bbe9757b,1912ff4a7ac62a266b09f03b74b44d6f9c3126d0d7c44cc296f20f79f51d72c2,True
SZ_Air,R01,156,zone1,replace_rule,replace_rule,accepted,38,39,1912ff4a7ac62a266b09f03b74b44d6f9c3126d0d7c44cc296f20f79f51d72c2,78464eb24b016599261087e24146086fff776ad1a8c498845fd41bbd0c72f87a,True
SZ_Air,R01,157,zone1,replace_rule,replace_rule,accepted,39,40,78464eb24b016599261087e24146086fff776ad1a8c498845fd41bbd0c72f87a,e92e2316b42c8ea9418b94d4c5da96ff24748a863937d03c90e9fe3ff3ed3205,True
SZ_Air,R01,158,zone1,replace_rule,replace_rule,accepted,40,41,e92e2316b42c8ea9418b94d4c5da96ff24748a863937d03c90e9fe3ff3ed3205,fcc9395018162a7c4928d3df85078a96b9db4fb3af6eb8ffdfc32b8171aaf916,True
SZ_Air,R01,159,zone1,explicit_no_change,no_change,accepted,41,41,fcc9395018162a7c4928d3df85078a96b9db4fb3af6eb8ffdfc32b8171aaf916,fcc9395018162a7c4928d3df85078a96b9db4fb3af6eb8ffdfc32b8171aaf916,True
SZ_Air,R01,160,zone1,deterministic_rejection,replace_rule,rejected,41,41,fcc9395018162a7c4928d3df85078a96b9db4fb3af6eb8ffdfc32b8171aaf916,fcc9395018162a7c4928d3df85078a96b9db4fb3af6eb8ffdfc32b8171aaf916,True
SZ_Air,R01,161,zone1,deterministic_rejection,replace_rule,rejected,41,41,fcc9395018162a7c4928d3df85078a96b9db4fb3af6eb8ffdfc32b8171aaf916,fcc9395018162a7c4928d3df85078a96b9db4fb3af6eb8ffdfc32b8171aaf916,True
SZ_Air,R01,162,zone1,deterministic_rejection,replace_rule,rejected,41,41,fcc9395018162a7c4928d3df85078a96b9db4fb3af6eb8ffdfc32b8171aaf916,fcc9395018162a7c4928d3df85078a96b9db4fb3af6eb8ffdfc32b8171aaf916,True
SZ_Air,R01,163,zone1,set_param,set_param,accepted,41,42,fcc9395018162a7c4928d3df85078a96b9db4fb3af6eb8ffdfc32b8171aaf916,02d66d5b73d253453487a82ec7a3e6f6a5dec5ae4ee3f4afc60dd628f83b08ab,True
SZ_Air,R01,164,zone1,explicit_no_change,no_change,accepted,42,42,02d66d5b73d253453487a82ec7a3e6f6a5dec5ae4ee3f4afc60dd628f83b08ab,02d66d5b73d253453487a82ec7a3e6f6a5dec5ae4ee3f4afc60dd628f83b08ab,True
SZ_Air,R01,165,zone1,explicit_no_change,no_change,accepted,42,42,02d66d5b73d253453487a82ec7a3e6f6a5dec5ae4ee3f4afc60dd628f83b08ab,02d66d5b73d253453487a82ec7a3e6f6a5dec5ae4ee3f4afc60dd628f83b08ab,True
SZ_Air,R01,166,zone1,explicit_no_change,no_change,accepted,42,42,02d66d5b73d253453487a82ec7a3e6f6a5dec5ae4ee3f4afc60dd628f83b08ab,02d66d5b73d253453487a82ec7a3e6f6a5dec5ae4ee3f4afc60dd628f83b08ab,True
SZ_Air,R01,167,zone1,explicit_no_change,no_change,accepted,42,42,02d66d5b73d253453487a82ec7a3e6f6a5dec5ae4ee3f4afc60dd628f83b08ab,02d66d5b73d253453487a82ec7a3e6f6a5dec5ae4ee3f4afc60dd628f83b08ab,True
SZ_Air,R01,168,zone1,explicit_no_change,no_change,accepted,42,42,02d66d5b73d253453487a82ec7a3e6f6a5dec5ae4ee3f4afc60dd628f83b08ab,02d66d5b73d253453487a82ec7a3e6f6a5dec5ae4ee3f4afc60dd628f83b08ab,True
SZ_Air,R02,1,zone1,explicit_no_change,no_change,accepted,0,0,148991b618bd78876809d302dfbcf3b2564abb5dd76b40327e4181f49b773ba8,148991b618bd78876809d302dfbcf3b2564abb5dd76b40327e4181f49b773ba8,True
SZ_Air,R02,2,zone1,explicit_no_change,no_change,accepted,0,0,148991b618bd78876809d302dfbcf3b2564abb5dd76b40327e4181f49b773ba8,148991b618bd78876809d302dfbcf3b2564abb5dd76b40327e4181f49b773ba8,True
SZ_Air,R02,3,zone1,explicit_no_change,no_change,accepted,0,0,148991b618bd78876809d302dfbcf3b2564abb5dd76b40327e4181f49b773ba8,148991b618bd78876809d302dfbcf3b2564abb5dd76b40327e4181f49b773ba8,True
SZ_Air,R02,4,zone1,explicit_no_change,no_change,accepted,0,0,148991b618bd78876809d302dfbcf3b2564abb5dd76b40327e4181f49b773ba8,148991b618bd78876809d302dfbcf3b2564abb5dd76b40327e4181f49b773ba8,True
SZ_Air,R02,5,zone1,explicit_no_change,no_change,accepted,0,0,148991b618bd78876809d302dfbcf3b2564abb5dd76b40327e4181f49b773ba8,148991b618bd78876809d302dfbcf3b2564abb5dd76b40327e4181f49b773ba8,True
SZ_Air,R02,6,zone1,explicit_no_change,no_change,accepted,0,0,148991b618bd78876809d302dfbcf3b2564abb5dd76b40327e4181f49b773ba8,148991b618bd78876809d302dfbcf3b2564abb5dd76b40327e4181f49b773ba8,True
SZ_Air,R02,7,zone1,explicit_no_change,no_change,accepted,0,0,148991b618bd78876809d302dfbcf3b2564abb5dd76b40327e4181f49b773ba8,148991b618bd78876809d302dfbcf3b2564abb5dd76b40327e4181f49b773ba8,True
SZ_Air,R02,8,zone1,set_param,set_param,accepted,0,1,148991b618bd78876809d302dfbcf3b2564abb5dd76b40327e4181f49b773ba8,c6a6eb47fe9604da24d7233969c4cb1e2d9630e49b91db8b0b938d99845dda7c,True
SZ_Air,R02,9,zone1,deterministic_rejection,add_rule,rejected,1,1,c6a6eb47fe9604da24d7233969c4cb1e2d9630e49b91db8b0b938d99845dda7c,c6a6eb47fe9604da24d7233969c4cb1e2d9630e49b91db8b0b938d99845dda7c,True
SZ_Air,R02,10,zone1,set_param,set_param,accepted,1,2,c6a6eb47fe9604da24d7233969c4cb1e2d9630e49b91db8b0b938d99845dda7c,ee290b970937c63da5a6a7b345c2fe23a01b5f49adee8b0849610430e5c7f0f7,True
SZ_Air,R02,11,zone1,set_param,set_param,accepted,2,3,ee290b970937c63da5a6a7b345c2fe23a01b5f49adee8b0849610430e5c7f0f7,dd1b75bbef502af93a4ffd04b7ef5db70ffb94343ddefb3f6252d1cc172b8755,True
SZ_Air,R02,12,zone1,set_param,set_param,accepted,3,4,dd1b75bbef502af93a4ffd04b7ef5db70ffb94343ddefb3f6252d1cc172b8755,0125b2cdff977006de56611eb876bf92700eddaedb99f74d807a34f3a54387a5,True
SZ_Air,R02,13,zone1,deterministic_rejection,replace_rule,rejected,4,4,0125b2cdff977006de56611eb876bf92700eddaedb99f74d807a34f3a54387a5,0125b2cdff977006de56611eb876bf92700eddaedb99f74d807a34f3a54387a5,True
SZ_Air,R02,14,zone1,deterministic_rejection,replace_rule,rejected,4,4,0125b2cdff977006de56611eb876bf92700eddaedb99f74d807a34f3a54387a5,0125b2cdff977006de56611eb876bf92700eddaedb99f74d807a34f3a54387a5,True
SZ_Air,R02,15,zone1,schema_fallback,no_change,model_output_rejected,4,4,0125b2cdff977006de56611eb876bf92700eddaedb99f74d807a34f3a54387a5,0125b2cdff977006de56611eb876bf92700eddaedb99f74d807a34f3a54387a5,True
SZ_Air,R02,16,zone1,deterministic_rejection,add_rule,rejected,4,4,0125b2cdff977006de56611eb876bf92700eddaedb99f74d807a34f3a54387a5,0125b2cdff977006de56611eb876bf92700eddaedb99f74d807a34f3a54387a5,True
SZ_Air,R02,17,zone1,deterministic_rejection,add_rule,rejected,4,4,0125b2cdff977006de56611eb876bf92700eddaedb99f74d807a34f3a54387a5,0125b2cdff977006de56611eb876bf92700eddaedb99f74d807a34f3a54387a5,True
SZ_Air,R02,18,zone1,deterministic_rejection,replace_rule,rejected,4,4,0125b2cdff977006de56611eb876bf92700eddaedb99f74d807a34f3a54387a5,0125b2cdff977006de56611eb876bf92700eddaedb99f74d807a34f3a54387a5,True
SZ_Air,R02,19,zone1,deterministic_rejection,replace_rule,rejected,4,4,0125b2cdff977006de56611eb876bf92700eddaedb99f74d807a34f3a54387a5,0125b2cdff977006de56611eb876bf92700eddaedb99f74d807a34f3a54387a5,True
SZ_Air,R02,20,zone1,deterministic_rejection,replace_rule,rejected,4,4,0125b2cdff977006de56611eb876bf92700eddaedb99f74d807a34f3a54387a5,0125b2cdff977006de56611eb876bf92700eddaedb99f74d807a34f3a54387a5,True
SZ_Air,R02,21,zone1,explicit_no_change,no_change,accepted,4,4,0125b2cdff977006de56611eb876bf92700eddaedb99f74d807a34f3a54387a5,0125b2cdff977006de56611eb876bf92700eddaedb99f74d807a34f3a54387a5,True
SZ_Air,R02,22,zone1,explicit_no_change,no_change,accepted,4,4,0125b2cdff977006de56611eb876bf92700eddaedb99f74d807a34f3a54387a5,0125b2cdff977006de56611eb876bf92700eddaedb99f74d807a34f3a54387a5,True
SZ_Air,R02,23,zone1,explicit_no_change,no_change,accepted,4,4,0125b2cdff977006de56611eb876bf92700eddaedb99f74d807a34f3a54387a5,0125b2cdff977006de56611eb876bf92700eddaedb99f74d807a34f3a54387a5,True
SZ_Air,R02,24,zone1,explicit_no_change,no_change,accepted,4,4,0125b2cdff977006de56611eb876bf92700eddaedb99f74d807a34f3a54387a5,0125b2cdff977006de56611eb876bf92700eddaedb99f74d807a34f3a54387a5,True
SZ_Air,R02,25,zone1,explicit_no_change,no_change,accepted,4,4,0125b2cdff977006de56611eb876bf92700eddaedb99f74d807a34f3a54387a5,0125b2cdff977006de56611eb876bf92700eddaedb99f74d807a34f3a54387a5,True
SZ_Air,R02,26,zone1,explicit_no_change,no_change,accepted,4,4,0125b2cdff977006de56611eb876bf92700eddaedb99f74d807a34f3a54387a5,0125b2cdff977006de56611eb876bf92700eddaedb99f74d807a34f3a54387a5,True
SZ_Air,R02,27,zone1,explicit_no_change,no_change,accepted,4,4,0125b2cdff977006de56611eb876bf92700eddaedb99f74d807a34f3a54387a5,0125b2cdff977006de56611eb876bf92700eddaedb99f74d807a34f3a54387a5,True
SZ_Air,R02,28,zone1,explicit_no_change,no_change,accepted,4,4,0125b2cdff977006de56611eb876bf92700eddaedb99f74d807a34f3a54387a5,0125b2cdff977006de56611eb876bf92700eddaedb99f74d807a34f3a54387a5,True
SZ_Air,R02,29,zone1,explicit_no_change,no_change,accepted,4,4,0125b2cdff977006de56611eb876bf92700eddaedb99f74d807a34f3a54387a5,0125b2cdff977006de56611eb876bf92700eddaedb99f74d807a34f3a54387a5,True
SZ_Air,R02,30,zone1,explicit_no_change,no_change,accepted,4,4,0125b2cdff977006de56611eb876bf92700eddaedb99f74d807a34f3a54387a5,0125b2cdff977006de56611eb876bf92700eddaedb99f74d807a34f3a54387a5,True
SZ_Air,R02,31,zone1,explicit_no_change,no_change,accepted,4,4,0125b2cdff977006de56611eb876bf92700eddaedb99f74d807a34f3a54387a5,0125b2cdff977006de56611eb876bf92700eddaedb99f74d807a34f3a54387a5,True
SZ_Air,R02,32,zone1,set_param,set_param,accepted,4,5,0125b2cdff977006de56611eb876bf92700eddaedb99f74d807a34f3a54387a5,cd16354608c0b97ae57046f1fea701bf7ea77cf1797c2105e3de4a1960935ee8,True
SZ_Air,R02,33,zone1,deterministic_rejection,replace_rule,rejected,5,5,cd16354608c0b97ae57046f1fea701bf7ea77cf1797c2105e3de4a1960935ee8,cd16354608c0b97ae57046f1fea701bf7ea77cf1797c2105e3de4a1960935ee8,True
SZ_Air,R02,34,zone1,deterministic_rejection,set_param,rejected,5,5,cd16354608c0b97ae57046f1fea701bf7ea77cf1797c2105e3de4a1960935ee8,cd16354608c0b97ae57046f1fea701bf7ea77cf1797c2105e3de4a1960935ee8,True
SZ_Air,R02,35,zone1,set_param,set_param,accepted,5,6,cd16354608c0b97ae57046f1fea701bf7ea77cf1797c2105e3de4a1960935ee8,bfdd9651dc747cc500b4af520ea95748f3fb1073812105cf426498dabc25963c,True
SZ_Air,R02,36,zone1,set_param,set_param,accepted,6,7,bfdd9651dc747cc500b4af520ea95748f3fb1073812105cf426498dabc25963c,e731cfb4be3c787674dcfe1b0a2a599d29c21ca98330f28da5c27e179e2e58d0,True
SZ_Air,R02,37,zone1,explicit_no_change,no_change,accepted,7,7,e731cfb4be3c787674dcfe1b0a2a599d29c21ca98330f28da5c27e179e2e58d0,e731cfb4be3c787674dcfe1b0a2a599d29c21ca98330f28da5c27e179e2e58d0,True
SZ_Air,R02,38,zone1,deterministic_rejection,replace_rule,rejected,7,7,e731cfb4be3c787674dcfe1b0a2a599d29c21ca98330f28da5c27e179e2e58d0,e731cfb4be3c787674dcfe1b0a2a599d29c21ca98330f28da5c27e179e2e58d0,True
SZ_Air,R02,39,zone1,set_param,set_param,accepted,7,8,e731cfb4be3c787674dcfe1b0a2a599d29c21ca98330f28da5c27e179e2e58d0,cd16354608c0b97ae57046f1fea701bf7ea77cf1797c2105e3de4a1960935ee8,True
SZ_Air,R02,40,zone1,deterministic_rejection,set_param,rejected,8,8,cd16354608c0b97ae57046f1fea701bf7ea77cf1797c2105e3de4a1960935ee8,cd16354608c0b97ae57046f1fea701bf7ea77cf1797c2105e3de4a1960935ee8,True
SZ_Air,R02,41,zone1,deterministic_rejection,add_rule,rejected,8,8,cd16354608c0b97ae57046f1fea701bf7ea77cf1797c2105e3de4a1960935ee8,cd16354608c0b97ae57046f1fea701bf7ea77cf1797c2105e3de4a1960935ee8,True
SZ_Air,R02,42,zone1,set_param,set_param,accepted,8,9,cd16354608c0b97ae57046f1fea701bf7ea77cf1797c2105e3de4a1960935ee8,bfdd9651dc747cc500b4af520ea95748f3fb1073812105cf426498dabc25963c,True
SZ_Air,R02,43,zone1,set_param,set_param,accepted,9,10,bfdd9651dc747cc500b4af520ea95748f3fb1073812105cf426498dabc25963c,cd16354608c0b97ae57046f1fea701bf7ea77cf1797c2105e3de4a1960935ee8,True
SZ_Air,R02,44,zone1,explicit_no_change,no_change,accepted,10,10,cd16354608c0b97ae57046f1fea701bf7ea77cf1797c2105e3de4a1960935ee8,cd16354608c0b97ae57046f1fea701bf7ea77cf1797c2105e3de4a1960935ee8,True
SZ_Air,R02,45,zone1,explicit_no_change,no_change,accepted,10,10,cd16354608c0b97ae57046f1fea701bf7ea77cf1797c2105e3de4a1960935ee8,cd16354608c0b97ae57046f1fea701bf7ea77cf1797c2105e3de4a1960935ee8,True
SZ_Air,R02,46,zone1,explicit_no_change,no_change,accepted,10,10,cd16354608c0b97ae57046f1fea701bf7ea77cf1797c2105e3de4a1960935ee8,cd16354608c0b97ae57046f1fea701bf7ea77cf1797c2105e3de4a1960935ee8,True
SZ_Air,R02,47,zone1,explicit_no_change,no_change,accepted,10,10,cd16354608c0b97ae57046f1fea701bf7ea77cf1797c2105e3de4a1960935ee8,cd16354608c0b97ae57046f1fea701bf7ea77cf1797c2105e3de4a1960935ee8,True
SZ_Air,R02,48,zone1,explicit_no_change,no_change,accepted,10,10,cd16354608c0b97ae57046f1fea701bf7ea77cf1797c2105e3de4a1960935ee8,cd16354608c0b97ae57046f1fea701bf7ea77cf1797c2105e3de4a1960935ee8,True
SZ_Air,R02,49,zone1,explicit_no_change,no_change,accepted,10,10,cd16354608c0b97ae57046f1fea701bf7ea77cf1797c2105e3de4a1960935ee8,cd16354608c0b97ae57046f1fea701bf7ea77cf1797c2105e3de4a1960935ee8,True
SZ_Air,R02,50,zone1,explicit_no_change,no_change,accepted,10,10,cd16354608c0b97ae57046f1fea701bf7ea77cf1797c2105e3de4a1960935ee8,cd16354608c0b97ae57046f1fea701bf7ea77cf1797c2105e3de4a1960935ee8,True
SZ_Air,R02,51,zone1,explicit_no_change,no_change,accepted,10,10,cd16354608c0b97ae57046f1fea701bf7ea77cf1797c2105e3de4a1960935ee8,cd16354608c0b97ae57046f1fea701bf7ea77cf1797c2105e3de4a1960935ee8,True
SZ_Air,R02,52,zone1,explicit_no_change,no_change,accepted,10,10,cd16354608c0b97ae57046f1fea701bf7ea77cf1797c2105e3de4a1960935ee8,cd16354608c0b97ae57046f1fea701bf7ea77cf1797c2105e3de4a1960935ee8,True
SZ_Air,R02,53,zone1,explicit_no_change,no_change,accepted,10,10,cd16354608c0b97ae57046f1fea701bf7ea77cf1797c2105e3de4a1960935ee8,cd16354608c0b97ae57046f1fea701bf7ea77cf1797c2105e3de4a1960935ee8,True
SZ_Air,R02,54,zone1,explicit_no_change,no_change,accepted,10,10,cd16354608c0b97ae57046f1fea701bf7ea77cf1797c2105e3de4a1960935ee8,cd16354608c0b97ae57046f1fea701bf7ea77cf1797c2105e3de4a1960935ee8,True
SZ_Air,R02,55,zone1,explicit_no_change,no_change,accepted,10,10,cd16354608c0b97ae57046f1fea701bf7ea77cf1797c2105e3de4a1960935ee8,cd16354608c0b97ae57046f1fea701bf7ea77cf1797c2105e3de4a1960935ee8,True
SZ_Air,R02,56,zone1,explicit_no_change,no_change,accepted,10,10,cd16354608c0b97ae57046f1fea701bf7ea77cf1797c2105e3de4a1960935ee8,cd16354608c0b97ae57046f1fea701bf7ea77cf1797c2105e3de4a1960935ee8,True
SZ_Air,R02,57,zone1,deterministic_rejection,add_rule,rejected,10,10,cd16354608c0b97ae57046f1fea701bf7ea77cf1797c2105e3de4a1960935ee8,cd16354608c0b97ae57046f1fea701bf7ea77cf1797c2105e3de4a1960935ee8,True
SZ_Air,R02,58,zone1,deterministic_rejection,add_rule,rejected,10,10,cd16354608c0b97ae57046f1fea701bf7ea77cf1797c2105e3de4a1960935ee8,cd16354608c0b97ae57046f1fea701bf7ea77cf1797c2105e3de4a1960935ee8,True
SZ_Air,R02,59,zone1,deterministic_rejection,replace_rule,rejected,10,10,cd16354608c0b97ae57046f1fea701bf7ea77cf1797c2105e3de4a1960935ee8,cd16354608c0b97ae57046f1fea701bf7ea77cf1797c2105e3de4a1960935ee8,True
SZ_Air,R02,60,zone1,deterministic_rejection,set_param,rejected,10,10,cd16354608c0b97ae57046f1fea701bf7ea77cf1797c2105e3de4a1960935ee8,cd16354608c0b97ae57046f1fea701bf7ea77cf1797c2105e3de4a1960935ee8,True
SZ_Air,R02,61,zone1,deterministic_rejection,add_rule,rejected,10,10,cd16354608c0b97ae57046f1fea701bf7ea77cf1797c2105e3de4a1960935ee8,cd16354608c0b97ae57046f1fea701bf7ea77cf1797c2105e3de4a1960935ee8,True
SZ_Air,R02,62,zone1,schema_fallback,no_change,model_output_rejected,10,10,cd16354608c0b97ae57046f1fea701bf7ea77cf1797c2105e3de4a1960935ee8,cd16354608c0b97ae57046f1fea701bf7ea77cf1797c2105e3de4a1960935ee8,True
SZ_Air,R02,63,zone1,set_param,set_param,accepted,10,11,cd16354608c0b97ae57046f1fea701bf7ea77cf1797c2105e3de4a1960935ee8,e988108bb7161826ecab548e2f262244ea19cbc01b918b162bb13d1d98adf735,True
SZ_Air,R02,64,zone1,deterministic_rejection,add_rule,rejected,11,11,e988108bb7161826ecab548e2f262244ea19cbc01b918b162bb13d1d98adf735,e988108bb7161826ecab548e2f262244ea19cbc01b918b162bb13d1d98adf735,True
SZ_Air,R02,65,zone1,explicit_no_change,no_change,accepted,11,11,e988108bb7161826ecab548e2f262244ea19cbc01b918b162bb13d1d98adf735,e988108bb7161826ecab548e2f262244ea19cbc01b918b162bb13d1d98adf735,True
SZ_Air,R02,66,zone1,explicit_no_change,no_change,accepted,11,11,e988108bb7161826ecab548e2f262244ea19cbc01b918b162bb13d1d98adf735,e988108bb7161826ecab548e2f262244ea19cbc01b918b162bb13d1d98adf735,True
SZ_Air,R02,67,zone1,add_rule,add_rule,accepted,11,12,e988108bb7161826ecab548e2f262244ea19cbc01b918b162bb13d1d98adf735,041591fda346da2eef19736a850b1fad37c472312cc2db791bffb7a66a908244,True
SZ_Air,R02,68,zone1,explicit_no_change,no_change,accepted,12,12,041591fda346da2eef19736a850b1fad37c472312cc2db791bffb7a66a908244,041591fda346da2eef19736a850b1fad37c472312cc2db791bffb7a66a908244,True
SZ_Air,R02,69,zone1,explicit_no_change,no_change,accepted,12,12,041591fda346da2eef19736a850b1fad37c472312cc2db791bffb7a66a908244,041591fda346da2eef19736a850b1fad37c472312cc2db791bffb7a66a908244,True
SZ_Air,R02,70,zone1,explicit_no_change,no_change,accepted,12,12,041591fda346da2eef19736a850b1fad37c472312cc2db791bffb7a66a908244,041591fda346da2eef19736a850b1fad37c472312cc2db791bffb7a66a908244,True
SZ_Air,R02,71,zone1,explicit_no_change,no_change,accepted,12,12,041591fda346da2eef19736a850b1fad37c472312cc2db791bffb7a66a908244,041591fda346da2eef19736a850b1fad37c472312cc2db791bffb7a66a908244,True
SZ_Air,R02,72,zone1,explicit_no_change,no_change,accepted,12,12,041591fda346da2eef19736a850b1fad37c472312cc2db791bffb7a66a908244,041591fda346da2eef19736a850b1fad37c472312cc2db791bffb7a66a908244,True
SZ_Air,R02,73,zone1,explicit_no_change,no_change,accepted,12,12,041591fda346da2eef19736a850b1fad37c472312cc2db791bffb7a66a908244,041591fda346da2eef19736a850b1fad37c472312cc2db791bffb7a66a908244,True
SZ_Air,R02,74,zone1,explicit_no_change,no_change,accepted,12,12,041591fda346da2eef19736a850b1fad37c472312cc2db791bffb7a66a908244,041591fda346da2eef19736a850b1fad37c472312cc2db791bffb7a66a908244,True
SZ_Air,R02,75,zone1,explicit_no_change,no_change,accepted,12,12,041591fda346da2eef19736a850b1fad37c472312cc2db791bffb7a66a908244,041591fda346da2eef19736a850b1fad37c472312cc2db791bffb7a66a908244,True
SZ_Air,R02,76,zone1,explicit_no_change,no_change,accepted,12,12,041591fda346da2eef19736a850b1fad37c472312cc2db791bffb7a66a908244,041591fda346da2eef19736a850b1fad37c472312cc2db791bffb7a66a908244,True
SZ_Air,R02,77,zone1,explicit_no_change,no_change,accepted,12,12,041591fda346da2eef19736a850b1fad37c472312cc2db791bffb7a66a908244,041591fda346da2eef19736a850b1fad37c472312cc2db791bffb7a66a908244,True
SZ_Air,R02,78,zone1,explicit_no_change,no_change,accepted,12,12,041591fda346da2eef19736a850b1fad37c472312cc2db791bffb7a66a908244,041591fda346da2eef19736a850b1fad37c472312cc2db791bffb7a66a908244,True
SZ_Air,R02,79,zone1,explicit_no_change,no_change,accepted,12,12,041591fda346da2eef19736a850b1fad37c472312cc2db791bffb7a66a908244,041591fda346da2eef19736a850b1fad37c472312cc2db791bffb7a66a908244,True
SZ_Air,R02,80,zone1,add_rule,add_rule,accepted,12,13,041591fda346da2eef19736a850b1fad37c472312cc2db791bffb7a66a908244,4740c44f71508390aea213038eb25d0d9346d99749ce80b34e90d2464d518a84,True
SZ_Air,R02,81,zone1,deterministic_rejection,replace_rule,rejected,13,13,4740c44f71508390aea213038eb25d0d9346d99749ce80b34e90d2464d518a84,4740c44f71508390aea213038eb25d0d9346d99749ce80b34e90d2464d518a84,True
SZ_Air,R02,82,zone1,deterministic_rejection,set_param,rejected,13,13,4740c44f71508390aea213038eb25d0d9346d99749ce80b34e90d2464d518a84,4740c44f71508390aea213038eb25d0d9346d99749ce80b34e90d2464d518a84,True
SZ_Air,R02,83,zone1,replace_rule,replace_rule,accepted,13,14,4740c44f71508390aea213038eb25d0d9346d99749ce80b34e90d2464d518a84,0ab8ffe7ac31b7cf76e18097501f57185d1c0acf555f8b5b6b5590f00d61de37,True
SZ_Air,R02,84,zone1,explicit_no_change,no_change,accepted,14,14,0ab8ffe7ac31b7cf76e18097501f57185d1c0acf555f8b5b6b5590f00d61de37,0ab8ffe7ac31b7cf76e18097501f57185d1c0acf555f8b5b6b5590f00d61de37,True
SZ_Air,R02,85,zone1,deterministic_rejection,replace_rule,rejected,14,14,0ab8ffe7ac31b7cf76e18097501f57185d1c0acf555f8b5b6b5590f00d61de37,0ab8ffe7ac31b7cf76e18097501f57185d1c0acf555f8b5b6b5590f00d61de37,True
SZ_Air,R02,86,zone1,deterministic_rejection,replace_rule,rejected,14,14,0ab8ffe7ac31b7cf76e18097501f57185d1c0acf555f8b5b6b5590f00d61de37,0ab8ffe7ac31b7cf76e18097501f57185d1c0acf555f8b5b6b5590f00d61de37,True
SZ_Air,R02,87,zone1,remove_rule,remove_rule,accepted,14,15,0ab8ffe7ac31b7cf76e18097501f57185d1c0acf555f8b5b6b5590f00d61de37,fe358ccbafbac967578c37801e469a306e48fab8b940dad4e0d71327e56281b7,True
SZ_Air,R02,88,zone1,deterministic_rejection,add_rule,rejected,15,15,fe358ccbafbac967578c37801e469a306e48fab8b940dad4e0d71327e56281b7,fe358ccbafbac967578c37801e469a306e48fab8b940dad4e0d71327e56281b7,True
SZ_Air,R02,89,zone1,explicit_no_change,no_change,accepted,15,15,fe358ccbafbac967578c37801e469a306e48fab8b940dad4e0d71327e56281b7,fe358ccbafbac967578c37801e469a306e48fab8b940dad4e0d71327e56281b7,True
SZ_Air,R02,90,zone1,add_rule,add_rule,accepted,15,16,fe358ccbafbac967578c37801e469a306e48fab8b940dad4e0d71327e56281b7,30ec1bca076eb01e0fe332299ae99a9f593758a4188aa825370da1ef100893a9,True
SZ_Air,R02,91,zone1,remove_rule,remove_rule,accepted,16,17,30ec1bca076eb01e0fe332299ae99a9f593758a4188aa825370da1ef100893a9,cb028778f28c224a79c3acb6843bb49e834c3b54c01c96d483a71ed5a37eff35,True
SZ_Air,R02,92,zone1,explicit_no_change,no_change,accepted,17,17,cb028778f28c224a79c3acb6843bb49e834c3b54c01c96d483a71ed5a37eff35,cb028778f28c224a79c3acb6843bb49e834c3b54c01c96d483a71ed5a37eff35,True
SZ_Air,R02,93,zone1,explicit_no_change,no_change,accepted,17,17,cb028778f28c224a79c3acb6843bb49e834c3b54c01c96d483a71ed5a37eff35,cb028778f28c224a79c3acb6843bb49e834c3b54c01c96d483a71ed5a37eff35,True
SZ_Air,R02,94,zone1,explicit_no_change,no_change,accepted,17,17,cb028778f28c224a79c3acb6843bb49e834c3b54c01c96d483a71ed5a37eff35,cb028778f28c224a79c3acb6843bb49e834c3b54c01c96d483a71ed5a37eff35,True
SZ_Air,R02,95,zone1,explicit_no_change,no_change,accepted,17,17,cb028778f28c224a79c3acb6843bb49e834c3b54c01c96d483a71ed5a37eff35,cb028778f28c224a79c3acb6843bb49e834c3b54c01c96d483a71ed5a37eff35,True
SZ_Air,R02,96,zone1,explicit_no_change,no_change,accepted,17,17,cb028778f28c224a79c3acb6843bb49e834c3b54c01c96d483a71ed5a37eff35,cb028778f28c224a79c3acb6843bb49e834c3b54c01c96d483a71ed5a37eff35,True
SZ_Air,R02,97,zone1,explicit_no_change,no_change,accepted,17,17,cb028778f28c224a79c3acb6843bb49e834c3b54c01c96d483a71ed5a37eff35,cb028778f28c224a79c3acb6843bb49e834c3b54c01c96d483a71ed5a37eff35,True
SZ_Air,R02,98,zone1,explicit_no_change,no_change,accepted,17,17,cb028778f28c224a79c3acb6843bb49e834c3b54c01c96d483a71ed5a37eff35,cb028778f28c224a79c3acb6843bb49e834c3b54c01c96d483a71ed5a37eff35,True
SZ_Air,R02,99,zone1,explicit_no_change,no_change,accepted,17,17,cb028778f28c224a79c3acb6843bb49e834c3b54c01c96d483a71ed5a37eff35,cb028778f28c224a79c3acb6843bb49e834c3b54c01c96d483a71ed5a37eff35,True
SZ_Air,R02,100,zone1,explicit_no_change,no_change,accepted,17,17,cb028778f28c224a79c3acb6843bb49e834c3b54c01c96d483a71ed5a37eff35,cb028778f28c224a79c3acb6843bb49e834c3b54c01c96d483a71ed5a37eff35,True
SZ_Air,R02,101,zone1,explicit_no_change,no_change,accepted,17,17,cb028778f28c224a79c3acb6843bb49e834c3b54c01c96d483a71ed5a37eff35,cb028778f28c224a79c3acb6843bb49e834c3b54c01c96d483a71ed5a37eff35,True
SZ_Air,R02,102,zone1,explicit_no_change,no_change,accepted,17,17,cb028778f28c224a79c3acb6843bb49e834c3b54c01c96d483a71ed5a37eff35,cb028778f28c224a79c3acb6843bb49e834c3b54c01c96d483a71ed5a37eff35,True
SZ_Air,R02,103,zone1,explicit_no_change,no_change,accepted,17,17,cb028778f28c224a79c3acb6843bb49e834c3b54c01c96d483a71ed5a37eff35,cb028778f28c224a79c3acb6843bb49e834c3b54c01c96d483a71ed5a37eff35,True
SZ_Air,R02,104,zone1,deterministic_rejection,set_param,rejected,17,17,cb028778f28c224a79c3acb6843bb49e834c3b54c01c96d483a71ed5a37eff35,cb028778f28c224a79c3acb6843bb49e834c3b54c01c96d483a71ed5a37eff35,True
SZ_Air,R02,105,zone1,replace_rule,replace_rule,accepted,17,18,cb028778f28c224a79c3acb6843bb49e834c3b54c01c96d483a71ed5a37eff35,7fe487d39a4bb1d049851de67ddf253e9b57545c6ebc5cadd5ed5f4b10a422bb,True
SZ_Air,R02,106,zone1,deterministic_rejection,replace_rule,rejected,18,18,7fe487d39a4bb1d049851de67ddf253e9b57545c6ebc5cadd5ed5f4b10a422bb,7fe487d39a4bb1d049851de67ddf253e9b57545c6ebc5cadd5ed5f4b10a422bb,True
SZ_Air,R02,107,zone1,add_rule,add_rule,accepted,18,19,7fe487d39a4bb1d049851de67ddf253e9b57545c6ebc5cadd5ed5f4b10a422bb,b9ea7c7b24b5ea41b9149784e8bbe9acaa19ca7b7e23e9235d617d49aa28c4aa,True
SZ_Air,R02,108,zone1,deterministic_rejection,replace_rule,rejected,19,19,b9ea7c7b24b5ea41b9149784e8bbe9acaa19ca7b7e23e9235d617d49aa28c4aa,b9ea7c7b24b5ea41b9149784e8bbe9acaa19ca7b7e23e9235d617d49aa28c4aa,True
SZ_Air,R02,109,zone1,deterministic_rejection,set_param,rejected,19,19,b9ea7c7b24b5ea41b9149784e8bbe9acaa19ca7b7e23e9235d617d49aa28c4aa,b9ea7c7b24b5ea41b9149784e8bbe9acaa19ca7b7e23e9235d617d49aa28c4aa,True
SZ_Air,R02,110,zone1,deterministic_rejection,replace_rule,rejected,19,19,b9ea7c7b24b5ea41b9149784e8bbe9acaa19ca7b7e23e9235d617d49aa28c4aa,b9ea7c7b24b5ea41b9149784e8bbe9acaa19ca7b7e23e9235d617d49aa28c4aa,True
SZ_Air,R02,111,zone1,replace_rule,replace_rule,accepted,19,20,b9ea7c7b24b5ea41b9149784e8bbe9acaa19ca7b7e23e9235d617d49aa28c4aa,3a50052487d6522688c3aec62e4dccd03d1b84ed163517fa388e5f615932fa75,True
SZ_Air,R02,112,zone1,replace_rule,replace_rule,accepted,20,21,3a50052487d6522688c3aec62e4dccd03d1b84ed163517fa388e5f615932fa75,b9ea7c7b24b5ea41b9149784e8bbe9acaa19ca7b7e23e9235d617d49aa28c4aa,True
SZ_Air,R02,113,zone1,replace_rule,replace_rule,accepted,21,22,b9ea7c7b24b5ea41b9149784e8bbe9acaa19ca7b7e23e9235d617d49aa28c4aa,f94208696cfc74d4afe6d017c59c58ec96c0f39ddbc514defa11f9135b112bad,True
SZ_Air,R02,114,zone1,deterministic_rejection,replace_rule,rejected,22,22,f94208696cfc74d4afe6d017c59c58ec96c0f39ddbc514defa11f9135b112bad,f94208696cfc74d4afe6d017c59c58ec96c0f39ddbc514defa11f9135b112bad,True
SZ_Air,R02,115,zone1,replace_rule,replace_rule,accepted,22,23,f94208696cfc74d4afe6d017c59c58ec96c0f39ddbc514defa11f9135b112bad,b5384310b6e5606df17b35ba95e356ee19fc5d0a8ea90e194ed991ca9cdf1cb0,True
SZ_Air,R02,116,zone1,explicit_no_change,no_change,accepted,23,23,b5384310b6e5606df17b35ba95e356ee19fc5d0a8ea90e194ed991ca9cdf1cb0,b5384310b6e5606df17b35ba95e356ee19fc5d0a8ea90e194ed991ca9cdf1cb0,True
SZ_Air,R02,117,zone1,explicit_no_change,no_change,accepted,23,23,b5384310b6e5606df17b35ba95e356ee19fc5d0a8ea90e194ed991ca9cdf1cb0,b5384310b6e5606df17b35ba95e356ee19fc5d0a8ea90e194ed991ca9cdf1cb0,True
SZ_Air,R02,118,zone1,explicit_no_change,no_change,accepted,23,23,b5384310b6e5606df17b35ba95e356ee19fc5d0a8ea90e194ed991ca9cdf1cb0,b5384310b6e5606df17b35ba95e356ee19fc5d0a8ea90e194ed991ca9cdf1cb0,True
SZ_Air,R02,119,zone1,explicit_no_change,no_change,accepted,23,23,b5384310b6e5606df17b35ba95e356ee19fc5d0a8ea90e194ed991ca9cdf1cb0,b5384310b6e5606df17b35ba95e356ee19fc5d0a8ea90e194ed991ca9cdf1cb0,True
SZ_Air,R02,120,zone1,explicit_no_change,no_change,accepted,23,23,b5384310b6e5606df17b35ba95e356ee19fc5d0a8ea90e194ed991ca9cdf1cb0,b5384310b6e5606df17b35ba95e356ee19fc5d0a8ea90e194ed991ca9cdf1cb0,True
SZ_Air,R02,121,zone1,explicit_no_change,no_change,accepted,23,23,b5384310b6e5606df17b35ba95e356ee19fc5d0a8ea90e194ed991ca9cdf1cb0,b5384310b6e5606df17b35ba95e356ee19fc5d0a8ea90e194ed991ca9cdf1cb0,True
SZ_Air,R02,122,zone1,explicit_no_change,no_change,accepted,23,23,b5384310b6e5606df17b35ba95e356ee19fc5d0a8ea90e194ed991ca9cdf1cb0,b5384310b6e5606df17b35ba95e356ee19fc5d0a8ea90e194ed991ca9cdf1cb0,True
SZ_Air,R02,123,zone1,explicit_no_change,no_change,accepted,23,23,b5384310b6e5606df17b35ba95e356ee19fc5d0a8ea90e194ed991ca9cdf1cb0,b5384310b6e5606df17b35ba95e356ee19fc5d0a8ea90e194ed991ca9cdf1cb0,True
SZ_Air,R02,124,zone1,explicit_no_change,no_change,accepted,23,23,b5384310b6e5606df17b35ba95e356ee19fc5d0a8ea90e194ed991ca9cdf1cb0,b5384310b6e5606df17b35ba95e356ee19fc5d0a8ea90e194ed991ca9cdf1cb0,True
SZ_Air,R02,125,zone1,explicit_no_change,no_change,accepted,23,23,b5384310b6e5606df17b35ba95e356ee19fc5d0a8ea90e194ed991ca9cdf1cb0,b5384310b6e5606df17b35ba95e356ee19fc5d0a8ea90e194ed991ca9cdf1cb0,True
SZ_Air,R02,126,zone1,explicit_no_change,no_change,accepted,23,23,b5384310b6e5606df17b35ba95e356ee19fc5d0a8ea90e194ed991ca9cdf1cb0,b5384310b6e5606df17b35ba95e356ee19fc5d0a8ea90e194ed991ca9cdf1cb0,True
SZ_Air,R02,127,zone1,explicit_no_change,no_change,accepted,23,23,b5384310b6e5606df17b35ba95e356ee19fc5d0a8ea90e194ed991ca9cdf1cb0,b5384310b6e5606df17b35ba95e356ee19fc5d0a8ea90e194ed991ca9cdf1cb0,True
SZ_Air,R02,128,zone1,set_param,set_param,accepted,23,24,b5384310b6e5606df17b35ba95e356ee19fc5d0a8ea90e194ed991ca9cdf1cb0,69be6db32578d3e4d4b82f5047f9ae32704da0cdb1cbd168b00c8fdae0a6532c,True
SZ_Air,R02,129,zone1,deterministic_rejection,replace_rule,rejected,24,24,69be6db32578d3e4d4b82f5047f9ae32704da0cdb1cbd168b00c8fdae0a6532c,69be6db32578d3e4d4b82f5047f9ae32704da0cdb1cbd168b00c8fdae0a6532c,True
SZ_Air,R02,130,zone1,set_param,set_param,accepted,24,25,69be6db32578d3e4d4b82f5047f9ae32704da0cdb1cbd168b00c8fdae0a6532c,eca73c09c7d1635b0f2e3df89e1c590c05c3edd100cca3b93271c02673d82160,True
SZ_Air,R02,131,zone1,replace_rule,replace_rule,accepted,25,26,eca73c09c7d1635b0f2e3df89e1c590c05c3edd100cca3b93271c02673d82160,1da3486109a17a935b25e42e839c4feda710add54981cf44201d9275e43f5a98,True
SZ_Air,R02,132,zone1,replace_rule,replace_rule,accepted,26,27,1da3486109a17a935b25e42e839c4feda710add54981cf44201d9275e43f5a98,feaa18ad761fe5356435f7cc583df806bb2ecdf68f6c42ae4880e9878164b5fe,True
SZ_Air,R02,133,zone1,deterministic_rejection,replace_rule,rejected,27,27,feaa18ad761fe5356435f7cc583df806bb2ecdf68f6c42ae4880e9878164b5fe,feaa18ad761fe5356435f7cc583df806bb2ecdf68f6c42ae4880e9878164b5fe,True
SZ_Air,R02,134,zone1,schema_fallback,no_change,model_output_rejected,27,27,feaa18ad761fe5356435f7cc583df806bb2ecdf68f6c42ae4880e9878164b5fe,feaa18ad761fe5356435f7cc583df806bb2ecdf68f6c42ae4880e9878164b5fe,True
SZ_Air,R02,135,zone1,set_param,set_param,accepted,27,28,feaa18ad761fe5356435f7cc583df806bb2ecdf68f6c42ae4880e9878164b5fe,a4936e4396dea04b4d724e7fb155b3e38f602095687760201ddb31016332d774,True
SZ_Air,R02,136,zone1,replace_rule,replace_rule,accepted,28,29,a4936e4396dea04b4d724e7fb155b3e38f602095687760201ddb31016332d774,c940f946e44523d7c84a383b64c7ad4e17f725096549d5f3bfcc66236df151f9,True
SZ_Air,R02,137,zone1,deterministic_rejection,replace_rule,rejected,29,29,c940f946e44523d7c84a383b64c7ad4e17f725096549d5f3bfcc66236df151f9,c940f946e44523d7c84a383b64c7ad4e17f725096549d5f3bfcc66236df151f9,True
SZ_Air,R02,138,zone1,replace_rule,replace_rule,accepted,29,30,c940f946e44523d7c84a383b64c7ad4e17f725096549d5f3bfcc66236df151f9,ddce418853f31086ff19bcebe5478db99a9e17c4964ee6bd97dc8e066380a67f,True
SZ_Air,R02,139,zone1,replace_rule,replace_rule,accepted,30,31,ddce418853f31086ff19bcebe5478db99a9e17c4964ee6bd97dc8e066380a67f,0e1a174b205aad2509646b23a8a647f513d7e5356d6a1f930aa34bfcf35dc81d,True
SZ_Air,R02,140,zone1,explicit_no_change,no_change,accepted,31,31,0e1a174b205aad2509646b23a8a647f513d7e5356d6a1f930aa34bfcf35dc81d,0e1a174b205aad2509646b23a8a647f513d7e5356d6a1f930aa34bfcf35dc81d,True
SZ_Air,R02,141,zone1,explicit_no_change,no_change,accepted,31,31,0e1a174b205aad2509646b23a8a647f513d7e5356d6a1f930aa34bfcf35dc81d,0e1a174b205aad2509646b23a8a647f513d7e5356d6a1f930aa34bfcf35dc81d,True
SZ_Air,R02,142,zone1,explicit_no_change,no_change,accepted,31,31,0e1a174b205aad2509646b23a8a647f513d7e5356d6a1f930aa34bfcf35dc81d,0e1a174b205aad2509646b23a8a647f513d7e5356d6a1f930aa34bfcf35dc81d,True
SZ_Air,R02,143,zone1,explicit_no_change,no_change,accepted,31,31,0e1a174b205aad2509646b23a8a647f513d7e5356d6a1f930aa34bfcf35dc81d,0e1a174b205aad2509646b23a8a647f513d7e5356d6a1f930aa34bfcf35dc81d,True
SZ_Air,R02,144,zone1,explicit_no_change,no_change,accepted,31,31,0e1a174b205aad2509646b23a8a647f513d7e5356d6a1f930aa34bfcf35dc81d,0e1a174b205aad2509646b23a8a647f513d7e5356d6a1f930aa34bfcf35dc81d,True
SZ_Air,R02,145,zone1,explicit_no_change,no_change,accepted,31,31,0e1a174b205aad2509646b23a8a647f513d7e5356d6a1f930aa34bfcf35dc81d,0e1a174b205aad2509646b23a8a647f513d7e5356d6a1f930aa34bfcf35dc81d,True
SZ_Air,R02,146,zone1,explicit_no_change,no_change,accepted,31,31,0e1a174b205aad2509646b23a8a647f513d7e5356d6a1f930aa34bfcf35dc81d,0e1a174b205aad2509646b23a8a647f513d7e5356d6a1f930aa34bfcf35dc81d,True
SZ_Air,R02,147,zone1,explicit_no_change,no_change,accepted,31,31,0e1a174b205aad2509646b23a8a647f513d7e5356d6a1f930aa34bfcf35dc81d,0e1a174b205aad2509646b23a8a647f513d7e5356d6a1f930aa34bfcf35dc81d,True
SZ_Air,R02,148,zone1,explicit_no_change,no_change,accepted,31,31,0e1a174b205aad2509646b23a8a647f513d7e5356d6a1f930aa34bfcf35dc81d,0e1a174b205aad2509646b23a8a647f513d7e5356d6a1f930aa34bfcf35dc81d,True
SZ_Air,R02,149,zone1,explicit_no_change,no_change,accepted,31,31,0e1a174b205aad2509646b23a8a647f513d7e5356d6a1f930aa34bfcf35dc81d,0e1a174b205aad2509646b23a8a647f513d7e5356d6a1f930aa34bfcf35dc81d,True
SZ_Air,R02,150,zone1,explicit_no_change,no_change,accepted,31,31,0e1a174b205aad2509646b23a8a647f513d7e5356d6a1f930aa34bfcf35dc81d,0e1a174b205aad2509646b23a8a647f513d7e5356d6a1f930aa34bfcf35dc81d,True
SZ_Air,R02,151,zone1,explicit_no_change,no_change,accepted,31,31,0e1a174b205aad2509646b23a8a647f513d7e5356d6a1f930aa34bfcf35dc81d,0e1a174b205aad2509646b23a8a647f513d7e5356d6a1f930aa34bfcf35dc81d,True
SZ_Air,R02,152,zone1,set_param,set_param,accepted,31,32,0e1a174b205aad2509646b23a8a647f513d7e5356d6a1f930aa34bfcf35dc81d,60ae3163bf14caf6299a5757cf2b8ad18d132415b86398117e1588a67c966b54,True
SZ_Air,R02,153,zone1,replace_rule,replace_rule,accepted,32,33,60ae3163bf14caf6299a5757cf2b8ad18d132415b86398117e1588a67c966b54,386f8a85948975ea904c1534ce7de803984bd92f71ede2ab27d8f33da9aa70b6,True
SZ_Air,R02,154,zone1,deterministic_rejection,replace_rule,rejected,33,33,386f8a85948975ea904c1534ce7de803984bd92f71ede2ab27d8f33da9aa70b6,386f8a85948975ea904c1534ce7de803984bd92f71ede2ab27d8f33da9aa70b6,True
SZ_Air,R02,155,zone1,replace_rule,replace_rule,accepted,33,34,386f8a85948975ea904c1534ce7de803984bd92f71ede2ab27d8f33da9aa70b6,dab0ce02bc9a727154a054017fdd3dc86b026c15f82b604701a592e61ef61dea,True
SZ_Air,R02,156,zone1,replace_rule,replace_rule,accepted,34,35,dab0ce02bc9a727154a054017fdd3dc86b026c15f82b604701a592e61ef61dea,58f351b7c25c5cee793054831bdc6df231808be06bc25acdd4ed916420d3586e,True
SZ_Air,R02,157,zone1,replace_rule,replace_rule,accepted,35,36,58f351b7c25c5cee793054831bdc6df231808be06bc25acdd4ed916420d3586e,66bbe4d9b431934573a04ed8111e28abf215e05b4ca23b8fbede981a2b8a5e0f,True
SZ_Air,R02,158,zone1,replace_rule,replace_rule,accepted,36,37,66bbe4d9b431934573a04ed8111e28abf215e05b4ca23b8fbede981a2b8a5e0f,aba51f2f115c5dfd37f90c95a54c174293e4f9aeade588809b39d858c22079b9,True
SZ_Air,R02,159,zone1,deterministic_rejection,replace_rule,rejected,37,37,aba51f2f115c5dfd37f90c95a54c174293e4f9aeade588809b39d858c22079b9,aba51f2f115c5dfd37f90c95a54c174293e4f9aeade588809b39d858c22079b9,True
SZ_Air,R02,160,zone1,replace_rule,replace_rule,accepted,37,38,aba51f2f115c5dfd37f90c95a54c174293e4f9aeade588809b39d858c22079b9,bb234c0c73b49c99163c9622af72b89bb32975ff9c593672f7dbb6ccec6849bd,True
SZ_Air,R02,161,zone1,replace_rule,replace_rule,accepted,38,39,bb234c0c73b49c99163c9622af72b89bb32975ff9c593672f7dbb6ccec6849bd,5e6ba4968172bb80741779e49b6518066e8232fafc0b72c774e7d85065c84bd6,True
SZ_Air,R02,162,zone1,replace_rule,replace_rule,accepted,39,40,5e6ba4968172bb80741779e49b6518066e8232fafc0b72c774e7d85065c84bd6,26c01f16ece44db1e16074f66bec918846a5c8d5f2c9390fd2c967560c760c46,True
SZ_Air,R02,163,zone1,explicit_no_change,no_change,accepted,40,40,26c01f16ece44db1e16074f66bec918846a5c8d5f2c9390fd2c967560c760c46,26c01f16ece44db1e16074f66bec918846a5c8d5f2c9390fd2c967560c760c46,True
SZ_Air,R02,164,zone1,explicit_no_change,no_change,accepted,40,40,26c01f16ece44db1e16074f66bec918846a5c8d5f2c9390fd2c967560c760c46,26c01f16ece44db1e16074f66bec918846a5c8d5f2c9390fd2c967560c760c46,True
SZ_Air,R02,165,zone1,explicit_no_change,no_change,accepted,40,40,26c01f16ece44db1e16074f66bec918846a5c8d5f2c9390fd2c967560c760c46,26c01f16ece44db1e16074f66bec918846a5c8d5f2c9390fd2c967560c760c46,True
SZ_Air,R02,166,zone1,explicit_no_change,no_change,accepted,40,40,26c01f16ece44db1e16074f66bec918846a5c8d5f2c9390fd2c967560c760c46,26c01f16ece44db1e16074f66bec918846a5c8d5f2c9390fd2c967560c760c46,True
SZ_Air,R02,167,zone1,explicit_no_change,no_change,accepted,40,40,26c01f16ece44db1e16074f66bec918846a5c8d5f2c9390fd2c967560c760c46,26c01f16ece44db1e16074f66bec918846a5c8d5f2c9390fd2c967560c760c46,True
SZ_Air,R02,168,zone1,explicit_no_change,no_change,accepted,40,40,26c01f16ece44db1e16074f66bec918846a5c8d5f2c9390fd2c967560c760c46,26c01f16ece44db1e16074f66bec918846a5c8d5f2c9390fd2c967560c760c46,True
SZ_Air,R03,1,zone1,explicit_no_change,no_change,accepted,0,0,148991b618bd78876809d302dfbcf3b2564abb5dd76b40327e4181f49b773ba8,148991b618bd78876809d302dfbcf3b2564abb5dd76b40327e4181f49b773ba8,True
SZ_Air,R03,2,zone1,explicit_no_change,no_change,accepted,0,0,148991b618bd78876809d302dfbcf3b2564abb5dd76b40327e4181f49b773ba8,148991b618bd78876809d302dfbcf3b2564abb5dd76b40327e4181f49b773ba8,True
SZ_Air,R03,3,zone1,explicit_no_change,no_change,accepted,0,0,148991b618bd78876809d302dfbcf3b2564abb5dd76b40327e4181f49b773ba8,148991b618bd78876809d302dfbcf3b2564abb5dd76b40327e4181f49b773ba8,True
SZ_Air,R03,4,zone1,explicit_no_change,no_change,accepted,0,0,148991b618bd78876809d302dfbcf3b2564abb5dd76b40327e4181f49b773ba8,148991b618bd78876809d302dfbcf3b2564abb5dd76b40327e4181f49b773ba8,True
SZ_Air,R03,5,zone1,explicit_no_change,no_change,accepted,0,0,148991b618bd78876809d302dfbcf3b2564abb5dd76b40327e4181f49b773ba8,148991b618bd78876809d302dfbcf3b2564abb5dd76b40327e4181f49b773ba8,True
SZ_Air,R03,6,zone1,explicit_no_change,no_change,accepted,0,0,148991b618bd78876809d302dfbcf3b2564abb5dd76b40327e4181f49b773ba8,148991b618bd78876809d302dfbcf3b2564abb5dd76b40327e4181f49b773ba8,True
SZ_Air,R03,7,zone1,explicit_no_change,no_change,accepted,0,0,148991b618bd78876809d302dfbcf3b2564abb5dd76b40327e4181f49b773ba8,148991b618bd78876809d302dfbcf3b2564abb5dd76b40327e4181f49b773ba8,True
SZ_Air,R03,8,zone1,explicit_no_change,no_change,accepted,0,0,148991b618bd78876809d302dfbcf3b2564abb5dd76b40327e4181f49b773ba8,148991b618bd78876809d302dfbcf3b2564abb5dd76b40327e4181f49b773ba8,True
SZ_Air,R03,9,zone1,set_param,set_param,accepted,0,1,148991b618bd78876809d302dfbcf3b2564abb5dd76b40327e4181f49b773ba8,dbeba114d77a6862a3a3d5722b453a6fd60be5f52ce92fe3f96e459432fc9711,True
SZ_Air,R03,10,zone1,set_param,set_param,accepted,1,2,dbeba114d77a6862a3a3d5722b453a6fd60be5f52ce92fe3f96e459432fc9711,1709a3faa0cb135326b11050cb467e499ca96b8fd5974cdfe5da5816d7f00b75,True
SZ_Air,R03,11,zone1,set_param,set_param,accepted,2,3,1709a3faa0cb135326b11050cb467e499ca96b8fd5974cdfe5da5816d7f00b75,6cbe64ea0e2d82ad9302b7649ee25c979419d67c2b0e4eb35dcff931095d3945,True
SZ_Air,R03,12,zone1,deterministic_rejection,set_param,rejected,3,3,6cbe64ea0e2d82ad9302b7649ee25c979419d67c2b0e4eb35dcff931095d3945,6cbe64ea0e2d82ad9302b7649ee25c979419d67c2b0e4eb35dcff931095d3945,True
SZ_Air,R03,13,zone1,set_param,set_param,accepted,3,4,6cbe64ea0e2d82ad9302b7649ee25c979419d67c2b0e4eb35dcff931095d3945,c95cede6b37a6285e628071aad8dbd6649f6eb15fce2551560142961fbee83e3,True
SZ_Air,R03,14,zone1,deterministic_rejection,add_rule,rejected,4,4,c95cede6b37a6285e628071aad8dbd6649f6eb15fce2551560142961fbee83e3,c95cede6b37a6285e628071aad8dbd6649f6eb15fce2551560142961fbee83e3,True
SZ_Air,R03,15,zone1,deterministic_rejection,replace_rule,rejected,4,4,c95cede6b37a6285e628071aad8dbd6649f6eb15fce2551560142961fbee83e3,c95cede6b37a6285e628071aad8dbd6649f6eb15fce2551560142961fbee83e3,True
SZ_Air,R03,16,zone1,schema_fallback,no_change,model_output_rejected,4,4,c95cede6b37a6285e628071aad8dbd6649f6eb15fce2551560142961fbee83e3,c95cede6b37a6285e628071aad8dbd6649f6eb15fce2551560142961fbee83e3,True
SZ_Air,R03,17,zone1,deterministic_rejection,add_rule,rejected,4,4,c95cede6b37a6285e628071aad8dbd6649f6eb15fce2551560142961fbee83e3,c95cede6b37a6285e628071aad8dbd6649f6eb15fce2551560142961fbee83e3,True
SZ_Air,R03,18,zone1,deterministic_rejection,replace_rule,rejected,4,4,c95cede6b37a6285e628071aad8dbd6649f6eb15fce2551560142961fbee83e3,c95cede6b37a6285e628071aad8dbd6649f6eb15fce2551560142961fbee83e3,True
SZ_Air,R03,19,zone1,replace_rule,replace_rule,accepted,4,5,c95cede6b37a6285e628071aad8dbd6649f6eb15fce2551560142961fbee83e3,d03efd07ea0d0a826565472a7330cf2504fcc1dec20e8754d682ce60ac8682aa,True
SZ_Air,R03,20,zone1,explicit_no_change,no_change,accepted,5,5,d03efd07ea0d0a826565472a7330cf2504fcc1dec20e8754d682ce60ac8682aa,d03efd07ea0d0a826565472a7330cf2504fcc1dec20e8754d682ce60ac8682aa,True
SZ_Air,R03,21,zone1,replace_rule,replace_rule,accepted,5,6,d03efd07ea0d0a826565472a7330cf2504fcc1dec20e8754d682ce60ac8682aa,460624aec7f470dbbd7cb94536faf1a1f2401f86b4a27d26e407775580dbe594,True
SZ_Air,R03,22,zone1,explicit_no_change,no_change,accepted,6,6,460624aec7f470dbbd7cb94536faf1a1f2401f86b4a27d26e407775580dbe594,460624aec7f470dbbd7cb94536faf1a1f2401f86b4a27d26e407775580dbe594,True
SZ_Air,R03,23,zone1,explicit_no_change,no_change,accepted,6,6,460624aec7f470dbbd7cb94536faf1a1f2401f86b4a27d26e407775580dbe594,460624aec7f470dbbd7cb94536faf1a1f2401f86b4a27d26e407775580dbe594,True
SZ_Air,R03,24,zone1,explicit_no_change,no_change,accepted,6,6,460624aec7f470dbbd7cb94536faf1a1f2401f86b4a27d26e407775580dbe594,460624aec7f470dbbd7cb94536faf1a1f2401f86b4a27d26e407775580dbe594,True
SZ_Air,R03,25,zone1,explicit_no_change,no_change,accepted,6,6,460624aec7f470dbbd7cb94536faf1a1f2401f86b4a27d26e407775580dbe594,460624aec7f470dbbd7cb94536faf1a1f2401f86b4a27d26e407775580dbe594,True
SZ_Air,R03,26,zone1,explicit_no_change,no_change,accepted,6,6,460624aec7f470dbbd7cb94536faf1a1f2401f86b4a27d26e407775580dbe594,460624aec7f470dbbd7cb94536faf1a1f2401f86b4a27d26e407775580dbe594,True
SZ_Air,R03,27,zone1,explicit_no_change,no_change,accepted,6,6,460624aec7f470dbbd7cb94536faf1a1f2401f86b4a27d26e407775580dbe594,460624aec7f470dbbd7cb94536faf1a1f2401f86b4a27d26e407775580dbe594,True
SZ_Air,R03,28,zone1,explicit_no_change,no_change,accepted,6,6,460624aec7f470dbbd7cb94536faf1a1f2401f86b4a27d26e407775580dbe594,460624aec7f470dbbd7cb94536faf1a1f2401f86b4a27d26e407775580dbe594,True
SZ_Air,R03,29,zone1,explicit_no_change,no_change,accepted,6,6,460624aec7f470dbbd7cb94536faf1a1f2401f86b4a27d26e407775580dbe594,460624aec7f470dbbd7cb94536faf1a1f2401f86b4a27d26e407775580dbe594,True
SZ_Air,R03,30,zone1,explicit_no_change,no_change,accepted,6,6,460624aec7f470dbbd7cb94536faf1a1f2401f86b4a27d26e407775580dbe594,460624aec7f470dbbd7cb94536faf1a1f2401f86b4a27d26e407775580dbe594,True
SZ_Air,R03,31,zone1,explicit_no_change,no_change,accepted,6,6,460624aec7f470dbbd7cb94536faf1a1f2401f86b4a27d26e407775580dbe594,460624aec7f470dbbd7cb94536faf1a1f2401f86b4a27d26e407775580dbe594,True
SZ_Air,R03,32,zone1,set_param,set_param,accepted,6,7,460624aec7f470dbbd7cb94536faf1a1f2401f86b4a27d26e407775580dbe594,2cf9e726f7fee6e2649ceaf22d3fa79afb53c5fabd3d426c9b7ffad92f6d80fe,True
SZ_Air,R03,33,zone1,deterministic_rejection,move_rule,rejected,7,7,2cf9e726f7fee6e2649ceaf22d3fa79afb53c5fabd3d426c9b7ffad92f6d80fe,2cf9e726f7fee6e2649ceaf22d3fa79afb53c5fabd3d426c9b7ffad92f6d80fe,True
SZ_Air,R03,34,zone1,set_param,set_param,accepted,7,8,2cf9e726f7fee6e2649ceaf22d3fa79afb53c5fabd3d426c9b7ffad92f6d80fe,37f6e49045cce3b8a6316d21e0993b8002eba95743c29d24173d4c6cc7cba31a,True
SZ_Air,R03,35,zone1,set_param,set_param,accepted,8,9,37f6e49045cce3b8a6316d21e0993b8002eba95743c29d24173d4c6cc7cba31a,2cf9e726f7fee6e2649ceaf22d3fa79afb53c5fabd3d426c9b7ffad92f6d80fe,True
SZ_Air,R03,36,zone1,set_param,set_param,accepted,9,10,2cf9e726f7fee6e2649ceaf22d3fa79afb53c5fabd3d426c9b7ffad92f6d80fe,7647d9b46153c67c3284d82c43fec22f113ff9affcf567c583632cfe83a007fe,True
SZ_Air,R03,37,zone1,deterministic_rejection,set_param,rejected,10,10,7647d9b46153c67c3284d82c43fec22f113ff9affcf567c583632cfe83a007fe,7647d9b46153c67c3284d82c43fec22f113ff9affcf567c583632cfe83a007fe,True
SZ_Air,R03,38,zone1,schema_fallback,no_change,model_output_rejected,10,10,7647d9b46153c67c3284d82c43fec22f113ff9affcf567c583632cfe83a007fe,7647d9b46153c67c3284d82c43fec22f113ff9affcf567c583632cfe83a007fe,True
SZ_Air,R03,39,zone1,set_param,set_param,accepted,10,11,7647d9b46153c67c3284d82c43fec22f113ff9affcf567c583632cfe83a007fe,2cf9e726f7fee6e2649ceaf22d3fa79afb53c5fabd3d426c9b7ffad92f6d80fe,True
SZ_Air,R03,40,zone1,deterministic_rejection,add_rule,rejected,11,11,2cf9e726f7fee6e2649ceaf22d3fa79afb53c5fabd3d426c9b7ffad92f6d80fe,2cf9e726f7fee6e2649ceaf22d3fa79afb53c5fabd3d426c9b7ffad92f6d80fe,True
SZ_Air,R03,41,zone1,deterministic_rejection,add_rule,rejected,11,11,2cf9e726f7fee6e2649ceaf22d3fa79afb53c5fabd3d426c9b7ffad92f6d80fe,2cf9e726f7fee6e2649ceaf22d3fa79afb53c5fabd3d426c9b7ffad92f6d80fe,True
SZ_Air,R03,42,zone1,explicit_no_change,no_change,accepted,11,11,2cf9e726f7fee6e2649ceaf22d3fa79afb53c5fabd3d426c9b7ffad92f6d80fe,2cf9e726f7fee6e2649ceaf22d3fa79afb53c5fabd3d426c9b7ffad92f6d80fe,True
SZ_Air,R03,43,zone1,replace_rule,replace_rule,accepted,11,12,2cf9e726f7fee6e2649ceaf22d3fa79afb53c5fabd3d426c9b7ffad92f6d80fe,0125b2cdff977006de56611eb876bf92700eddaedb99f74d807a34f3a54387a5,True
SZ_Air,R03,44,zone1,explicit_no_change,no_change,accepted,12,12,0125b2cdff977006de56611eb876bf92700eddaedb99f74d807a34f3a54387a5,0125b2cdff977006de56611eb876bf92700eddaedb99f74d807a34f3a54387a5,True
SZ_Air,R03,45,zone1,explicit_no_change,no_change,accepted,12,12,0125b2cdff977006de56611eb876bf92700eddaedb99f74d807a34f3a54387a5,0125b2cdff977006de56611eb876bf92700eddaedb99f74d807a34f3a54387a5,True
SZ_Air,R03,46,zone1,explicit_no_change,no_change,accepted,12,12,0125b2cdff977006de56611eb876bf92700eddaedb99f74d807a34f3a54387a5,0125b2cdff977006de56611eb876bf92700eddaedb99f74d807a34f3a54387a5,True
SZ_Air,R03,47,zone1,explicit_no_change,no_change,accepted,12,12,0125b2cdff977006de56611eb876bf92700eddaedb99f74d807a34f3a54387a5,0125b2cdff977006de56611eb876bf92700eddaedb99f74d807a34f3a54387a5,True
SZ_Air,R03,48,zone1,explicit_no_change,no_change,accepted,12,12,0125b2cdff977006de56611eb876bf92700eddaedb99f74d807a34f3a54387a5,0125b2cdff977006de56611eb876bf92700eddaedb99f74d807a34f3a54387a5,True
SZ_Air,R03,49,zone1,explicit_no_change,no_change,accepted,12,12,0125b2cdff977006de56611eb876bf92700eddaedb99f74d807a34f3a54387a5,0125b2cdff977006de56611eb876bf92700eddaedb99f74d807a34f3a54387a5,True
SZ_Air,R03,50,zone1,explicit_no_change,no_change,accepted,12,12,0125b2cdff977006de56611eb876bf92700eddaedb99f74d807a34f3a54387a5,0125b2cdff977006de56611eb876bf92700eddaedb99f74d807a34f3a54387a5,True
SZ_Air,R03,51,zone1,explicit_no_change,no_change,accepted,12,12,0125b2cdff977006de56611eb876bf92700eddaedb99f74d807a34f3a54387a5,0125b2cdff977006de56611eb876bf92700eddaedb99f74d807a34f3a54387a5,True
SZ_Air,R03,52,zone1,explicit_no_change,no_change,accepted,12,12,0125b2cdff977006de56611eb876bf92700eddaedb99f74d807a34f3a54387a5,0125b2cdff977006de56611eb876bf92700eddaedb99f74d807a34f3a54387a5,True
SZ_Air,R03,53,zone1,explicit_no_change,no_change,accepted,12,12,0125b2cdff977006de56611eb876bf92700eddaedb99f74d807a34f3a54387a5,0125b2cdff977006de56611eb876bf92700eddaedb99f74d807a34f3a54387a5,True
SZ_Air,R03,54,zone1,explicit_no_change,no_change,accepted,12,12,0125b2cdff977006de56611eb876bf92700eddaedb99f74d807a34f3a54387a5,0125b2cdff977006de56611eb876bf92700eddaedb99f74d807a34f3a54387a5,True
SZ_Air,R03,55,zone1,explicit_no_change,no_change,accepted,12,12,0125b2cdff977006de56611eb876bf92700eddaedb99f74d807a34f3a54387a5,0125b2cdff977006de56611eb876bf92700eddaedb99f74d807a34f3a54387a5,True
SZ_Air,R03,56,zone1,set_param,set_param,accepted,12,13,0125b2cdff977006de56611eb876bf92700eddaedb99f74d807a34f3a54387a5,a3ea228c214af3ad25eff19c24c93e5345af4a512f097321dc3f5a687a378724,True
SZ_Air,R03,57,zone1,replace_rule,replace_rule,accepted,13,14,a3ea228c214af3ad25eff19c24c93e5345af4a512f097321dc3f5a687a378724,3a2704eb744d1399046dad25ea69bece787f62b7089837056c35a1fc1542e4b0,True
SZ_Air,R03,58,zone1,deterministic_rejection,replace_rule,rejected,14,14,3a2704eb744d1399046dad25ea69bece787f62b7089837056c35a1fc1542e4b0,3a2704eb744d1399046dad25ea69bece787f62b7089837056c35a1fc1542e4b0,True
SZ_Air,R03,59,zone1,set_param,set_param,accepted,14,15,3a2704eb744d1399046dad25ea69bece787f62b7089837056c35a1fc1542e4b0,0333d0b5f85d902c799077973d52cce92957a8671aa9e48ea49cb2958500f7af,True
SZ_Air,R03,60,zone1,deterministic_rejection,set_param,rejected,15,15,0333d0b5f85d902c799077973d52cce92957a8671aa9e48ea49cb2958500f7af,0333d0b5f85d902c799077973d52cce92957a8671aa9e48ea49cb2958500f7af,True
SZ_Air,R03,61,zone1,deterministic_rejection,replace_rule,rejected,15,15,0333d0b5f85d902c799077973d52cce92957a8671aa9e48ea49cb2958500f7af,0333d0b5f85d902c799077973d52cce92957a8671aa9e48ea49cb2958500f7af,True
SZ_Air,R03,62,zone1,deterministic_rejection,add_rule,rejected,15,15,0333d0b5f85d902c799077973d52cce92957a8671aa9e48ea49cb2958500f7af,0333d0b5f85d902c799077973d52cce92957a8671aa9e48ea49cb2958500f7af,True
SZ_Air,R03,63,zone1,deterministic_rejection,replace_rule,rejected,15,15,0333d0b5f85d902c799077973d52cce92957a8671aa9e48ea49cb2958500f7af,0333d0b5f85d902c799077973d52cce92957a8671aa9e48ea49cb2958500f7af,True
SZ_Air,R03,64,zone1,deterministic_rejection,add_rule,rejected,15,15,0333d0b5f85d902c799077973d52cce92957a8671aa9e48ea49cb2958500f7af,0333d0b5f85d902c799077973d52cce92957a8671aa9e48ea49cb2958500f7af,True
SZ_Air,R03,65,zone1,deterministic_rejection,add_rule,rejected,15,15,0333d0b5f85d902c799077973d52cce92957a8671aa9e48ea49cb2958500f7af,0333d0b5f85d902c799077973d52cce92957a8671aa9e48ea49cb2958500f7af,True
SZ_Air,R03,66,zone1,deterministic_rejection,add_rule,rejected,15,15,0333d0b5f85d902c799077973d52cce92957a8671aa9e48ea49cb2958500f7af,0333d0b5f85d902c799077973d52cce92957a8671aa9e48ea49cb2958500f7af,True
SZ_Air,R03,67,zone1,deterministic_rejection,add_rule,rejected,15,15,0333d0b5f85d902c799077973d52cce92957a8671aa9e48ea49cb2958500f7af,0333d0b5f85d902c799077973d52cce92957a8671aa9e48ea49cb2958500f7af,True
SZ_Air,R03,68,zone1,add_rule,add_rule,accepted,15,16,0333d0b5f85d902c799077973d52cce92957a8671aa9e48ea49cb2958500f7af,e8ab446a63b6159efb46daa182460efc4cfe7d66cf089ed15e1b7dce12ae018f,True
SZ_Air,R03,69,zone1,explicit_no_change,no_change,accepted,16,16,e8ab446a63b6159efb46daa182460efc4cfe7d66cf089ed15e1b7dce12ae018f,e8ab446a63b6159efb46daa182460efc4cfe7d66cf089ed15e1b7dce12ae018f,True
SZ_Air,R03,70,zone1,explicit_no_change,no_change,accepted,16,16,e8ab446a63b6159efb46daa182460efc4cfe7d66cf089ed15e1b7dce12ae018f,e8ab446a63b6159efb46daa182460efc4cfe7d66cf089ed15e1b7dce12ae018f,True
SZ_Air,R03,71,zone1,explicit_no_change,no_change,accepted,16,16,e8ab446a63b6159efb46daa182460efc4cfe7d66cf089ed15e1b7dce12ae018f,e8ab446a63b6159efb46daa182460efc4cfe7d66cf089ed15e1b7dce12ae018f,True
SZ_Air,R03,72,zone1,explicit_no_change,no_change,accepted,16,16,e8ab446a63b6159efb46daa182460efc4cfe7d66cf089ed15e1b7dce12ae018f,e8ab446a63b6159efb46daa182460efc4cfe7d66cf089ed15e1b7dce12ae018f,True
SZ_Air,R03,73,zone1,explicit_no_change,no_change,accepted,16,16,e8ab446a63b6159efb46daa182460efc4cfe7d66cf089ed15e1b7dce12ae018f,e8ab446a63b6159efb46daa182460efc4cfe7d66cf089ed15e1b7dce12ae018f,True
SZ_Air,R03,74,zone1,explicit_no_change,no_change,accepted,16,16,e8ab446a63b6159efb46daa182460efc4cfe7d66cf089ed15e1b7dce12ae018f,e8ab446a63b6159efb46daa182460efc4cfe7d66cf089ed15e1b7dce12ae018f,True
SZ_Air,R03,75,zone1,explicit_no_change,no_change,accepted,16,16,e8ab446a63b6159efb46daa182460efc4cfe7d66cf089ed15e1b7dce12ae018f,e8ab446a63b6159efb46daa182460efc4cfe7d66cf089ed15e1b7dce12ae018f,True
SZ_Air,R03,76,zone1,explicit_no_change,no_change,accepted,16,16,e8ab446a63b6159efb46daa182460efc4cfe7d66cf089ed15e1b7dce12ae018f,e8ab446a63b6159efb46daa182460efc4cfe7d66cf089ed15e1b7dce12ae018f,True
SZ_Air,R03,77,zone1,explicit_no_change,no_change,accepted,16,16,e8ab446a63b6159efb46daa182460efc4cfe7d66cf089ed15e1b7dce12ae018f,e8ab446a63b6159efb46daa182460efc4cfe7d66cf089ed15e1b7dce12ae018f,True
SZ_Air,R03,78,zone1,explicit_no_change,no_change,accepted,16,16,e8ab446a63b6159efb46daa182460efc4cfe7d66cf089ed15e1b7dce12ae018f,e8ab446a63b6159efb46daa182460efc4cfe7d66cf089ed15e1b7dce12ae018f,True
SZ_Air,R03,79,zone1,explicit_no_change,no_change,accepted,16,16,e8ab446a63b6159efb46daa182460efc4cfe7d66cf089ed15e1b7dce12ae018f,e8ab446a63b6159efb46daa182460efc4cfe7d66cf089ed15e1b7dce12ae018f,True
SZ_Air,R03,80,zone1,deterministic_rejection,replace_rule,rejected,16,16,e8ab446a63b6159efb46daa182460efc4cfe7d66cf089ed15e1b7dce12ae018f,e8ab446a63b6159efb46daa182460efc4cfe7d66cf089ed15e1b7dce12ae018f,True
SZ_Air,R03,81,zone1,deterministic_rejection,replace_rule,rejected,16,16,e8ab446a63b6159efb46daa182460efc4cfe7d66cf089ed15e1b7dce12ae018f,e8ab446a63b6159efb46daa182460efc4cfe7d66cf089ed15e1b7dce12ae018f,True
SZ_Air,R03,82,zone1,deterministic_rejection,set_param,rejected,16,16,e8ab446a63b6159efb46daa182460efc4cfe7d66cf089ed15e1b7dce12ae018f,e8ab446a63b6159efb46daa182460efc4cfe7d66cf089ed15e1b7dce12ae018f,True
SZ_Air,R03,83,zone1,set_param,set_param,accepted,16,17,e8ab446a63b6159efb46daa182460efc4cfe7d66cf089ed15e1b7dce12ae018f,00d05325f492677611f17b4acfbd91071c63fe407f9461968b2cf8eb12163328,True
SZ_Air,R03,84,zone1,deterministic_rejection,set_param,rejected,17,17,00d05325f492677611f17b4acfbd91071c63fe407f9461968b2cf8eb12163328,00d05325f492677611f17b4acfbd91071c63fe407f9461968b2cf8eb12163328,True
SZ_Air,R03,85,zone1,replace_rule,replace_rule,accepted,17,18,00d05325f492677611f17b4acfbd91071c63fe407f9461968b2cf8eb12163328,953db4231169f25a5577e5c8cd15aa650b56189c4f4482ad2317d87bacb93b1b,True
SZ_Air,R03,86,zone1,deterministic_rejection,add_rule,rejected,18,18,953db4231169f25a5577e5c8cd15aa650b56189c4f4482ad2317d87bacb93b1b,953db4231169f25a5577e5c8cd15aa650b56189c4f4482ad2317d87bacb93b1b,True
SZ_Air,R03,87,zone1,add_rule,add_rule,accepted,18,19,953db4231169f25a5577e5c8cd15aa650b56189c4f4482ad2317d87bacb93b1b,43f7954e72f04fc3e2f01a57982566e8018aa565fa15e69492f31dcd45ea4c2f,True
SZ_Air,R03,88,zone1,explicit_no_change,no_change,accepted,19,19,43f7954e72f04fc3e2f01a57982566e8018aa565fa15e69492f31dcd45ea4c2f,43f7954e72f04fc3e2f01a57982566e8018aa565fa15e69492f31dcd45ea4c2f,True
SZ_Air,R03,89,zone1,replace_rule,replace_rule,accepted,19,20,43f7954e72f04fc3e2f01a57982566e8018aa565fa15e69492f31dcd45ea4c2f,3b58269e5e8583e5dbaed739ba86ca663bde46ce632fd6e648bf3e44db010a17,True
SZ_Air,R03,90,zone1,explicit_no_change,no_change,accepted,20,20,3b58269e5e8583e5dbaed739ba86ca663bde46ce632fd6e648bf3e44db010a17,3b58269e5e8583e5dbaed739ba86ca663bde46ce632fd6e648bf3e44db010a17,True
SZ_Air,R03,91,zone1,deterministic_rejection,replace_rule,rejected,20,20,3b58269e5e8583e5dbaed739ba86ca663bde46ce632fd6e648bf3e44db010a17,3b58269e5e8583e5dbaed739ba86ca663bde46ce632fd6e648bf3e44db010a17,True
SZ_Air,R03,92,zone1,explicit_no_change,no_change,accepted,20,20,3b58269e5e8583e5dbaed739ba86ca663bde46ce632fd6e648bf3e44db010a17,3b58269e5e8583e5dbaed739ba86ca663bde46ce632fd6e648bf3e44db010a17,True
SZ_Air,R03,93,zone1,explicit_no_change,no_change,accepted,20,20,3b58269e5e8583e5dbaed739ba86ca663bde46ce632fd6e648bf3e44db010a17,3b58269e5e8583e5dbaed739ba86ca663bde46ce632fd6e648bf3e44db010a17,True
SZ_Air,R03,94,zone1,explicit_no_change,no_change,accepted,20,20,3b58269e5e8583e5dbaed739ba86ca663bde46ce632fd6e648bf3e44db010a17,3b58269e5e8583e5dbaed739ba86ca663bde46ce632fd6e648bf3e44db010a17,True
SZ_Air,R03,95,zone1,explicit_no_change,no_change,accepted,20,20,3b58269e5e8583e5dbaed739ba86ca663bde46ce632fd6e648bf3e44db010a17,3b58269e5e8583e5dbaed739ba86ca663bde46ce632fd6e648bf3e44db010a17,True
SZ_Air,R03,96,zone1,explicit_no_change,no_change,accepted,20,20,3b58269e5e8583e5dbaed739ba86ca663bde46ce632fd6e648bf3e44db010a17,3b58269e5e8583e5dbaed739ba86ca663bde46ce632fd6e648bf3e44db010a17,True
SZ_Air,R03,97,zone1,explicit_no_change,no_change,accepted,20,20,3b58269e5e8583e5dbaed739ba86ca663bde46ce632fd6e648bf3e44db010a17,3b58269e5e8583e5dbaed739ba86ca663bde46ce632fd6e648bf3e44db010a17,True
SZ_Air,R03,98,zone1,explicit_no_change,no_change,accepted,20,20,3b58269e5e8583e5dbaed739ba86ca663bde46ce632fd6e648bf3e44db010a17,3b58269e5e8583e5dbaed739ba86ca663bde46ce632fd6e648bf3e44db010a17,True
SZ_Air,R03,99,zone1,explicit_no_change,no_change,accepted,20,20,3b58269e5e8583e5dbaed739ba86ca663bde46ce632fd6e648bf3e44db010a17,3b58269e5e8583e5dbaed739ba86ca663bde46ce632fd6e648bf3e44db010a17,True
SZ_Air,R03,100,zone1,explicit_no_change,no_change,accepted,20,20,3b58269e5e8583e5dbaed739ba86ca663bde46ce632fd6e648bf3e44db010a17,3b58269e5e8583e5dbaed739ba86ca663bde46ce632fd6e648bf3e44db010a17,True
SZ_Air,R03,101,zone1,explicit_no_change,no_change,accepted,20,20,3b58269e5e8583e5dbaed739ba86ca663bde46ce632fd6e648bf3e44db010a17,3b58269e5e8583e5dbaed739ba86ca663bde46ce632fd6e648bf3e44db010a17,True
SZ_Air,R03,102,zone1,replace_rule,replace_rule,accepted,20,21,3b58269e5e8583e5dbaed739ba86ca663bde46ce632fd6e648bf3e44db010a17,5ee276bee6f4a3c1ef9d776efb3eaababa1f98916fd930a4dc3638a9a902588a,True
SZ_Air,R03,103,zone1,explicit_no_change,no_change,accepted,21,21,5ee276bee6f4a3c1ef9d776efb3eaababa1f98916fd930a4dc3638a9a902588a,5ee276bee6f4a3c1ef9d776efb3eaababa1f98916fd930a4dc3638a9a902588a,True
SZ_Air,R03,104,zone1,set_param,set_param,accepted,21,22,5ee276bee6f4a3c1ef9d776efb3eaababa1f98916fd930a4dc3638a9a902588a,480e1c169c5e648eb319ecd8803feed3c404f94fc2f88641aa821752a338af29,True
SZ_Air,R03,105,zone1,move_rule,move_rule,accepted,22,23,480e1c169c5e648eb319ecd8803feed3c404f94fc2f88641aa821752a338af29,dbb4a3a746d2ca5744cfee21bc1efd6565ed2a660a14033f139b604298b0e232,True
SZ_Air,R03,106,zone1,replace_rule,replace_rule,accepted,23,24,dbb4a3a746d2ca5744cfee21bc1efd6565ed2a660a14033f139b604298b0e232,0ad1b96a9c0098a44b5f43520a6251523b1ef842bf63d6409678b0bc37fd4255,True
SZ_Air,R03,107,zone1,set_param,set_param,accepted,24,25,0ad1b96a9c0098a44b5f43520a6251523b1ef842bf63d6409678b0bc37fd4255,648d9b1b3541a6affea11efa657848f9cd3fa405501ea0ccf6ddf72c4859e4f7,True
SZ_Air,R03,108,zone1,deterministic_rejection,replace_rule,rejected,25,25,648d9b1b3541a6affea11efa657848f9cd3fa405501ea0ccf6ddf72c4859e4f7,648d9b1b3541a6affea11efa657848f9cd3fa405501ea0ccf6ddf72c4859e4f7,True
SZ_Air,R03,109,zone1,replace_rule,replace_rule,accepted,25,26,648d9b1b3541a6affea11efa657848f9cd3fa405501ea0ccf6ddf72c4859e4f7,be58a6934b0f6fe01522640236aa972cc4bbbae4917b0ec6b4dfe0e34d3c9a0a,True
SZ_Air,R03,110,zone1,schema_fallback,no_change,model_output_rejected,26,26,be58a6934b0f6fe01522640236aa972cc4bbbae4917b0ec6b4dfe0e34d3c9a0a,be58a6934b0f6fe01522640236aa972cc4bbbae4917b0ec6b4dfe0e34d3c9a0a,True
SZ_Air,R03,111,zone1,replace_rule,replace_rule,accepted,26,27,be58a6934b0f6fe01522640236aa972cc4bbbae4917b0ec6b4dfe0e34d3c9a0a,c6330a77b61d11a7c8366c1fb02a52bf793e380d39869d1834bbacf86ac33b7e,True
SZ_Air,R03,112,zone1,set_param,set_param,accepted,27,28,c6330a77b61d11a7c8366c1fb02a52bf793e380d39869d1834bbacf86ac33b7e,e47f4c07a95c47d19052470da72d3d95e90440190a989405b3f7fc8ba9d7b805,True
SZ_Air,R03,113,zone1,explicit_no_change,no_change,accepted,28,28,e47f4c07a95c47d19052470da72d3d95e90440190a989405b3f7fc8ba9d7b805,e47f4c07a95c47d19052470da72d3d95e90440190a989405b3f7fc8ba9d7b805,True
SZ_Air,R03,114,zone1,explicit_no_change,no_change,accepted,28,28,e47f4c07a95c47d19052470da72d3d95e90440190a989405b3f7fc8ba9d7b805,e47f4c07a95c47d19052470da72d3d95e90440190a989405b3f7fc8ba9d7b805,True
SZ_Air,R03,115,zone1,explicit_no_change,no_change,accepted,28,28,e47f4c07a95c47d19052470da72d3d95e90440190a989405b3f7fc8ba9d7b805,e47f4c07a95c47d19052470da72d3d95e90440190a989405b3f7fc8ba9d7b805,True
SZ_Air,R03,116,zone1,explicit_no_change,no_change,accepted,28,28,e47f4c07a95c47d19052470da72d3d95e90440190a989405b3f7fc8ba9d7b805,e47f4c07a95c47d19052470da72d3d95e90440190a989405b3f7fc8ba9d7b805,True
SZ_Air,R03,117,zone1,explicit_no_change,no_change,accepted,28,28,e47f4c07a95c47d19052470da72d3d95e90440190a989405b3f7fc8ba9d7b805,e47f4c07a95c47d19052470da72d3d95e90440190a989405b3f7fc8ba9d7b805,True
SZ_Air,R03,118,zone1,explicit_no_change,no_change,accepted,28,28,e47f4c07a95c47d19052470da72d3d95e90440190a989405b3f7fc8ba9d7b805,e47f4c07a95c47d19052470da72d3d95e90440190a989405b3f7fc8ba9d7b805,True
SZ_Air,R03,119,zone1,explicit_no_change,no_change,accepted,28,28,e47f4c07a95c47d19052470da72d3d95e90440190a989405b3f7fc8ba9d7b805,e47f4c07a95c47d19052470da72d3d95e90440190a989405b3f7fc8ba9d7b805,True
SZ_Air,R03,120,zone1,explicit_no_change,no_change,accepted,28,28,e47f4c07a95c47d19052470da72d3d95e90440190a989405b3f7fc8ba9d7b805,e47f4c07a95c47d19052470da72d3d95e90440190a989405b3f7fc8ba9d7b805,True
SZ_Air,R03,121,zone1,explicit_no_change,no_change,accepted,28,28,e47f4c07a95c47d19052470da72d3d95e90440190a989405b3f7fc8ba9d7b805,e47f4c07a95c47d19052470da72d3d95e90440190a989405b3f7fc8ba9d7b805,True
SZ_Air,R03,122,zone1,explicit_no_change,no_change,accepted,28,28,e47f4c07a95c47d19052470da72d3d95e90440190a989405b3f7fc8ba9d7b805,e47f4c07a95c47d19052470da72d3d95e90440190a989405b3f7fc8ba9d7b805,True
SZ_Air,R03,123,zone1,explicit_no_change,no_change,accepted,28,28,e47f4c07a95c47d19052470da72d3d95e90440190a989405b3f7fc8ba9d7b805,e47f4c07a95c47d19052470da72d3d95e90440190a989405b3f7fc8ba9d7b805,True
SZ_Air,R03,124,zone1,explicit_no_change,no_change,accepted,28,28,e47f4c07a95c47d19052470da72d3d95e90440190a989405b3f7fc8ba9d7b805,e47f4c07a95c47d19052470da72d3d95e90440190a989405b3f7fc8ba9d7b805,True
SZ_Air,R03,125,zone1,explicit_no_change,no_change,accepted,28,28,e47f4c07a95c47d19052470da72d3d95e90440190a989405b3f7fc8ba9d7b805,e47f4c07a95c47d19052470da72d3d95e90440190a989405b3f7fc8ba9d7b805,True
SZ_Air,R03,126,zone1,explicit_no_change,no_change,accepted,28,28,e47f4c07a95c47d19052470da72d3d95e90440190a989405b3f7fc8ba9d7b805,e47f4c07a95c47d19052470da72d3d95e90440190a989405b3f7fc8ba9d7b805,True
SZ_Air,R03,127,zone1,explicit_no_change,no_change,accepted,28,28,e47f4c07a95c47d19052470da72d3d95e90440190a989405b3f7fc8ba9d7b805,e47f4c07a95c47d19052470da72d3d95e90440190a989405b3f7fc8ba9d7b805,True
SZ_Air,R03,128,zone1,set_param,set_param,accepted,28,29,e47f4c07a95c47d19052470da72d3d95e90440190a989405b3f7fc8ba9d7b805,53419900e9ee1beda7eff3d5945b94c4ffcb9a733e3d3ecdb10692f0c9c98554,True
SZ_Air,R03,129,zone1,replace_rule,replace_rule,accepted,29,30,53419900e9ee1beda7eff3d5945b94c4ffcb9a733e3d3ecdb10692f0c9c98554,4949acd8576ad5da2e67d37de361f26f173ae0a659112299ad562eadbe4903b6,True
SZ_Air,R03,130,zone1,explicit_no_change,no_change,accepted,30,30,4949acd8576ad5da2e67d37de361f26f173ae0a659112299ad562eadbe4903b6,4949acd8576ad5da2e67d37de361f26f173ae0a659112299ad562eadbe4903b6,True
SZ_Air,R03,131,zone1,remove_rule,remove_rule,accepted,30,31,4949acd8576ad5da2e67d37de361f26f173ae0a659112299ad562eadbe4903b6,d9eb9d3200e515401690b7a5bf31b80d07cf06b0e3c87cfd369eb7ed39393f47,True
SZ_Air,R03,132,zone1,set_param,set_param,accepted,31,32,d9eb9d3200e515401690b7a5bf31b80d07cf06b0e3c87cfd369eb7ed39393f47,cbf5e1476a95889d65513827959a6ed23da7a430ea2b87f6ff742363feaa94f6,True
SZ_Air,R03,133,zone1,add_rule,add_rule,accepted,32,33,cbf5e1476a95889d65513827959a6ed23da7a430ea2b87f6ff742363feaa94f6,9c99cbd3c5ae4dd68d5e3f85387b354d27ca87113c2fa6853ad9d1de6ca5d1f6,True
SZ_Air,R03,134,zone1,deterministic_rejection,replace_rule,rejected,33,33,9c99cbd3c5ae4dd68d5e3f85387b354d27ca87113c2fa6853ad9d1de6ca5d1f6,9c99cbd3c5ae4dd68d5e3f85387b354d27ca87113c2fa6853ad9d1de6ca5d1f6,True
SZ_Air,R03,135,zone1,set_param,set_param,accepted,33,34,9c99cbd3c5ae4dd68d5e3f85387b354d27ca87113c2fa6853ad9d1de6ca5d1f6,c78aa4a02b4a4888e11ca3876d22af6d8dd7a9ff8d0c17f291eee49ebaac6fc6,True
SZ_Air,R03,136,zone1,set_param,set_param,accepted,34,35,c78aa4a02b4a4888e11ca3876d22af6d8dd7a9ff8d0c17f291eee49ebaac6fc6,5119ccf8e870b5fd289a21a46ce501848501ff8d5ea83a3f821cd2be2b52acf9,True
SZ_Air,R03,137,zone1,set_param,set_param,accepted,35,36,5119ccf8e870b5fd289a21a46ce501848501ff8d5ea83a3f821cd2be2b52acf9,7d3b574fde91e431101e8857250da2b33ed182b38dd80333b8e953196c9cf8d0,True
SZ_Air,R03,138,zone1,explicit_no_change,no_change,accepted,36,36,7d3b574fde91e431101e8857250da2b33ed182b38dd80333b8e953196c9cf8d0,7d3b574fde91e431101e8857250da2b33ed182b38dd80333b8e953196c9cf8d0,True
SZ_Air,R03,139,zone1,deterministic_rejection,replace_rule,rejected,36,36,7d3b574fde91e431101e8857250da2b33ed182b38dd80333b8e953196c9cf8d0,7d3b574fde91e431101e8857250da2b33ed182b38dd80333b8e953196c9cf8d0,True
SZ_Air,R03,140,zone1,schema_fallback,no_change,model_output_rejected,36,36,7d3b574fde91e431101e8857250da2b33ed182b38dd80333b8e953196c9cf8d0,7d3b574fde91e431101e8857250da2b33ed182b38dd80333b8e953196c9cf8d0,True
SZ_Air,R03,141,zone1,explicit_no_change,no_change,accepted,36,36,7d3b574fde91e431101e8857250da2b33ed182b38dd80333b8e953196c9cf8d0,7d3b574fde91e431101e8857250da2b33ed182b38dd80333b8e953196c9cf8d0,True
SZ_Air,R03,142,zone1,explicit_no_change,no_change,accepted,36,36,7d3b574fde91e431101e8857250da2b33ed182b38dd80333b8e953196c9cf8d0,7d3b574fde91e431101e8857250da2b33ed182b38dd80333b8e953196c9cf8d0,True
SZ_Air,R03,143,zone1,explicit_no_change,no_change,accepted,36,36,7d3b574fde91e431101e8857250da2b33ed182b38dd80333b8e953196c9cf8d0,7d3b574fde91e431101e8857250da2b33ed182b38dd80333b8e953196c9cf8d0,True
SZ_Air,R03,144,zone1,explicit_no_change,no_change,accepted,36,36,7d3b574fde91e431101e8857250da2b33ed182b38dd80333b8e953196c9cf8d0,7d3b574fde91e431101e8857250da2b33ed182b38dd80333b8e953196c9cf8d0,True
SZ_Air,R03,145,zone1,explicit_no_change,no_change,accepted,36,36,7d3b574fde91e431101e8857250da2b33ed182b38dd80333b8e953196c9cf8d0,7d3b574fde91e431101e8857250da2b33ed182b38dd80333b8e953196c9cf8d0,True
SZ_Air,R03,146,zone1,explicit_no_change,no_change,accepted,36,36,7d3b574fde91e431101e8857250da2b33ed182b38dd80333b8e953196c9cf8d0,7d3b574fde91e431101e8857250da2b33ed182b38dd80333b8e953196c9cf8d0,True
SZ_Air,R03,147,zone1,explicit_no_change,no_change,accepted,36,36,7d3b574fde91e431101e8857250da2b33ed182b38dd80333b8e953196c9cf8d0,7d3b574fde91e431101e8857250da2b33ed182b38dd80333b8e953196c9cf8d0,True
SZ_Air,R03,148,zone1,explicit_no_change,no_change,accepted,36,36,7d3b574fde91e431101e8857250da2b33ed182b38dd80333b8e953196c9cf8d0,7d3b574fde91e431101e8857250da2b33ed182b38dd80333b8e953196c9cf8d0,True
SZ_Air,R03,149,zone1,explicit_no_change,no_change,accepted,36,36,7d3b574fde91e431101e8857250da2b33ed182b38dd80333b8e953196c9cf8d0,7d3b574fde91e431101e8857250da2b33ed182b38dd80333b8e953196c9cf8d0,True
SZ_Air,R03,150,zone1,explicit_no_change,no_change,accepted,36,36,7d3b574fde91e431101e8857250da2b33ed182b38dd80333b8e953196c9cf8d0,7d3b574fde91e431101e8857250da2b33ed182b38dd80333b8e953196c9cf8d0,True
SZ_Air,R03,151,zone1,explicit_no_change,no_change,accepted,36,36,7d3b574fde91e431101e8857250da2b33ed182b38dd80333b8e953196c9cf8d0,7d3b574fde91e431101e8857250da2b33ed182b38dd80333b8e953196c9cf8d0,True
SZ_Air,R03,152,zone1,deterministic_rejection,set_param,rejected,36,36,7d3b574fde91e431101e8857250da2b33ed182b38dd80333b8e953196c9cf8d0,7d3b574fde91e431101e8857250da2b33ed182b38dd80333b8e953196c9cf8d0,True
SZ_Air,R03,153,zone1,schema_fallback,no_change,model_output_rejected,36,36,7d3b574fde91e431101e8857250da2b33ed182b38dd80333b8e953196c9cf8d0,7d3b574fde91e431101e8857250da2b33ed182b38dd80333b8e953196c9cf8d0,True
SZ_Air,R03,154,zone1,deterministic_rejection,replace_rule,rejected,36,36,7d3b574fde91e431101e8857250da2b33ed182b38dd80333b8e953196c9cf8d0,7d3b574fde91e431101e8857250da2b33ed182b38dd80333b8e953196c9cf8d0,True
SZ_Air,R03,155,zone1,replace_rule,replace_rule,accepted,36,37,7d3b574fde91e431101e8857250da2b33ed182b38dd80333b8e953196c9cf8d0,f942fe4ff5a1e514b0dba88604354978555cceca8e818733d9e057eb59e20590,True
SZ_Air,R03,156,zone1,explicit_no_change,no_change,accepted,37,37,f942fe4ff5a1e514b0dba88604354978555cceca8e818733d9e057eb59e20590,f942fe4ff5a1e514b0dba88604354978555cceca8e818733d9e057eb59e20590,True
SZ_Air,R03,157,zone1,deterministic_rejection,replace_rule,rejected,37,37,f942fe4ff5a1e514b0dba88604354978555cceca8e818733d9e057eb59e20590,f942fe4ff5a1e514b0dba88604354978555cceca8e818733d9e057eb59e20590,True
SZ_Air,R03,158,zone1,deterministic_rejection,replace_rule,rejected,37,37,f942fe4ff5a1e514b0dba88604354978555cceca8e818733d9e057eb59e20590,f942fe4ff5a1e514b0dba88604354978555cceca8e818733d9e057eb59e20590,True
SZ_Air,R03,159,zone1,deterministic_rejection,replace_rule,rejected,37,37,f942fe4ff5a1e514b0dba88604354978555cceca8e818733d9e057eb59e20590,f942fe4ff5a1e514b0dba88604354978555cceca8e818733d9e057eb59e20590,True
SZ_Air,R03,160,zone1,deterministic_rejection,set_param,rejected,37,37,f942fe4ff5a1e514b0dba88604354978555cceca8e818733d9e057eb59e20590,f942fe4ff5a1e514b0dba88604354978555cceca8e818733d9e057eb59e20590,True
SZ_Air,R03,161,zone1,deterministic_rejection,set_param,rejected,37,37,f942fe4ff5a1e514b0dba88604354978555cceca8e818733d9e057eb59e20590,f942fe4ff5a1e514b0dba88604354978555cceca8e818733d9e057eb59e20590,True
SZ_Air,R03,162,zone1,deterministic_rejection,replace_rule,rejected,37,37,f942fe4ff5a1e514b0dba88604354978555cceca8e818733d9e057eb59e20590,f942fe4ff5a1e514b0dba88604354978555cceca8e818733d9e057eb59e20590,True
SZ_Air,R03,163,zone1,replace_rule,replace_rule,accepted,37,38,f942fe4ff5a1e514b0dba88604354978555cceca8e818733d9e057eb59e20590,4ae0299ca6f9e5a259500956b528fd388157e3b5960e60f73f10493f25e71bcf,True
SZ_Air,R03,164,zone1,explicit_no_change,no_change,accepted,38,38,4ae0299ca6f9e5a259500956b528fd388157e3b5960e60f73f10493f25e71bcf,4ae0299ca6f9e5a259500956b528fd388157e3b5960e60f73f10493f25e71bcf,True
SZ_Air,R03,165,zone1,explicit_no_change,no_change,accepted,38,38,4ae0299ca6f9e5a259500956b528fd388157e3b5960e60f73f10493f25e71bcf,4ae0299ca6f9e5a259500956b528fd388157e3b5960e60f73f10493f25e71bcf,True
SZ_Air,R03,166,zone1,explicit_no_change,no_change,accepted,38,38,4ae0299ca6f9e5a259500956b528fd388157e3b5960e60f73f10493f25e71bcf,4ae0299ca6f9e5a259500956b528fd388157e3b5960e60f73f10493f25e71bcf,True
SZ_Air,R03,167,zone1,explicit_no_change,no_change,accepted,38,38,4ae0299ca6f9e5a259500956b528fd388157e3b5960e60f73f10493f25e71bcf,4ae0299ca6f9e5a259500956b528fd388157e3b5960e60f73f10493f25e71bcf,True
SZ_Air,R03,168,zone1,explicit_no_change,no_change,accepted,38,38,4ae0299ca6f9e5a259500956b528fd388157e3b5960e60f73f10493f25e71bcf,4ae0299ca6f9e5a259500956b528fd388157e3b5960e60f73f10493f25e71bcf,True
MZ_Hydro,R01,1,NZ,explicit_no_change,no_change,accepted,0,0,148991b618bd78876809d302dfbcf3b2564abb5dd76b40327e4181f49b773ba8,148991b618bd78876809d302dfbcf3b2564abb5dd76b40327e4181f49b773ba8,True
MZ_Hydro,R01,1,SZ,explicit_no_change,no_change,accepted,0,0,148991b618bd78876809d302dfbcf3b2564abb5dd76b40327e4181f49b773ba8,148991b618bd78876809d302dfbcf3b2564abb5dd76b40327e4181f49b773ba8,True
MZ_Hydro,R01,2,NZ,explicit_no_change,no_change,accepted,0,0,148991b618bd78876809d302dfbcf3b2564abb5dd76b40327e4181f49b773ba8,148991b618bd78876809d302dfbcf3b2564abb5dd76b40327e4181f49b773ba8,True
MZ_Hydro,R01,2,SZ,explicit_no_change,no_change,accepted,0,0,148991b618bd78876809d302dfbcf3b2564abb5dd76b40327e4181f49b773ba8,148991b618bd78876809d302dfbcf3b2564abb5dd76b40327e4181f49b773ba8,True
MZ_Hydro,R01,3,NZ,explicit_no_change,no_change,accepted,0,0,148991b618bd78876809d302dfbcf3b2564abb5dd76b40327e4181f49b773ba8,148991b618bd78876809d302dfbcf3b2564abb5dd76b40327e4181f49b773ba8,True
MZ_Hydro,R01,3,SZ,explicit_no_change,no_change,accepted,0,0,148991b618bd78876809d302dfbcf3b2564abb5dd76b40327e4181f49b773ba8,148991b618bd78876809d302dfbcf3b2564abb5dd76b40327e4181f49b773ba8,True
MZ_Hydro,R01,4,NZ,explicit_no_change,no_change,accepted,0,0,148991b618bd78876809d302dfbcf3b2564abb5dd76b40327e4181f49b773ba8,148991b618bd78876809d302dfbcf3b2564abb5dd76b40327e4181f49b773ba8,True
MZ_Hydro,R01,4,SZ,explicit_no_change,no_change,accepted,0,0,148991b618bd78876809d302dfbcf3b2564abb5dd76b40327e4181f49b773ba8,148991b618bd78876809d302dfbcf3b2564abb5dd76b40327e4181f49b773ba8,True
MZ_Hydro,R01,5,NZ,explicit_no_change,no_change,accepted,0,0,148991b618bd78876809d302dfbcf3b2564abb5dd76b40327e4181f49b773ba8,148991b618bd78876809d302dfbcf3b2564abb5dd76b40327e4181f49b773ba8,True
MZ_Hydro,R01,5,SZ,explicit_no_change,no_change,accepted,0,0,148991b618bd78876809d302dfbcf3b2564abb5dd76b40327e4181f49b773ba8,148991b618bd78876809d302dfbcf3b2564abb5dd76b40327e4181f49b773ba8,True
MZ_Hydro,R01,6,NZ,explicit_no_change,no_change,accepted,0,0,148991b618bd78876809d302dfbcf3b2564abb5dd76b40327e4181f49b773ba8,148991b618bd78876809d302dfbcf3b2564abb5dd76b40327e4181f49b773ba8,True
MZ_Hydro,R01,6,SZ,explicit_no_change,no_change,accepted,0,0,148991b618bd78876809d302dfbcf3b2564abb5dd76b40327e4181f49b773ba8,148991b618bd78876809d302dfbcf3b2564abb5dd76b40327e4181f49b773ba8,True
MZ_Hydro,R01,7,NZ,explicit_no_change,no_change,accepted,0,0,148991b618bd78876809d302dfbcf3b2564abb5dd76b40327e4181f49b773ba8,148991b618bd78876809d302dfbcf3b2564abb5dd76b40327e4181f49b773ba8,True
MZ_Hydro,R01,7,SZ,explicit_no_change,no_change,accepted,0,0,148991b618bd78876809d302dfbcf3b2564abb5dd76b40327e4181f49b773ba8,148991b618bd78876809d302dfbcf3b2564abb5dd76b40327e4181f49b773ba8,True
MZ_Hydro,R01,8,NZ,set_param,set_param,accepted,0,1,148991b618bd78876809d302dfbcf3b2564abb5dd76b40327e4181f49b773ba8,1709a3faa0cb135326b11050cb467e499ca96b8fd5974cdfe5da5816d7f00b75,True
MZ_Hydro,R01,8,SZ,explicit_no_change,no_change,accepted,0,0,148991b618bd78876809d302dfbcf3b2564abb5dd76b40327e4181f49b773ba8,148991b618bd78876809d302dfbcf3b2564abb5dd76b40327e4181f49b773ba8,True
MZ_Hydro,R01,9,SZ,set_param,set_param,accepted,0,1,148991b618bd78876809d302dfbcf3b2564abb5dd76b40327e4181f49b773ba8,1709a3faa0cb135326b11050cb467e499ca96b8fd5974cdfe5da5816d7f00b75,True
MZ_Hydro,R01,9,NZ,set_param,set_param,accepted,1,2,1709a3faa0cb135326b11050cb467e499ca96b8fd5974cdfe5da5816d7f00b75,c95cede6b37a6285e628071aad8dbd6649f6eb15fce2551560142961fbee83e3,True
MZ_Hydro,R01,10,SZ,explicit_no_change,no_change,accepted,1,1,1709a3faa0cb135326b11050cb467e499ca96b8fd5974cdfe5da5816d7f00b75,1709a3faa0cb135326b11050cb467e499ca96b8fd5974cdfe5da5816d7f00b75,True
MZ_Hydro,R01,10,NZ,schema_fallback,no_change,model_output_rejected,2,2,c95cede6b37a6285e628071aad8dbd6649f6eb15fce2551560142961fbee83e3,c95cede6b37a6285e628071aad8dbd6649f6eb15fce2551560142961fbee83e3,True
MZ_Hydro,R01,11,SZ,deterministic_rejection,set_param,rejected,1,1,1709a3faa0cb135326b11050cb467e499ca96b8fd5974cdfe5da5816d7f00b75,1709a3faa0cb135326b11050cb467e499ca96b8fd5974cdfe5da5816d7f00b75,True
MZ_Hydro,R01,11,NZ,set_param,set_param,accepted,2,3,c95cede6b37a6285e628071aad8dbd6649f6eb15fce2551560142961fbee83e3,b0b50d280eca7f9d8dc90f648119cfd39ff72f78af0e5727bd8e988c43f60e63,True
MZ_Hydro,R01,12,NZ,set_param,set_param,accepted,3,4,b0b50d280eca7f9d8dc90f648119cfd39ff72f78af0e5727bd8e988c43f60e63,2659eb0ec48226547b2976253008512cd2bc5de31c6991974e6dd08696c0a0c9,True
MZ_Hydro,R01,12,SZ,set_param,set_param,accepted,1,2,1709a3faa0cb135326b11050cb467e499ca96b8fd5974cdfe5da5816d7f00b75,c95cede6b37a6285e628071aad8dbd6649f6eb15fce2551560142961fbee83e3,True
MZ_Hydro,R01,13,NZ,deterministic_rejection,set_param,rejected,4,4,2659eb0ec48226547b2976253008512cd2bc5de31c6991974e6dd08696c0a0c9,2659eb0ec48226547b2976253008512cd2bc5de31c6991974e6dd08696c0a0c9,True
MZ_Hydro,R01,13,SZ,deterministic_rejection,set_param,rejected,2,2,c95cede6b37a6285e628071aad8dbd6649f6eb15fce2551560142961fbee83e3,c95cede6b37a6285e628071aad8dbd6649f6eb15fce2551560142961fbee83e3,True
MZ_Hydro,R01,14,SZ,set_param,set_param,accepted,2,3,c95cede6b37a6285e628071aad8dbd6649f6eb15fce2551560142961fbee83e3,12f985210f834d705b831ee4d074dbf09ca9a6655567f3b090ceb41a520b8d19,True
MZ_Hydro,R01,14,NZ,replace_rule,replace_rule,accepted,4,5,2659eb0ec48226547b2976253008512cd2bc5de31c6991974e6dd08696c0a0c9,0a42a5b6ea0c6484abbec4e42c382dc26181d52bc7af7a1d8e64d59ae4fb6a17,True
MZ_Hydro,R01,15,NZ,replace_rule,replace_rule,accepted,5,6,0a42a5b6ea0c6484abbec4e42c382dc26181d52bc7af7a1d8e64d59ae4fb6a17,ae0ddf1941594a1963ecbdfbaadb92c5daddf58216be50bf8e0db886ddb8bf1e,True
MZ_Hydro,R01,15,SZ,deterministic_rejection,set_param,rejected,3,3,12f985210f834d705b831ee4d074dbf09ca9a6655567f3b090ceb41a520b8d19,12f985210f834d705b831ee4d074dbf09ca9a6655567f3b090ceb41a520b8d19,True
MZ_Hydro,R01,16,NZ,set_param,set_param,accepted,6,7,ae0ddf1941594a1963ecbdfbaadb92c5daddf58216be50bf8e0db886ddb8bf1e,7a27b6c7462372e9ae6795eeaa07ac5185becf7584cff404b26d6c16d5769f02,True
MZ_Hydro,R01,16,SZ,deterministic_rejection,set_param,rejected,3,3,12f985210f834d705b831ee4d074dbf09ca9a6655567f3b090ceb41a520b8d19,12f985210f834d705b831ee4d074dbf09ca9a6655567f3b090ceb41a520b8d19,True
MZ_Hydro,R01,17,NZ,set_param,set_param,accepted,7,8,7a27b6c7462372e9ae6795eeaa07ac5185becf7584cff404b26d6c16d5769f02,3378adafd88e0432d7c040213f1dd815bf3a3068755b8defb54c0ba49a30374b,True
MZ_Hydro,R01,17,SZ,set_param,set_param,accepted,3,4,12f985210f834d705b831ee4d074dbf09ca9a6655567f3b090ceb41a520b8d19,c95cede6b37a6285e628071aad8dbd6649f6eb15fce2551560142961fbee83e3,True
MZ_Hydro,R01,18,SZ,set_param,set_param,accepted,4,5,c95cede6b37a6285e628071aad8dbd6649f6eb15fce2551560142961fbee83e3,6cb1923ce21e52da21b2d9e0b301c85815fdfd2ab12633526e567262e151e004,True
MZ_Hydro,R01,18,NZ,set_param,set_param,accepted,8,9,3378adafd88e0432d7c040213f1dd815bf3a3068755b8defb54c0ba49a30374b,8e4c86b11acffe1c4206d77294f9b3ceb094e6ea097fc8c58a0c7305e92cb7bb,True
MZ_Hydro,R01,19,SZ,deterministic_rejection,add_rule,rejected,5,5,6cb1923ce21e52da21b2d9e0b301c85815fdfd2ab12633526e567262e151e004,6cb1923ce21e52da21b2d9e0b301c85815fdfd2ab12633526e567262e151e004,True
MZ_Hydro,R01,19,NZ,set_param,set_param,accepted,9,10,8e4c86b11acffe1c4206d77294f9b3ceb094e6ea097fc8c58a0c7305e92cb7bb,ba09d766b2a84b85ddaa441e6364acedf493a2fde69a24a9351b4f777834bb34,True
MZ_Hydro,R01,20,SZ,deterministic_rejection,add_rule,rejected,5,5,6cb1923ce21e52da21b2d9e0b301c85815fdfd2ab12633526e567262e151e004,6cb1923ce21e52da21b2d9e0b301c85815fdfd2ab12633526e567262e151e004,True
MZ_Hydro,R01,20,NZ,deterministic_rejection,set_param,rejected,10,10,ba09d766b2a84b85ddaa441e6364acedf493a2fde69a24a9351b4f777834bb34,ba09d766b2a84b85ddaa441e6364acedf493a2fde69a24a9351b4f777834bb34,True
MZ_Hydro,R01,21,NZ,set_param,set_param,accepted,10,11,ba09d766b2a84b85ddaa441e6364acedf493a2fde69a24a9351b4f777834bb34,5dd3299f71581e80ba03d29e5818e2a582bb57fc7e1c1f984894ccb63b054f8c,True
MZ_Hydro,R01,21,SZ,explicit_no_change,no_change,accepted,5,5,6cb1923ce21e52da21b2d9e0b301c85815fdfd2ab12633526e567262e151e004,6cb1923ce21e52da21b2d9e0b301c85815fdfd2ab12633526e567262e151e004,True
MZ_Hydro,R01,22,SZ,explicit_no_change,no_change,accepted,5,5,6cb1923ce21e52da21b2d9e0b301c85815fdfd2ab12633526e567262e151e004,6cb1923ce21e52da21b2d9e0b301c85815fdfd2ab12633526e567262e151e004,True
MZ_Hydro,R01,22,NZ,explicit_no_change,no_change,accepted,11,11,5dd3299f71581e80ba03d29e5818e2a582bb57fc7e1c1f984894ccb63b054f8c,5dd3299f71581e80ba03d29e5818e2a582bb57fc7e1c1f984894ccb63b054f8c,True
MZ_Hydro,R01,23,SZ,explicit_no_change,no_change,accepted,5,5,6cb1923ce21e52da21b2d9e0b301c85815fdfd2ab12633526e567262e151e004,6cb1923ce21e52da21b2d9e0b301c85815fdfd2ab12633526e567262e151e004,True
MZ_Hydro,R01,23,NZ,explicit_no_change,no_change,accepted,11,11,5dd3299f71581e80ba03d29e5818e2a582bb57fc7e1c1f984894ccb63b054f8c,5dd3299f71581e80ba03d29e5818e2a582bb57fc7e1c1f984894ccb63b054f8c,True
MZ_Hydro,R01,24,NZ,explicit_no_change,no_change,accepted,11,11,5dd3299f71581e80ba03d29e5818e2a582bb57fc7e1c1f984894ccb63b054f8c,5dd3299f71581e80ba03d29e5818e2a582bb57fc7e1c1f984894ccb63b054f8c,True
MZ_Hydro,R01,24,SZ,explicit_no_change,no_change,accepted,5,5,6cb1923ce21e52da21b2d9e0b301c85815fdfd2ab12633526e567262e151e004,6cb1923ce21e52da21b2d9e0b301c85815fdfd2ab12633526e567262e151e004,True
MZ_Hydro,R01,25,NZ,explicit_no_change,no_change,accepted,11,11,5dd3299f71581e80ba03d29e5818e2a582bb57fc7e1c1f984894ccb63b054f8c,5dd3299f71581e80ba03d29e5818e2a582bb57fc7e1c1f984894ccb63b054f8c,True
MZ_Hydro,R01,25,SZ,explicit_no_change,no_change,accepted,5,5,6cb1923ce21e52da21b2d9e0b301c85815fdfd2ab12633526e567262e151e004,6cb1923ce21e52da21b2d9e0b301c85815fdfd2ab12633526e567262e151e004,True
MZ_Hydro,R01,26,NZ,explicit_no_change,no_change,accepted,11,11,5dd3299f71581e80ba03d29e5818e2a582bb57fc7e1c1f984894ccb63b054f8c,5dd3299f71581e80ba03d29e5818e2a582bb57fc7e1c1f984894ccb63b054f8c,True
MZ_Hydro,R01,26,SZ,explicit_no_change,no_change,accepted,5,5,6cb1923ce21e52da21b2d9e0b301c85815fdfd2ab12633526e567262e151e004,6cb1923ce21e52da21b2d9e0b301c85815fdfd2ab12633526e567262e151e004,True
MZ_Hydro,R01,27,NZ,explicit_no_change,no_change,accepted,11,11,5dd3299f71581e80ba03d29e5818e2a582bb57fc7e1c1f984894ccb63b054f8c,5dd3299f71581e80ba03d29e5818e2a582bb57fc7e1c1f984894ccb63b054f8c,True
MZ_Hydro,R01,27,SZ,explicit_no_change,no_change,accepted,5,5,6cb1923ce21e52da21b2d9e0b301c85815fdfd2ab12633526e567262e151e004,6cb1923ce21e52da21b2d9e0b301c85815fdfd2ab12633526e567262e151e004,True
MZ_Hydro,R01,28,NZ,explicit_no_change,no_change,accepted,11,11,5dd3299f71581e80ba03d29e5818e2a582bb57fc7e1c1f984894ccb63b054f8c,5dd3299f71581e80ba03d29e5818e2a582bb57fc7e1c1f984894ccb63b054f8c,True
MZ_Hydro,R01,28,SZ,explicit_no_change,no_change,accepted,5,5,6cb1923ce21e52da21b2d9e0b301c85815fdfd2ab12633526e567262e151e004,6cb1923ce21e52da21b2d9e0b301c85815fdfd2ab12633526e567262e151e004,True
MZ_Hydro,R01,29,NZ,explicit_no_change,no_change,accepted,11,11,5dd3299f71581e80ba03d29e5818e2a582bb57fc7e1c1f984894ccb63b054f8c,5dd3299f71581e80ba03d29e5818e2a582bb57fc7e1c1f984894ccb63b054f8c,True
MZ_Hydro,R01,29,SZ,explicit_no_change,no_change,accepted,5,5,6cb1923ce21e52da21b2d9e0b301c85815fdfd2ab12633526e567262e151e004,6cb1923ce21e52da21b2d9e0b301c85815fdfd2ab12633526e567262e151e004,True
MZ_Hydro,R01,30,NZ,explicit_no_change,no_change,accepted,11,11,5dd3299f71581e80ba03d29e5818e2a582bb57fc7e1c1f984894ccb63b054f8c,5dd3299f71581e80ba03d29e5818e2a582bb57fc7e1c1f984894ccb63b054f8c,True
MZ_Hydro,R01,30,SZ,explicit_no_change,no_change,accepted,5,5,6cb1923ce21e52da21b2d9e0b301c85815fdfd2ab12633526e567262e151e004,6cb1923ce21e52da21b2d9e0b301c85815fdfd2ab12633526e567262e151e004,True
MZ_Hydro,R01,31,NZ,explicit_no_change,no_change,accepted,11,11,5dd3299f71581e80ba03d29e5818e2a582bb57fc7e1c1f984894ccb63b054f8c,5dd3299f71581e80ba03d29e5818e2a582bb57fc7e1c1f984894ccb63b054f8c,True
MZ_Hydro,R01,31,SZ,explicit_no_change,no_change,accepted,5,5,6cb1923ce21e52da21b2d9e0b301c85815fdfd2ab12633526e567262e151e004,6cb1923ce21e52da21b2d9e0b301c85815fdfd2ab12633526e567262e151e004,True
MZ_Hydro,R01,32,NZ,deterministic_rejection,set_param,rejected,11,11,5dd3299f71581e80ba03d29e5818e2a582bb57fc7e1c1f984894ccb63b054f8c,5dd3299f71581e80ba03d29e5818e2a582bb57fc7e1c1f984894ccb63b054f8c,True
MZ_Hydro,R01,32,SZ,replace_rule,replace_rule,accepted,5,6,6cb1923ce21e52da21b2d9e0b301c85815fdfd2ab12633526e567262e151e004,35b8e7429952c37ee469e30a15e9239b40997db7ea2366d1435c236cff292c83,True
MZ_Hydro,R01,33,SZ,deterministic_rejection,replace_rule,rejected,6,6,35b8e7429952c37ee469e30a15e9239b40997db7ea2366d1435c236cff292c83,35b8e7429952c37ee469e30a15e9239b40997db7ea2366d1435c236cff292c83,True
MZ_Hydro,R01,33,NZ,explicit_no_change,no_change,accepted,11,11,5dd3299f71581e80ba03d29e5818e2a582bb57fc7e1c1f984894ccb63b054f8c,5dd3299f71581e80ba03d29e5818e2a582bb57fc7e1c1f984894ccb63b054f8c,True
MZ_Hydro,R01,34,NZ,deterministic_rejection,add_rule,rejected,11,11,5dd3299f71581e80ba03d29e5818e2a582bb57fc7e1c1f984894ccb63b054f8c,5dd3299f71581e80ba03d29e5818e2a582bb57fc7e1c1f984894ccb63b054f8c,True
MZ_Hydro,R01,34,SZ,deterministic_rejection,add_rule,rejected,6,6,35b8e7429952c37ee469e30a15e9239b40997db7ea2366d1435c236cff292c83,35b8e7429952c37ee469e30a15e9239b40997db7ea2366d1435c236cff292c83,True
MZ_Hydro,R01,35,NZ,replace_rule,replace_rule,accepted,11,12,5dd3299f71581e80ba03d29e5818e2a582bb57fc7e1c1f984894ccb63b054f8c,2db187ff5c7591365d535e46aa1e45cf90e45d42313d112ac2df8e2d0cc2cf62,True
MZ_Hydro,R01,35,SZ,deterministic_rejection,replace_rule,rejected,6,6,35b8e7429952c37ee469e30a15e9239b40997db7ea2366d1435c236cff292c83,35b8e7429952c37ee469e30a15e9239b40997db7ea2366d1435c236cff292c83,True
MZ_Hydro,R01,36,NZ,set_param,set_param,accepted,12,13,2db187ff5c7591365d535e46aa1e45cf90e45d42313d112ac2df8e2d0cc2cf62,8fc571c2edc0e3ea46d4308ecc68a922d6c4c70f8b5b04daf5cac0b63e225288,True
MZ_Hydro,R01,36,SZ,deterministic_rejection,replace_rule,rejected,6,6,35b8e7429952c37ee469e30a15e9239b40997db7ea2366d1435c236cff292c83,35b8e7429952c37ee469e30a15e9239b40997db7ea2366d1435c236cff292c83,True
MZ_Hydro,R01,37,SZ,schema_fallback,no_change,model_output_rejected,6,6,35b8e7429952c37ee469e30a15e9239b40997db7ea2366d1435c236cff292c83,35b8e7429952c37ee469e30a15e9239b40997db7ea2366d1435c236cff292c83,True
MZ_Hydro,R01,37,NZ,deterministic_rejection,replace_rule,rejected,13,13,8fc571c2edc0e3ea46d4308ecc68a922d6c4c70f8b5b04daf5cac0b63e225288,8fc571c2edc0e3ea46d4308ecc68a922d6c4c70f8b5b04daf5cac0b63e225288,True
MZ_Hydro,R01,38,SZ,deterministic_rejection,replace_rule,rejected,6,6,35b8e7429952c37ee469e30a15e9239b40997db7ea2366d1435c236cff292c83,35b8e7429952c37ee469e30a15e9239b40997db7ea2366d1435c236cff292c83,True
MZ_Hydro,R01,38,NZ,deterministic_rejection,add_rule,rejected,13,13,8fc571c2edc0e3ea46d4308ecc68a922d6c4c70f8b5b04daf5cac0b63e225288,8fc571c2edc0e3ea46d4308ecc68a922d6c4c70f8b5b04daf5cac0b63e225288,True
MZ_Hydro,R01,39,NZ,add_rule,add_rule,accepted,13,14,8fc571c2edc0e3ea46d4308ecc68a922d6c4c70f8b5b04daf5cac0b63e225288,ad05b4e672f41b8514499e3ff31a0459e68c0b77c998d9adafd55442aed56814,True
MZ_Hydro,R01,39,SZ,schema_fallback,no_change,model_output_rejected,6,6,35b8e7429952c37ee469e30a15e9239b40997db7ea2366d1435c236cff292c83,35b8e7429952c37ee469e30a15e9239b40997db7ea2366d1435c236cff292c83,True
MZ_Hydro,R01,40,SZ,deterministic_rejection,add_rule,rejected,6,6,35b8e7429952c37ee469e30a15e9239b40997db7ea2366d1435c236cff292c83,35b8e7429952c37ee469e30a15e9239b40997db7ea2366d1435c236cff292c83,True
MZ_Hydro,R01,40,NZ,deterministic_rejection,replace_rule,rejected,14,14,ad05b4e672f41b8514499e3ff31a0459e68c0b77c998d9adafd55442aed56814,ad05b4e672f41b8514499e3ff31a0459e68c0b77c998d9adafd55442aed56814,True
MZ_Hydro,R01,41,SZ,deterministic_rejection,replace_rule,rejected,6,6,35b8e7429952c37ee469e30a15e9239b40997db7ea2366d1435c236cff292c83,35b8e7429952c37ee469e30a15e9239b40997db7ea2366d1435c236cff292c83,True
MZ_Hydro,R01,41,NZ,schema_fallback,no_change,model_output_rejected,14,14,ad05b4e672f41b8514499e3ff31a0459e68c0b77c998d9adafd55442aed56814,ad05b4e672f41b8514499e3ff31a0459e68c0b77c998d9adafd55442aed56814,True
MZ_Hydro,R01,42,SZ,schema_fallback,no_change,model_output_rejected,6,6,35b8e7429952c37ee469e30a15e9239b40997db7ea2366d1435c236cff292c83,35b8e7429952c37ee469e30a15e9239b40997db7ea2366d1435c236cff292c83,True
MZ_Hydro,R01,42,NZ,deterministic_rejection,add_rule,rejected,14,14,ad05b4e672f41b8514499e3ff31a0459e68c0b77c998d9adafd55442aed56814,ad05b4e672f41b8514499e3ff31a0459e68c0b77c998d9adafd55442aed56814,True
MZ_Hydro,R01,43,SZ,deterministic_rejection,replace_rule,rejected,6,6,35b8e7429952c37ee469e30a15e9239b40997db7ea2366d1435c236cff292c83,35b8e7429952c37ee469e30a15e9239b40997db7ea2366d1435c236cff292c83,True
MZ_Hydro,R01,43,NZ,deterministic_rejection,add_rule,rejected,14,14,ad05b4e672f41b8514499e3ff31a0459e68c0b77c998d9adafd55442aed56814,ad05b4e672f41b8514499e3ff31a0459e68c0b77c998d9adafd55442aed56814,True
MZ_Hydro,R01,44,NZ,replace_rule,replace_rule,accepted,14,15,ad05b4e672f41b8514499e3ff31a0459e68c0b77c998d9adafd55442aed56814,7dc57863e31a4d80d50a56391c150255b0158c0433ee79aa3b5d64f063d23fc5,True
MZ_Hydro,R01,44,SZ,replace_rule,replace_rule,accepted,6,7,35b8e7429952c37ee469e30a15e9239b40997db7ea2366d1435c236cff292c83,5082999b00b42216f2476d571d7bc3da6aa825407a8ae7b82dbbc58d5ce3e95d,True
MZ_Hydro,R01,45,NZ,explicit_no_change,no_change,accepted,15,15,7dc57863e31a4d80d50a56391c150255b0158c0433ee79aa3b5d64f063d23fc5,7dc57863e31a4d80d50a56391c150255b0158c0433ee79aa3b5d64f063d23fc5,True
MZ_Hydro,R01,45,SZ,explicit_no_change,no_change,accepted,7,7,5082999b00b42216f2476d571d7bc3da6aa825407a8ae7b82dbbc58d5ce3e95d,5082999b00b42216f2476d571d7bc3da6aa825407a8ae7b82dbbc58d5ce3e95d,True
MZ_Hydro,R01,46,NZ,explicit_no_change,no_change,accepted,15,15,7dc57863e31a4d80d50a56391c150255b0158c0433ee79aa3b5d64f063d23fc5,7dc57863e31a4d80d50a56391c150255b0158c0433ee79aa3b5d64f063d23fc5,True
MZ_Hydro,R01,46,SZ,explicit_no_change,no_change,accepted,7,7,5082999b00b42216f2476d571d7bc3da6aa825407a8ae7b82dbbc58d5ce3e95d,5082999b00b42216f2476d571d7bc3da6aa825407a8ae7b82dbbc58d5ce3e95d,True
MZ_Hydro,R01,47,NZ,schema_fallback,no_change,model_output_rejected,15,15,7dc57863e31a4d80d50a56391c150255b0158c0433ee79aa3b5d64f063d23fc5,7dc57863e31a4d80d50a56391c150255b0158c0433ee79aa3b5d64f063d23fc5,True
MZ_Hydro,R01,47,SZ,explicit_no_change,no_change,accepted,7,7,5082999b00b42216f2476d571d7bc3da6aa825407a8ae7b82dbbc58d5ce3e95d,5082999b00b42216f2476d571d7bc3da6aa825407a8ae7b82dbbc58d5ce3e95d,True
MZ_Hydro,R01,48,NZ,explicit_no_change,no_change,accepted,15,15,7dc57863e31a4d80d50a56391c150255b0158c0433ee79aa3b5d64f063d23fc5,7dc57863e31a4d80d50a56391c150255b0158c0433ee79aa3b5d64f063d23fc5,True
MZ_Hydro,R01,48,SZ,explicit_no_change,no_change,accepted,7,7,5082999b00b42216f2476d571d7bc3da6aa825407a8ae7b82dbbc58d5ce3e95d,5082999b00b42216f2476d571d7bc3da6aa825407a8ae7b82dbbc58d5ce3e95d,True
MZ_Hydro,R01,49,NZ,explicit_no_change,no_change,accepted,15,15,7dc57863e31a4d80d50a56391c150255b0158c0433ee79aa3b5d64f063d23fc5,7dc57863e31a4d80d50a56391c150255b0158c0433ee79aa3b5d64f063d23fc5,True
MZ_Hydro,R01,49,SZ,explicit_no_change,no_change,accepted,7,7,5082999b00b42216f2476d571d7bc3da6aa825407a8ae7b82dbbc58d5ce3e95d,5082999b00b42216f2476d571d7bc3da6aa825407a8ae7b82dbbc58d5ce3e95d,True
MZ_Hydro,R01,50,NZ,explicit_no_change,no_change,accepted,15,15,7dc57863e31a4d80d50a56391c150255b0158c0433ee79aa3b5d64f063d23fc5,7dc57863e31a4d80d50a56391c150255b0158c0433ee79aa3b5d64f063d23fc5,True
MZ_Hydro,R01,50,SZ,explicit_no_change,no_change,accepted,7,7,5082999b00b42216f2476d571d7bc3da6aa825407a8ae7b82dbbc58d5ce3e95d,5082999b00b42216f2476d571d7bc3da6aa825407a8ae7b82dbbc58d5ce3e95d,True
MZ_Hydro,R01,51,NZ,explicit_no_change,no_change,accepted,15,15,7dc57863e31a4d80d50a56391c150255b0158c0433ee79aa3b5d64f063d23fc5,7dc57863e31a4d80d50a56391c150255b0158c0433ee79aa3b5d64f063d23fc5,True
MZ_Hydro,R01,51,SZ,explicit_no_change,no_change,accepted,7,7,5082999b00b42216f2476d571d7bc3da6aa825407a8ae7b82dbbc58d5ce3e95d,5082999b00b42216f2476d571d7bc3da6aa825407a8ae7b82dbbc58d5ce3e95d,True
MZ_Hydro,R01,52,NZ,explicit_no_change,no_change,accepted,15,15,7dc57863e31a4d80d50a56391c150255b0158c0433ee79aa3b5d64f063d23fc5,7dc57863e31a4d80d50a56391c150255b0158c0433ee79aa3b5d64f063d23fc5,True
MZ_Hydro,R01,52,SZ,explicit_no_change,no_change,accepted,7,7,5082999b00b42216f2476d571d7bc3da6aa825407a8ae7b82dbbc58d5ce3e95d,5082999b00b42216f2476d571d7bc3da6aa825407a8ae7b82dbbc58d5ce3e95d,True
MZ_Hydro,R01,53,NZ,explicit_no_change,no_change,accepted,15,15,7dc57863e31a4d80d50a56391c150255b0158c0433ee79aa3b5d64f063d23fc5,7dc57863e31a4d80d50a56391c150255b0158c0433ee79aa3b5d64f063d23fc5,True
MZ_Hydro,R01,53,SZ,explicit_no_change,no_change,accepted,7,7,5082999b00b42216f2476d571d7bc3da6aa825407a8ae7b82dbbc58d5ce3e95d,5082999b00b42216f2476d571d7bc3da6aa825407a8ae7b82dbbc58d5ce3e95d,True
MZ_Hydro,R01,54,NZ,explicit_no_change,no_change,accepted,15,15,7dc57863e31a4d80d50a56391c150255b0158c0433ee79aa3b5d64f063d23fc5,7dc57863e31a4d80d50a56391c150255b0158c0433ee79aa3b5d64f063d23fc5,True
MZ_Hydro,R01,54,SZ,explicit_no_change,no_change,accepted,7,7,5082999b00b42216f2476d571d7bc3da6aa825407a8ae7b82dbbc58d5ce3e95d,5082999b00b42216f2476d571d7bc3da6aa825407a8ae7b82dbbc58d5ce3e95d,True
MZ_Hydro,R01,55,NZ,explicit_no_change,no_change,accepted,15,15,7dc57863e31a4d80d50a56391c150255b0158c0433ee79aa3b5d64f063d23fc5,7dc57863e31a4d80d50a56391c150255b0158c0433ee79aa3b5d64f063d23fc5,True
MZ_Hydro,R01,55,SZ,explicit_no_change,no_change,accepted,7,7,5082999b00b42216f2476d571d7bc3da6aa825407a8ae7b82dbbc58d5ce3e95d,5082999b00b42216f2476d571d7bc3da6aa825407a8ae7b82dbbc58d5ce3e95d,True
MZ_Hydro,R01,56,NZ,deterministic_rejection,add_rule,rejected,15,15,7dc57863e31a4d80d50a56391c150255b0158c0433ee79aa3b5d64f063d23fc5,7dc57863e31a4d80d50a56391c150255b0158c0433ee79aa3b5d64f063d23fc5,True
MZ_Hydro,R01,56,SZ,schema_fallback,no_change,model_output_rejected,7,7,5082999b00b42216f2476d571d7bc3da6aa825407a8ae7b82dbbc58d5ce3e95d,5082999b00b42216f2476d571d7bc3da6aa825407a8ae7b82dbbc58d5ce3e95d,True
MZ_Hydro,R01,57,SZ,deterministic_rejection,add_rule,rejected,7,7,5082999b00b42216f2476d571d7bc3da6aa825407a8ae7b82dbbc58d5ce3e95d,5082999b00b42216f2476d571d7bc3da6aa825407a8ae7b82dbbc58d5ce3e95d,True
MZ_Hydro,R01,57,NZ,set_param,set_param,accepted,15,16,7dc57863e31a4d80d50a56391c150255b0158c0433ee79aa3b5d64f063d23fc5,aeb7cab46a2e7fcaf920f7748d3790daddff95b086307d09a7b620fa6091e300,True
MZ_Hydro,R01,58,NZ,deterministic_rejection,add_rule,rejected,16,16,aeb7cab46a2e7fcaf920f7748d3790daddff95b086307d09a7b620fa6091e300,aeb7cab46a2e7fcaf920f7748d3790daddff95b086307d09a7b620fa6091e300,True
MZ_Hydro,R01,58,SZ,deterministic_rejection,replace_rule,rejected,7,7,5082999b00b42216f2476d571d7bc3da6aa825407a8ae7b82dbbc58d5ce3e95d,5082999b00b42216f2476d571d7bc3da6aa825407a8ae7b82dbbc58d5ce3e95d,True
MZ_Hydro,R01,59,NZ,deterministic_rejection,replace_rule,rejected,16,16,aeb7cab46a2e7fcaf920f7748d3790daddff95b086307d09a7b620fa6091e300,aeb7cab46a2e7fcaf920f7748d3790daddff95b086307d09a7b620fa6091e300,True
MZ_Hydro,R01,59,SZ,deterministic_rejection,add_rule,rejected,7,7,5082999b00b42216f2476d571d7bc3da6aa825407a8ae7b82dbbc58d5ce3e95d,5082999b00b42216f2476d571d7bc3da6aa825407a8ae7b82dbbc58d5ce3e95d,True
MZ_Hydro,R01,60,NZ,deterministic_rejection,add_rule,rejected,16,16,aeb7cab46a2e7fcaf920f7748d3790daddff95b086307d09a7b620fa6091e300,aeb7cab46a2e7fcaf920f7748d3790daddff95b086307d09a7b620fa6091e300,True
MZ_Hydro,R01,60,SZ,schema_fallback,no_change,model_output_rejected,7,7,5082999b00b42216f2476d571d7bc3da6aa825407a8ae7b82dbbc58d5ce3e95d,5082999b00b42216f2476d571d7bc3da6aa825407a8ae7b82dbbc58d5ce3e95d,True
MZ_Hydro,R01,61,NZ,deterministic_rejection,add_rule,rejected,16,16,aeb7cab46a2e7fcaf920f7748d3790daddff95b086307d09a7b620fa6091e300,aeb7cab46a2e7fcaf920f7748d3790daddff95b086307d09a7b620fa6091e300,True
MZ_Hydro,R01,61,SZ,deterministic_rejection,replace_rule,rejected,7,7,5082999b00b42216f2476d571d7bc3da6aa825407a8ae7b82dbbc58d5ce3e95d,5082999b00b42216f2476d571d7bc3da6aa825407a8ae7b82dbbc58d5ce3e95d,True
MZ_Hydro,R01,62,NZ,explicit_no_change,no_change,accepted,16,16,aeb7cab46a2e7fcaf920f7748d3790daddff95b086307d09a7b620fa6091e300,aeb7cab46a2e7fcaf920f7748d3790daddff95b086307d09a7b620fa6091e300,True
MZ_Hydro,R01,62,SZ,deterministic_rejection,replace_rule,rejected,7,7,5082999b00b42216f2476d571d7bc3da6aa825407a8ae7b82dbbc58d5ce3e95d,5082999b00b42216f2476d571d7bc3da6aa825407a8ae7b82dbbc58d5ce3e95d,True
MZ_Hydro,R01,63,NZ,deterministic_rejection,replace_rule,rejected,16,16,aeb7cab46a2e7fcaf920f7748d3790daddff95b086307d09a7b620fa6091e300,aeb7cab46a2e7fcaf920f7748d3790daddff95b086307d09a7b620fa6091e300,True
MZ_Hydro,R01,63,SZ,replace_rule,replace_rule,accepted,7,8,5082999b00b42216f2476d571d7bc3da6aa825407a8ae7b82dbbc58d5ce3e95d,8530088d9495b7d2e3765894364598cae7e80a7878a9afc5dc76fd842e7b3fd7,True
MZ_Hydro,R01,64,SZ,explicit_no_change,no_change,accepted,8,8,8530088d9495b7d2e3765894364598cae7e80a7878a9afc5dc76fd842e7b3fd7,8530088d9495b7d2e3765894364598cae7e80a7878a9afc5dc76fd842e7b3fd7,True
MZ_Hydro,R01,64,NZ,schema_fallback,no_change,model_output_rejected,16,16,aeb7cab46a2e7fcaf920f7748d3790daddff95b086307d09a7b620fa6091e300,aeb7cab46a2e7fcaf920f7748d3790daddff95b086307d09a7b620fa6091e300,True
MZ_Hydro,R01,65,SZ,replace_rule,replace_rule,accepted,8,9,8530088d9495b7d2e3765894364598cae7e80a7878a9afc5dc76fd842e7b3fd7,5082999b00b42216f2476d571d7bc3da6aa825407a8ae7b82dbbc58d5ce3e95d,True
MZ_Hydro,R01,65,NZ,deterministic_rejection,replace_rule,rejected,16,16,aeb7cab46a2e7fcaf920f7748d3790daddff95b086307d09a7b620fa6091e300,aeb7cab46a2e7fcaf920f7748d3790daddff95b086307d09a7b620fa6091e300,True
MZ_Hydro,R01,66,SZ,deterministic_rejection,replace_rule,rejected,9,9,5082999b00b42216f2476d571d7bc3da6aa825407a8ae7b82dbbc58d5ce3e95d,5082999b00b42216f2476d571d7bc3da6aa825407a8ae7b82dbbc58d5ce3e95d,True
MZ_Hydro,R01,66,NZ,schema_fallback,no_change,model_output_rejected,16,16,aeb7cab46a2e7fcaf920f7748d3790daddff95b086307d09a7b620fa6091e300,aeb7cab46a2e7fcaf920f7748d3790daddff95b086307d09a7b620fa6091e300,True
MZ_Hydro,R01,67,NZ,deterministic_rejection,replace_rule,rejected,16,16,aeb7cab46a2e7fcaf920f7748d3790daddff95b086307d09a7b620fa6091e300,aeb7cab46a2e7fcaf920f7748d3790daddff95b086307d09a7b620fa6091e300,True
MZ_Hydro,R01,67,SZ,add_rule,add_rule,accepted,9,10,5082999b00b42216f2476d571d7bc3da6aa825407a8ae7b82dbbc58d5ce3e95d,e3f0b1083e56948e704acfd4407c3261fb3a430a3b7c37c6750b5d71d2af24f7,True
MZ_Hydro,R01,68,NZ,deterministic_rejection,replace_rule,rejected,16,16,aeb7cab46a2e7fcaf920f7748d3790daddff95b086307d09a7b620fa6091e300,aeb7cab46a2e7fcaf920f7748d3790daddff95b086307d09a7b620fa6091e300,True
MZ_Hydro,R01,68,SZ,explicit_no_change,no_change,accepted,10,10,e3f0b1083e56948e704acfd4407c3261fb3a430a3b7c37c6750b5d71d2af24f7,e3f0b1083e56948e704acfd4407c3261fb3a430a3b7c37c6750b5d71d2af24f7,True
MZ_Hydro,R01,69,NZ,explicit_no_change,no_change,accepted,16,16,aeb7cab46a2e7fcaf920f7748d3790daddff95b086307d09a7b620fa6091e300,aeb7cab46a2e7fcaf920f7748d3790daddff95b086307d09a7b620fa6091e300,True
MZ_Hydro,R01,69,SZ,explicit_no_change,no_change,accepted,10,10,e3f0b1083e56948e704acfd4407c3261fb3a430a3b7c37c6750b5d71d2af24f7,e3f0b1083e56948e704acfd4407c3261fb3a430a3b7c37c6750b5d71d2af24f7,True
MZ_Hydro,R01,70,SZ,explicit_no_change,no_change,accepted,10,10,e3f0b1083e56948e704acfd4407c3261fb3a430a3b7c37c6750b5d71d2af24f7,e3f0b1083e56948e704acfd4407c3261fb3a430a3b7c37c6750b5d71d2af24f7,True
MZ_Hydro,R01,70,NZ,replace_rule,replace_rule,accepted,16,17,aeb7cab46a2e7fcaf920f7748d3790daddff95b086307d09a7b620fa6091e300,0506bbe21508f6063671e018243ec14ca3dce1a487176a2731c9419ff1242c6d,True
MZ_Hydro,R01,71,SZ,explicit_no_change,no_change,accepted,10,10,e3f0b1083e56948e704acfd4407c3261fb3a430a3b7c37c6750b5d71d2af24f7,e3f0b1083e56948e704acfd4407c3261fb3a430a3b7c37c6750b5d71d2af24f7,True
MZ_Hydro,R01,71,NZ,explicit_no_change,no_change,accepted,17,17,0506bbe21508f6063671e018243ec14ca3dce1a487176a2731c9419ff1242c6d,0506bbe21508f6063671e018243ec14ca3dce1a487176a2731c9419ff1242c6d,True
MZ_Hydro,R01,72,NZ,explicit_no_change,no_change,accepted,17,17,0506bbe21508f6063671e018243ec14ca3dce1a487176a2731c9419ff1242c6d,0506bbe21508f6063671e018243ec14ca3dce1a487176a2731c9419ff1242c6d,True
MZ_Hydro,R01,72,SZ,explicit_no_change,no_change,accepted,10,10,e3f0b1083e56948e704acfd4407c3261fb3a430a3b7c37c6750b5d71d2af24f7,e3f0b1083e56948e704acfd4407c3261fb3a430a3b7c37c6750b5d71d2af24f7,True
MZ_Hydro,R01,73,NZ,explicit_no_change,no_change,accepted,17,17,0506bbe21508f6063671e018243ec14ca3dce1a487176a2731c9419ff1242c6d,0506bbe21508f6063671e018243ec14ca3dce1a487176a2731c9419ff1242c6d,True
MZ_Hydro,R01,73,SZ,explicit_no_change,no_change,accepted,10,10,e3f0b1083e56948e704acfd4407c3261fb3a430a3b7c37c6750b5d71d2af24f7,e3f0b1083e56948e704acfd4407c3261fb3a430a3b7c37c6750b5d71d2af24f7,True
MZ_Hydro,R01,74,NZ,explicit_no_change,no_change,accepted,17,17,0506bbe21508f6063671e018243ec14ca3dce1a487176a2731c9419ff1242c6d,0506bbe21508f6063671e018243ec14ca3dce1a487176a2731c9419ff1242c6d,True
MZ_Hydro,R01,74,SZ,explicit_no_change,no_change,accepted,10,10,e3f0b1083e56948e704acfd4407c3261fb3a430a3b7c37c6750b5d71d2af24f7,e3f0b1083e56948e704acfd4407c3261fb3a430a3b7c37c6750b5d71d2af24f7,True
MZ_Hydro,R01,75,SZ,explicit_no_change,no_change,accepted,10,10,e3f0b1083e56948e704acfd4407c3261fb3a430a3b7c37c6750b5d71d2af24f7,e3f0b1083e56948e704acfd4407c3261fb3a430a3b7c37c6750b5d71d2af24f7,True
MZ_Hydro,R01,75,NZ,explicit_no_change,no_change,accepted,17,17,0506bbe21508f6063671e018243ec14ca3dce1a487176a2731c9419ff1242c6d,0506bbe21508f6063671e018243ec14ca3dce1a487176a2731c9419ff1242c6d,True
MZ_Hydro,R01,76,NZ,explicit_no_change,no_change,accepted,17,17,0506bbe21508f6063671e018243ec14ca3dce1a487176a2731c9419ff1242c6d,0506bbe21508f6063671e018243ec14ca3dce1a487176a2731c9419ff1242c6d,True
MZ_Hydro,R01,76,SZ,explicit_no_change,no_change,accepted,10,10,e3f0b1083e56948e704acfd4407c3261fb3a430a3b7c37c6750b5d71d2af24f7,e3f0b1083e56948e704acfd4407c3261fb3a430a3b7c37c6750b5d71d2af24f7,True
MZ_Hydro,R01,77,SZ,explicit_no_change,no_change,accepted,10,10,e3f0b1083e56948e704acfd4407c3261fb3a430a3b7c37c6750b5d71d2af24f7,e3f0b1083e56948e704acfd4407c3261fb3a430a3b7c37c6750b5d71d2af24f7,True
MZ_Hydro,R01,77,NZ,explicit_no_change,no_change,accepted,17,17,0506bbe21508f6063671e018243ec14ca3dce1a487176a2731c9419ff1242c6d,0506bbe21508f6063671e018243ec14ca3dce1a487176a2731c9419ff1242c6d,True
MZ_Hydro,R01,78,SZ,explicit_no_change,no_change,accepted,10,10,e3f0b1083e56948e704acfd4407c3261fb3a430a3b7c37c6750b5d71d2af24f7,e3f0b1083e56948e704acfd4407c3261fb3a430a3b7c37c6750b5d71d2af24f7,True
MZ_Hydro,R01,78,NZ,explicit_no_change,no_change,accepted,17,17,0506bbe21508f6063671e018243ec14ca3dce1a487176a2731c9419ff1242c6d,0506bbe21508f6063671e018243ec14ca3dce1a487176a2731c9419ff1242c6d,True
MZ_Hydro,R01,79,SZ,explicit_no_change,no_change,accepted,10,10,e3f0b1083e56948e704acfd4407c3261fb3a430a3b7c37c6750b5d71d2af24f7,e3f0b1083e56948e704acfd4407c3261fb3a430a3b7c37c6750b5d71d2af24f7,True
MZ_Hydro,R01,79,NZ,explicit_no_change,no_change,accepted,17,17,0506bbe21508f6063671e018243ec14ca3dce1a487176a2731c9419ff1242c6d,0506bbe21508f6063671e018243ec14ca3dce1a487176a2731c9419ff1242c6d,True
MZ_Hydro,R01,80,SZ,set_param,set_param,accepted,10,11,e3f0b1083e56948e704acfd4407c3261fb3a430a3b7c37c6750b5d71d2af24f7,2073a399ff4ea14d69696754b78e2949c0a50581e505c37ba427d73da56e8a79,True
MZ_Hydro,R01,80,NZ,set_param,set_param,accepted,17,18,0506bbe21508f6063671e018243ec14ca3dce1a487176a2731c9419ff1242c6d,e5d78283eb3e53af24f4d056a89c6a184b58e77f146d74c95749955d224cd540,True
MZ_Hydro,R01,81,NZ,set_param,set_param,accepted,18,19,e5d78283eb3e53af24f4d056a89c6a184b58e77f146d74c95749955d224cd540,ec27b25dbab3246461b103655740910a3efc049f0539efa45c1ead9dd5b963c1,True
MZ_Hydro,R01,81,SZ,replace_rule,replace_rule,accepted,11,12,2073a399ff4ea14d69696754b78e2949c0a50581e505c37ba427d73da56e8a79,d0335e68e44ff33c95758b4c838df08a02a97fb084ba972401bff86076fa3d6c,True
MZ_Hydro,R01,82,NZ,set_param,set_param,accepted,19,20,ec27b25dbab3246461b103655740910a3efc049f0539efa45c1ead9dd5b963c1,c68a1e7ba1b71aa2a2c000f9d99dfa9163f7388aceffe95ecdeb224723cb7686,True
MZ_Hydro,R01,82,SZ,deterministic_rejection,replace_rule,rejected,12,12,d0335e68e44ff33c95758b4c838df08a02a97fb084ba972401bff86076fa3d6c,d0335e68e44ff33c95758b4c838df08a02a97fb084ba972401bff86076fa3d6c,True
MZ_Hydro,R01,83,NZ,replace_rule,replace_rule,accepted,20,21,c68a1e7ba1b71aa2a2c000f9d99dfa9163f7388aceffe95ecdeb224723cb7686,4cf59f85d8f9d0592d5cc76899c961fb33f80aa6fe6fa02d46190b4ea4497034,True
MZ_Hydro,R01,83,SZ,add_rule,add_rule,accepted,12,13,d0335e68e44ff33c95758b4c838df08a02a97fb084ba972401bff86076fa3d6c,122cc5c76f80588875ba4aa34ded33f503276770877206dcfe78cb8c848480fa,True
MZ_Hydro,R01,84,SZ,replace_rule,replace_rule,accepted,13,14,122cc5c76f80588875ba4aa34ded33f503276770877206dcfe78cb8c848480fa,9d33b44787672769b43a20fd4ad36ecaf993bbe04fe79b628fedfb0743f66c5d,True
MZ_Hydro,R01,84,NZ,add_rule,add_rule,accepted,21,22,4cf59f85d8f9d0592d5cc76899c961fb33f80aa6fe6fa02d46190b4ea4497034,858b4fb99dd85f06d7e9a8687be4866898a64918b769b7911912eb091770ca65,True
MZ_Hydro,R01,85,NZ,replace_rule,replace_rule,accepted,22,23,858b4fb99dd85f06d7e9a8687be4866898a64918b769b7911912eb091770ca65,cde42a253c43b866af1a5ffc5dd553863a87e90eb4b31b0810163be222ca44af,True
MZ_Hydro,R01,85,SZ,remove_rule,remove_rule,accepted,14,15,9d33b44787672769b43a20fd4ad36ecaf993bbe04fe79b628fedfb0743f66c5d,83a3d53091b7bf1210ca7be7522beb8404640a438fe59ca1d429784f457d8605,True
MZ_Hydro,R01,86,NZ,replace_rule,replace_rule,accepted,23,24,cde42a253c43b866af1a5ffc5dd553863a87e90eb4b31b0810163be222ca44af,f3c67960b70d55e618f6d7186e0dd139ab3d45962388aa0946f5b4cc73097523,True
MZ_Hydro,R01,86,SZ,replace_rule,replace_rule,accepted,15,16,83a3d53091b7bf1210ca7be7522beb8404640a438fe59ca1d429784f457d8605,d0335e68e44ff33c95758b4c838df08a02a97fb084ba972401bff86076fa3d6c,True
MZ_Hydro,R01,87,SZ,replace_rule,replace_rule,accepted,16,17,d0335e68e44ff33c95758b4c838df08a02a97fb084ba972401bff86076fa3d6c,180b18b8759fd3150d9844409b5c4671f827e446a7a5a8703802a50d4fb1aa0d,True
MZ_Hydro,R01,87,NZ,replace_rule,replace_rule,accepted,24,25,f3c67960b70d55e618f6d7186e0dd139ab3d45962388aa0946f5b4cc73097523,caf2413a1416cd96cbd188038c1dab79b4f7502d71b3d1028c6eae4608c43b10,True
MZ_Hydro,R01,88,NZ,explicit_no_change,no_change,accepted,25,25,caf2413a1416cd96cbd188038c1dab79b4f7502d71b3d1028c6eae4608c43b10,caf2413a1416cd96cbd188038c1dab79b4f7502d71b3d1028c6eae4608c43b10,True
MZ_Hydro,R01,88,SZ,replace_rule,replace_rule,accepted,17,18,180b18b8759fd3150d9844409b5c4671f827e446a7a5a8703802a50d4fb1aa0d,2073a399ff4ea14d69696754b78e2949c0a50581e505c37ba427d73da56e8a79,True
MZ_Hydro,R01,89,NZ,explicit_no_change,no_change,accepted,25,25,caf2413a1416cd96cbd188038c1dab79b4f7502d71b3d1028c6eae4608c43b10,caf2413a1416cd96cbd188038c1dab79b4f7502d71b3d1028c6eae4608c43b10,True
MZ_Hydro,R01,89,SZ,deterministic_rejection,replace_rule,rejected,18,18,2073a399ff4ea14d69696754b78e2949c0a50581e505c37ba427d73da56e8a79,2073a399ff4ea14d69696754b78e2949c0a50581e505c37ba427d73da56e8a79,True
MZ_Hydro,R01,90,NZ,replace_rule,replace_rule,accepted,25,26,caf2413a1416cd96cbd188038c1dab79b4f7502d71b3d1028c6eae4608c43b10,f3c67960b70d55e618f6d7186e0dd139ab3d45962388aa0946f5b4cc73097523,True
MZ_Hydro,R01,90,SZ,schema_fallback,no_change,model_output_rejected,18,18,2073a399ff4ea14d69696754b78e2949c0a50581e505c37ba427d73da56e8a79,2073a399ff4ea14d69696754b78e2949c0a50581e505c37ba427d73da56e8a79,True
MZ_Hydro,R01,91,NZ,explicit_no_change,no_change,accepted,26,26,f3c67960b70d55e618f6d7186e0dd139ab3d45962388aa0946f5b4cc73097523,f3c67960b70d55e618f6d7186e0dd139ab3d45962388aa0946f5b4cc73097523,True
MZ_Hydro,R01,91,SZ,explicit_no_change,no_change,accepted,18,18,2073a399ff4ea14d69696754b78e2949c0a50581e505c37ba427d73da56e8a79,2073a399ff4ea14d69696754b78e2949c0a50581e505c37ba427d73da56e8a79,True
MZ_Hydro,R01,92,NZ,replace_rule,replace_rule,accepted,26,27,f3c67960b70d55e618f6d7186e0dd139ab3d45962388aa0946f5b4cc73097523,ee21e94a6aa354cf53460a0e821f8a18fe58e84ce55dfdd1f838310fff5e382d,True
MZ_Hydro,R01,92,SZ,replace_rule,replace_rule,accepted,18,19,2073a399ff4ea14d69696754b78e2949c0a50581e505c37ba427d73da56e8a79,80518a512aad8e5a1384f6d3c776e3ef44caaa3d0f8b2253b066b991a56dc784,True
MZ_Hydro,R01,93,SZ,explicit_no_change,no_change,accepted,19,19,80518a512aad8e5a1384f6d3c776e3ef44caaa3d0f8b2253b066b991a56dc784,80518a512aad8e5a1384f6d3c776e3ef44caaa3d0f8b2253b066b991a56dc784,True
MZ_Hydro,R01,93,NZ,replace_rule,replace_rule,accepted,27,28,ee21e94a6aa354cf53460a0e821f8a18fe58e84ce55dfdd1f838310fff5e382d,4880c49bc8b2205ecc7f9f0ae03b9f669838eaf1a108a2a3def35e18b80e4613,True
MZ_Hydro,R01,94,SZ,explicit_no_change,no_change,accepted,19,19,80518a512aad8e5a1384f6d3c776e3ef44caaa3d0f8b2253b066b991a56dc784,80518a512aad8e5a1384f6d3c776e3ef44caaa3d0f8b2253b066b991a56dc784,True
MZ_Hydro,R01,94,NZ,explicit_no_change,no_change,accepted,28,28,4880c49bc8b2205ecc7f9f0ae03b9f669838eaf1a108a2a3def35e18b80e4613,4880c49bc8b2205ecc7f9f0ae03b9f669838eaf1a108a2a3def35e18b80e4613,True
MZ_Hydro,R01,95,NZ,explicit_no_change,no_change,accepted,28,28,4880c49bc8b2205ecc7f9f0ae03b9f669838eaf1a108a2a3def35e18b80e4613,4880c49bc8b2205ecc7f9f0ae03b9f669838eaf1a108a2a3def35e18b80e4613,True
MZ_Hydro,R01,95,SZ,explicit_no_change,no_change,accepted,19,19,80518a512aad8e5a1384f6d3c776e3ef44caaa3d0f8b2253b066b991a56dc784,80518a512aad8e5a1384f6d3c776e3ef44caaa3d0f8b2253b066b991a56dc784,True
MZ_Hydro,R01,96,NZ,explicit_no_change,no_change,accepted,28,28,4880c49bc8b2205ecc7f9f0ae03b9f669838eaf1a108a2a3def35e18b80e4613,4880c49bc8b2205ecc7f9f0ae03b9f669838eaf1a108a2a3def35e18b80e4613,True
MZ_Hydro,R01,96,SZ,explicit_no_change,no_change,accepted,19,19,80518a512aad8e5a1384f6d3c776e3ef44caaa3d0f8b2253b066b991a56dc784,80518a512aad8e5a1384f6d3c776e3ef44caaa3d0f8b2253b066b991a56dc784,True
MZ_Hydro,R01,97,NZ,explicit_no_change,no_change,accepted,28,28,4880c49bc8b2205ecc7f9f0ae03b9f669838eaf1a108a2a3def35e18b80e4613,4880c49bc8b2205ecc7f9f0ae03b9f669838eaf1a108a2a3def35e18b80e4613,True
MZ_Hydro,R01,97,SZ,explicit_no_change,no_change,accepted,19,19,80518a512aad8e5a1384f6d3c776e3ef44caaa3d0f8b2253b066b991a56dc784,80518a512aad8e5a1384f6d3c776e3ef44caaa3d0f8b2253b066b991a56dc784,True
MZ_Hydro,R01,98,NZ,explicit_no_change,no_change,accepted,28,28,4880c49bc8b2205ecc7f9f0ae03b9f669838eaf1a108a2a3def35e18b80e4613,4880c49bc8b2205ecc7f9f0ae03b9f669838eaf1a108a2a3def35e18b80e4613,True
MZ_Hydro,R01,98,SZ,explicit_no_change,no_change,accepted,19,19,80518a512aad8e5a1384f6d3c776e3ef44caaa3d0f8b2253b066b991a56dc784,80518a512aad8e5a1384f6d3c776e3ef44caaa3d0f8b2253b066b991a56dc784,True
MZ_Hydro,R01,99,NZ,explicit_no_change,no_change,accepted,28,28,4880c49bc8b2205ecc7f9f0ae03b9f669838eaf1a108a2a3def35e18b80e4613,4880c49bc8b2205ecc7f9f0ae03b9f669838eaf1a108a2a3def35e18b80e4613,True
MZ_Hydro,R01,99,SZ,explicit_no_change,no_change,accepted,19,19,80518a512aad8e5a1384f6d3c776e3ef44caaa3d0f8b2253b066b991a56dc784,80518a512aad8e5a1384f6d3c776e3ef44caaa3d0f8b2253b066b991a56dc784,True
MZ_Hydro,R01,100,NZ,explicit_no_change,no_change,accepted,28,28,4880c49bc8b2205ecc7f9f0ae03b9f669838eaf1a108a2a3def35e18b80e4613,4880c49bc8b2205ecc7f9f0ae03b9f669838eaf1a108a2a3def35e18b80e4613,True
MZ_Hydro,R01,100,SZ,explicit_no_change,no_change,accepted,19,19,80518a512aad8e5a1384f6d3c776e3ef44caaa3d0f8b2253b066b991a56dc784,80518a512aad8e5a1384f6d3c776e3ef44caaa3d0f8b2253b066b991a56dc784,True
MZ_Hydro,R01,101,NZ,explicit_no_change,no_change,accepted,28,28,4880c49bc8b2205ecc7f9f0ae03b9f669838eaf1a108a2a3def35e18b80e4613,4880c49bc8b2205ecc7f9f0ae03b9f669838eaf1a108a2a3def35e18b80e4613,True
MZ_Hydro,R01,101,SZ,explicit_no_change,no_change,accepted,19,19,80518a512aad8e5a1384f6d3c776e3ef44caaa3d0f8b2253b066b991a56dc784,80518a512aad8e5a1384f6d3c776e3ef44caaa3d0f8b2253b066b991a56dc784,True
MZ_Hydro,R01,102,NZ,explicit_no_change,no_change,accepted,28,28,4880c49bc8b2205ecc7f9f0ae03b9f669838eaf1a108a2a3def35e18b80e4613,4880c49bc8b2205ecc7f9f0ae03b9f669838eaf1a108a2a3def35e18b80e4613,True
MZ_Hydro,R01,102,SZ,explicit_no_change,no_change,accepted,19,19,80518a512aad8e5a1384f6d3c776e3ef44caaa3d0f8b2253b066b991a56dc784,80518a512aad8e5a1384f6d3c776e3ef44caaa3d0f8b2253b066b991a56dc784,True
MZ_Hydro,R01,103,NZ,explicit_no_change,no_change,accepted,28,28,4880c49bc8b2205ecc7f9f0ae03b9f669838eaf1a108a2a3def35e18b80e4613,4880c49bc8b2205ecc7f9f0ae03b9f669838eaf1a108a2a3def35e18b80e4613,True
MZ_Hydro,R01,103,SZ,explicit_no_change,no_change,accepted,19,19,80518a512aad8e5a1384f6d3c776e3ef44caaa3d0f8b2253b066b991a56dc784,80518a512aad8e5a1384f6d3c776e3ef44caaa3d0f8b2253b066b991a56dc784,True
MZ_Hydro,R01,104,SZ,set_param,set_param,accepted,19,20,80518a512aad8e5a1384f6d3c776e3ef44caaa3d0f8b2253b066b991a56dc784,0df6aed6374a8f9c19aedb81ce96c47813560e7e967729f7986dc7e7d0a7d9a6,True
MZ_Hydro,R01,104,NZ,replace_rule,replace_rule,accepted,28,29,4880c49bc8b2205ecc7f9f0ae03b9f669838eaf1a108a2a3def35e18b80e4613,0a609675831b218a49585619897faa9b4ce0d10939ee1fd1caadc56e48eaaa04,True
MZ_Hydro,R01,105,NZ,replace_rule,replace_rule,accepted,29,30,0a609675831b218a49585619897faa9b4ce0d10939ee1fd1caadc56e48eaaa04,4880c49bc8b2205ecc7f9f0ae03b9f669838eaf1a108a2a3def35e18b80e4613,True
MZ_Hydro,R01,105,SZ,replace_rule,replace_rule,accepted,20,21,0df6aed6374a8f9c19aedb81ce96c47813560e7e967729f7986dc7e7d0a7d9a6,653c515911c6f0a4b9ca2a86900b97b9ddda526dc7609a752a2d5427a4ee90d8,True
MZ_Hydro,R01,106,NZ,replace_rule,replace_rule,accepted,30,31,4880c49bc8b2205ecc7f9f0ae03b9f669838eaf1a108a2a3def35e18b80e4613,f983988d6ae2b5a2c2e8704169ca528e524e59fc0e7b0b2286bf35f2683d1f3a,True
MZ_Hydro,R01,106,SZ,deterministic_rejection,replace_rule,rejected,21,21,653c515911c6f0a4b9ca2a86900b97b9ddda526dc7609a752a2d5427a4ee90d8,653c515911c6f0a4b9ca2a86900b97b9ddda526dc7609a752a2d5427a4ee90d8,True
MZ_Hydro,R01,107,NZ,replace_rule,replace_rule,accepted,31,32,f983988d6ae2b5a2c2e8704169ca528e524e59fc0e7b0b2286bf35f2683d1f3a,eb4895da78b98e252acd1739397746af9d8e03ddcd3091a39a0839a61051161a,True
MZ_Hydro,R01,107,SZ,deterministic_rejection,add_rule,rejected,21,21,653c515911c6f0a4b9ca2a86900b97b9ddda526dc7609a752a2d5427a4ee90d8,653c515911c6f0a4b9ca2a86900b97b9ddda526dc7609a752a2d5427a4ee90d8,True
MZ_Hydro,R01,108,NZ,replace_rule,replace_rule,accepted,32,33,eb4895da78b98e252acd1739397746af9d8e03ddcd3091a39a0839a61051161a,faab052987d8b062c27c0d3ea14d7a94dd4522874633a16136d96acfc0e6ad6c,True
MZ_Hydro,R01,108,SZ,deterministic_rejection,add_rule,rejected,21,21,653c515911c6f0a4b9ca2a86900b97b9ddda526dc7609a752a2d5427a4ee90d8,653c515911c6f0a4b9ca2a86900b97b9ddda526dc7609a752a2d5427a4ee90d8,True
MZ_Hydro,R01,109,NZ,replace_rule,replace_rule,accepted,33,34,faab052987d8b062c27c0d3ea14d7a94dd4522874633a16136d96acfc0e6ad6c,ca9a2e3efb3d52c2f86d369966253e162296103925a6759798ad5dd0692743e5,True
MZ_Hydro,R01,109,SZ,deterministic_rejection,replace_rule,rejected,21,21,653c515911c6f0a4b9ca2a86900b97b9ddda526dc7609a752a2d5427a4ee90d8,653c515911c6f0a4b9ca2a86900b97b9ddda526dc7609a752a2d5427a4ee90d8,True
MZ_Hydro,R01,110,NZ,deterministic_rejection,replace_rule,rejected,34,34,ca9a2e3efb3d52c2f86d369966253e162296103925a6759798ad5dd0692743e5,ca9a2e3efb3d52c2f86d369966253e162296103925a6759798ad5dd0692743e5,True
MZ_Hydro,R01,110,SZ,remove_rule,remove_rule,accepted,21,22,653c515911c6f0a4b9ca2a86900b97b9ddda526dc7609a752a2d5427a4ee90d8,324fd8cea337f1577668b137481eb5df93b1ae385434489eb3f6ce839ae03f2e,True
MZ_Hydro,R01,111,SZ,deterministic_rejection,replace_rule,rejected,22,22,324fd8cea337f1577668b137481eb5df93b1ae385434489eb3f6ce839ae03f2e,324fd8cea337f1577668b137481eb5df93b1ae385434489eb3f6ce839ae03f2e,True
MZ_Hydro,R01,111,NZ,deterministic_rejection,replace_rule,rejected,34,34,ca9a2e3efb3d52c2f86d369966253e162296103925a6759798ad5dd0692743e5,ca9a2e3efb3d52c2f86d369966253e162296103925a6759798ad5dd0692743e5,True
MZ_Hydro,R01,112,NZ,explicit_no_change,no_change,accepted,34,34,ca9a2e3efb3d52c2f86d369966253e162296103925a6759798ad5dd0692743e5,ca9a2e3efb3d52c2f86d369966253e162296103925a6759798ad5dd0692743e5,True
MZ_Hydro,R01,112,SZ,deterministic_rejection,replace_rule,rejected,22,22,324fd8cea337f1577668b137481eb5df93b1ae385434489eb3f6ce839ae03f2e,324fd8cea337f1577668b137481eb5df93b1ae385434489eb3f6ce839ae03f2e,True
MZ_Hydro,R01,113,NZ,explicit_no_change,no_change,accepted,34,34,ca9a2e3efb3d52c2f86d369966253e162296103925a6759798ad5dd0692743e5,ca9a2e3efb3d52c2f86d369966253e162296103925a6759798ad5dd0692743e5,True
MZ_Hydro,R01,113,SZ,deterministic_rejection,replace_rule,rejected,22,22,324fd8cea337f1577668b137481eb5df93b1ae385434489eb3f6ce839ae03f2e,324fd8cea337f1577668b137481eb5df93b1ae385434489eb3f6ce839ae03f2e,True
MZ_Hydro,R01,114,NZ,explicit_no_change,no_change,accepted,34,34,ca9a2e3efb3d52c2f86d369966253e162296103925a6759798ad5dd0692743e5,ca9a2e3efb3d52c2f86d369966253e162296103925a6759798ad5dd0692743e5,True
MZ_Hydro,R01,114,SZ,replace_rule,replace_rule,accepted,22,23,324fd8cea337f1577668b137481eb5df93b1ae385434489eb3f6ce839ae03f2e,4ef228d70d90857d4b547c5d5cecceac80844c27df65122d28387d728ae47407,True
MZ_Hydro,R01,115,NZ,explicit_no_change,no_change,accepted,34,34,ca9a2e3efb3d52c2f86d369966253e162296103925a6759798ad5dd0692743e5,ca9a2e3efb3d52c2f86d369966253e162296103925a6759798ad5dd0692743e5,True
MZ_Hydro,R01,115,SZ,explicit_no_change,no_change,accepted,23,23,4ef228d70d90857d4b547c5d5cecceac80844c27df65122d28387d728ae47407,4ef228d70d90857d4b547c5d5cecceac80844c27df65122d28387d728ae47407,True
MZ_Hydro,R01,116,NZ,explicit_no_change,no_change,accepted,34,34,ca9a2e3efb3d52c2f86d369966253e162296103925a6759798ad5dd0692743e5,ca9a2e3efb3d52c2f86d369966253e162296103925a6759798ad5dd0692743e5,True
MZ_Hydro,R01,116,SZ,add_rule,add_rule,accepted,23,24,4ef228d70d90857d4b547c5d5cecceac80844c27df65122d28387d728ae47407,4b10ef12290031c953054abc4b842f6ff2cd2d1c03cf326cadbb63eb23391d84,True
MZ_Hydro,R01,117,NZ,explicit_no_change,no_change,accepted,34,34,ca9a2e3efb3d52c2f86d369966253e162296103925a6759798ad5dd0692743e5,ca9a2e3efb3d52c2f86d369966253e162296103925a6759798ad5dd0692743e5,True
MZ_Hydro,R01,117,SZ,explicit_no_change,no_change,accepted,24,24,4b10ef12290031c953054abc4b842f6ff2cd2d1c03cf326cadbb63eb23391d84,4b10ef12290031c953054abc4b842f6ff2cd2d1c03cf326cadbb63eb23391d84,True
MZ_Hydro,R01,118,NZ,replace_rule,replace_rule,accepted,34,35,ca9a2e3efb3d52c2f86d369966253e162296103925a6759798ad5dd0692743e5,f6a6b16315cd83cdda26575979dd1a9a856a4d8b6eba12e58b8e31509f918115,True
MZ_Hydro,R01,118,SZ,explicit_no_change,no_change,accepted,24,24,4b10ef12290031c953054abc4b842f6ff2cd2d1c03cf326cadbb63eb23391d84,4b10ef12290031c953054abc4b842f6ff2cd2d1c03cf326cadbb63eb23391d84,True
MZ_Hydro,R01,119,NZ,explicit_no_change,no_change,accepted,35,35,f6a6b16315cd83cdda26575979dd1a9a856a4d8b6eba12e58b8e31509f918115,f6a6b16315cd83cdda26575979dd1a9a856a4d8b6eba12e58b8e31509f918115,True
MZ_Hydro,R01,119,SZ,explicit_no_change,no_change,accepted,24,24,4b10ef12290031c953054abc4b842f6ff2cd2d1c03cf326cadbb63eb23391d84,4b10ef12290031c953054abc4b842f6ff2cd2d1c03cf326cadbb63eb23391d84,True
MZ_Hydro,R01,120,NZ,explicit_no_change,no_change,accepted,35,35,f6a6b16315cd83cdda26575979dd1a9a856a4d8b6eba12e58b8e31509f918115,f6a6b16315cd83cdda26575979dd1a9a856a4d8b6eba12e58b8e31509f918115,True
MZ_Hydro,R01,120,SZ,explicit_no_change,no_change,accepted,24,24,4b10ef12290031c953054abc4b842f6ff2cd2d1c03cf326cadbb63eb23391d84,4b10ef12290031c953054abc4b842f6ff2cd2d1c03cf326cadbb63eb23391d84,True
MZ_Hydro,R02,1,NZ,deterministic_rejection,replace_rule,rejected,0,0,148991b618bd78876809d302dfbcf3b2564abb5dd76b40327e4181f49b773ba8,148991b618bd78876809d302dfbcf3b2564abb5dd76b40327e4181f49b773ba8,True
MZ_Hydro,R02,1,SZ,explicit_no_change,no_change,accepted,0,0,148991b618bd78876809d302dfbcf3b2564abb5dd76b40327e4181f49b773ba8,148991b618bd78876809d302dfbcf3b2564abb5dd76b40327e4181f49b773ba8,True
MZ_Hydro,R02,2,NZ,explicit_no_change,no_change,accepted,0,0,148991b618bd78876809d302dfbcf3b2564abb5dd76b40327e4181f49b773ba8,148991b618bd78876809d302dfbcf3b2564abb5dd76b40327e4181f49b773ba8,True
MZ_Hydro,R02,2,SZ,explicit_no_change,no_change,accepted,0,0,148991b618bd78876809d302dfbcf3b2564abb5dd76b40327e4181f49b773ba8,148991b618bd78876809d302dfbcf3b2564abb5dd76b40327e4181f49b773ba8,True
MZ_Hydro,R02,3,NZ,explicit_no_change,no_change,accepted,0,0,148991b618bd78876809d302dfbcf3b2564abb5dd76b40327e4181f49b773ba8,148991b618bd78876809d302dfbcf3b2564abb5dd76b40327e4181f49b773ba8,True
MZ_Hydro,R02,3,SZ,explicit_no_change,no_change,accepted,0,0,148991b618bd78876809d302dfbcf3b2564abb5dd76b40327e4181f49b773ba8,148991b618bd78876809d302dfbcf3b2564abb5dd76b40327e4181f49b773ba8,True
MZ_Hydro,R02,4,NZ,explicit_no_change,no_change,accepted,0,0,148991b618bd78876809d302dfbcf3b2564abb5dd76b40327e4181f49b773ba8,148991b618bd78876809d302dfbcf3b2564abb5dd76b40327e4181f49b773ba8,True
MZ_Hydro,R02,4,SZ,explicit_no_change,no_change,accepted,0,0,148991b618bd78876809d302dfbcf3b2564abb5dd76b40327e4181f49b773ba8,148991b618bd78876809d302dfbcf3b2564abb5dd76b40327e4181f49b773ba8,True
MZ_Hydro,R02,5,NZ,explicit_no_change,no_change,accepted,0,0,148991b618bd78876809d302dfbcf3b2564abb5dd76b40327e4181f49b773ba8,148991b618bd78876809d302dfbcf3b2564abb5dd76b40327e4181f49b773ba8,True
MZ_Hydro,R02,5,SZ,explicit_no_change,no_change,accepted,0,0,148991b618bd78876809d302dfbcf3b2564abb5dd76b40327e4181f49b773ba8,148991b618bd78876809d302dfbcf3b2564abb5dd76b40327e4181f49b773ba8,True
MZ_Hydro,R02,6,NZ,explicit_no_change,no_change,accepted,0,0,148991b618bd78876809d302dfbcf3b2564abb5dd76b40327e4181f49b773ba8,148991b618bd78876809d302dfbcf3b2564abb5dd76b40327e4181f49b773ba8,True
MZ_Hydro,R02,6,SZ,explicit_no_change,no_change,accepted,0,0,148991b618bd78876809d302dfbcf3b2564abb5dd76b40327e4181f49b773ba8,148991b618bd78876809d302dfbcf3b2564abb5dd76b40327e4181f49b773ba8,True
MZ_Hydro,R02,7,NZ,explicit_no_change,no_change,accepted,0,0,148991b618bd78876809d302dfbcf3b2564abb5dd76b40327e4181f49b773ba8,148991b618bd78876809d302dfbcf3b2564abb5dd76b40327e4181f49b773ba8,True
MZ_Hydro,R02,7,SZ,explicit_no_change,no_change,accepted,0,0,148991b618bd78876809d302dfbcf3b2564abb5dd76b40327e4181f49b773ba8,148991b618bd78876809d302dfbcf3b2564abb5dd76b40327e4181f49b773ba8,True
MZ_Hydro,R02,8,NZ,replace_rule,replace_rule,accepted,0,1,148991b618bd78876809d302dfbcf3b2564abb5dd76b40327e4181f49b773ba8,6efa94e491097d12fd47550d953bb6403c8542e5e0fb0ec023986ae2bab46fb3,True
MZ_Hydro,R02,8,SZ,explicit_no_change,no_change,accepted,0,0,148991b618bd78876809d302dfbcf3b2564abb5dd76b40327e4181f49b773ba8,148991b618bd78876809d302dfbcf3b2564abb5dd76b40327e4181f49b773ba8,True
MZ_Hydro,R02,9,NZ,deterministic_rejection,replace_rule,rejected,1,1,6efa94e491097d12fd47550d953bb6403c8542e5e0fb0ec023986ae2bab46fb3,6efa94e491097d12fd47550d953bb6403c8542e5e0fb0ec023986ae2bab46fb3,True
MZ_Hydro,R02,9,SZ,deterministic_rejection,set_param,rejected,0,0,148991b618bd78876809d302dfbcf3b2564abb5dd76b40327e4181f49b773ba8,148991b618bd78876809d302dfbcf3b2564abb5dd76b40327e4181f49b773ba8,True
MZ_Hydro,R02,10,NZ,schema_fallback,no_change,model_output_rejected,1,1,6efa94e491097d12fd47550d953bb6403c8542e5e0fb0ec023986ae2bab46fb3,6efa94e491097d12fd47550d953bb6403c8542e5e0fb0ec023986ae2bab46fb3,True
MZ_Hydro,R02,10,SZ,replace_rule,replace_rule,accepted,0,1,148991b618bd78876809d302dfbcf3b2564abb5dd76b40327e4181f49b773ba8,1bf5df0a52c23209b4a0a7e7d6ed55ba5f6a35a1e54216793e606cccde7aff92,True
MZ_Hydro,R02,11,SZ,deterministic_rejection,replace_rule,rejected,1,1,1bf5df0a52c23209b4a0a7e7d6ed55ba5f6a35a1e54216793e606cccde7aff92,1bf5df0a52c23209b4a0a7e7d6ed55ba5f6a35a1e54216793e606cccde7aff92,True
MZ_Hydro,R02,11,NZ,deterministic_rejection,add_rule,rejected,1,1,6efa94e491097d12fd47550d953bb6403c8542e5e0fb0ec023986ae2bab46fb3,6efa94e491097d12fd47550d953bb6403c8542e5e0fb0ec023986ae2bab46fb3,True
MZ_Hydro,R02,12,SZ,deterministic_rejection,replace_rule,rejected,1,1,1bf5df0a52c23209b4a0a7e7d6ed55ba5f6a35a1e54216793e606cccde7aff92,1bf5df0a52c23209b4a0a7e7d6ed55ba5f6a35a1e54216793e606cccde7aff92,True
MZ_Hydro,R02,12,NZ,schema_fallback,no_change,model_output_rejected,1,1,6efa94e491097d12fd47550d953bb6403c8542e5e0fb0ec023986ae2bab46fb3,6efa94e491097d12fd47550d953bb6403c8542e5e0fb0ec023986ae2bab46fb3,True
MZ_Hydro,R02,13,NZ,deterministic_rejection,add_rule,rejected,1,1,6efa94e491097d12fd47550d953bb6403c8542e5e0fb0ec023986ae2bab46fb3,6efa94e491097d12fd47550d953bb6403c8542e5e0fb0ec023986ae2bab46fb3,True
MZ_Hydro,R02,13,SZ,schema_fallback,no_change,model_output_rejected,1,1,1bf5df0a52c23209b4a0a7e7d6ed55ba5f6a35a1e54216793e606cccde7aff92,1bf5df0a52c23209b4a0a7e7d6ed55ba5f6a35a1e54216793e606cccde7aff92,True
MZ_Hydro,R02,14,NZ,add_rule,add_rule,accepted,1,2,6efa94e491097d12fd47550d953bb6403c8542e5e0fb0ec023986ae2bab46fb3,c2eed8646e30fc947d04ab7f0cfdc1174f78e1e2edac4ce16971c79d91f1a1cb,True
MZ_Hydro,R02,14,SZ,deterministic_rejection,replace_rule,rejected,1,1,1bf5df0a52c23209b4a0a7e7d6ed55ba5f6a35a1e54216793e606cccde7aff92,1bf5df0a52c23209b4a0a7e7d6ed55ba5f6a35a1e54216793e606cccde7aff92,True
MZ_Hydro,R02,15,NZ,remove_rule,remove_rule,accepted,2,3,c2eed8646e30fc947d04ab7f0cfdc1174f78e1e2edac4ce16971c79d91f1a1cb,6efa94e491097d12fd47550d953bb6403c8542e5e0fb0ec023986ae2bab46fb3,True
MZ_Hydro,R02,15,SZ,deterministic_rejection,replace_rule,rejected,1,1,1bf5df0a52c23209b4a0a7e7d6ed55ba5f6a35a1e54216793e606cccde7aff92,1bf5df0a52c23209b4a0a7e7d6ed55ba5f6a35a1e54216793e606cccde7aff92,True
MZ_Hydro,R02,16,SZ,explicit_no_change,no_change,accepted,1,1,1bf5df0a52c23209b4a0a7e7d6ed55ba5f6a35a1e54216793e606cccde7aff92,1bf5df0a52c23209b4a0a7e7d6ed55ba5f6a35a1e54216793e606cccde7aff92,True
MZ_Hydro,R02,16,NZ,deterministic_rejection,add_rule,rejected,3,3,6efa94e491097d12fd47550d953bb6403c8542e5e0fb0ec023986ae2bab46fb3,6efa94e491097d12fd47550d953bb6403c8542e5e0fb0ec023986ae2bab46fb3,True
MZ_Hydro,R02,17,SZ,add_rule,add_rule,accepted,1,2,1bf5df0a52c23209b4a0a7e7d6ed55ba5f6a35a1e54216793e606cccde7aff92,a43228bc99ac4e9a4d1501bf93093b8f861b7067c6dd21b3cf93a0e34b263dfd,True
MZ_Hydro,R02,17,NZ,deterministic_rejection,replace_rule,rejected,3,3,6efa94e491097d12fd47550d953bb6403c8542e5e0fb0ec023986ae2bab46fb3,6efa94e491097d12fd47550d953bb6403c8542e5e0fb0ec023986ae2bab46fb3,True
MZ_Hydro,R02,18,NZ,deterministic_rejection,set_param,rejected,3,3,6efa94e491097d12fd47550d953bb6403c8542e5e0fb0ec023986ae2bab46fb3,6efa94e491097d12fd47550d953bb6403c8542e5e0fb0ec023986ae2bab46fb3,True
MZ_Hydro,R02,18,SZ,explicit_no_change,no_change,accepted,2,2,a43228bc99ac4e9a4d1501bf93093b8f861b7067c6dd21b3cf93a0e34b263dfd,a43228bc99ac4e9a4d1501bf93093b8f861b7067c6dd21b3cf93a0e34b263dfd,True
MZ_Hydro,R02,19,NZ,deterministic_rejection,add_rule,rejected,3,3,6efa94e491097d12fd47550d953bb6403c8542e5e0fb0ec023986ae2bab46fb3,6efa94e491097d12fd47550d953bb6403c8542e5e0fb0ec023986ae2bab46fb3,True
MZ_Hydro,R02,19,SZ,replace_rule,replace_rule,accepted,2,3,a43228bc99ac4e9a4d1501bf93093b8f861b7067c6dd21b3cf93a0e34b263dfd,26cbd8e6b0671368d73fd5ff1acdbbf8379e769309eb003c9a2d7f6abeaee627,True
MZ_Hydro,R02,20,NZ,deterministic_rejection,replace_rule,rejected,3,3,6efa94e491097d12fd47550d953bb6403c8542e5e0fb0ec023986ae2bab46fb3,6efa94e491097d12fd47550d953bb6403c8542e5e0fb0ec023986ae2bab46fb3,True
MZ_Hydro,R02,20,SZ,replace_rule,replace_rule,accepted,3,4,26cbd8e6b0671368d73fd5ff1acdbbf8379e769309eb003c9a2d7f6abeaee627,2353bb8fb3f283c76ed656dee3a18648da7a54a804cb8a72afebbd8158460a30,True
MZ_Hydro,R02,21,NZ,replace_rule,replace_rule,accepted,3,4,6efa94e491097d12fd47550d953bb6403c8542e5e0fb0ec023986ae2bab46fb3,4883b3b83ce7b85875db178a6043499386d7a48747e8930873b391fb5eb8f88e,True
MZ_Hydro,R02,21,SZ,explicit_no_change,no_change,accepted,4,4,2353bb8fb3f283c76ed656dee3a18648da7a54a804cb8a72afebbd8158460a30,2353bb8fb3f283c76ed656dee3a18648da7a54a804cb8a72afebbd8158460a30,True
MZ_Hydro,R02,22,SZ,explicit_no_change,no_change,accepted,4,4,2353bb8fb3f283c76ed656dee3a18648da7a54a804cb8a72afebbd8158460a30,2353bb8fb3f283c76ed656dee3a18648da7a54a804cb8a72afebbd8158460a30,True
MZ_Hydro,R02,22,NZ,explicit_no_change,no_change,accepted,4,4,4883b3b83ce7b85875db178a6043499386d7a48747e8930873b391fb5eb8f88e,4883b3b83ce7b85875db178a6043499386d7a48747e8930873b391fb5eb8f88e,True
MZ_Hydro,R02,23,SZ,explicit_no_change,no_change,accepted,4,4,2353bb8fb3f283c76ed656dee3a18648da7a54a804cb8a72afebbd8158460a30,2353bb8fb3f283c76ed656dee3a18648da7a54a804cb8a72afebbd8158460a30,True
MZ_Hydro,R02,23,NZ,explicit_no_change,no_change,accepted,4,4,4883b3b83ce7b85875db178a6043499386d7a48747e8930873b391fb5eb8f88e,4883b3b83ce7b85875db178a6043499386d7a48747e8930873b391fb5eb8f88e,True
MZ_Hydro,R02,24,SZ,explicit_no_change,no_change,accepted,4,4,2353bb8fb3f283c76ed656dee3a18648da7a54a804cb8a72afebbd8158460a30,2353bb8fb3f283c76ed656dee3a18648da7a54a804cb8a72afebbd8158460a30,True
MZ_Hydro,R02,24,NZ,explicit_no_change,no_change,accepted,4,4,4883b3b83ce7b85875db178a6043499386d7a48747e8930873b391fb5eb8f88e,4883b3b83ce7b85875db178a6043499386d7a48747e8930873b391fb5eb8f88e,True
MZ_Hydro,R02,25,SZ,explicit_no_change,no_change,accepted,4,4,2353bb8fb3f283c76ed656dee3a18648da7a54a804cb8a72afebbd8158460a30,2353bb8fb3f283c76ed656dee3a18648da7a54a804cb8a72afebbd8158460a30,True
MZ_Hydro,R02,25,NZ,explicit_no_change,no_change,accepted,4,4,4883b3b83ce7b85875db178a6043499386d7a48747e8930873b391fb5eb8f88e,4883b3b83ce7b85875db178a6043499386d7a48747e8930873b391fb5eb8f88e,True
MZ_Hydro,R02,26,SZ,explicit_no_change,no_change,accepted,4,4,2353bb8fb3f283c76ed656dee3a18648da7a54a804cb8a72afebbd8158460a30,2353bb8fb3f283c76ed656dee3a18648da7a54a804cb8a72afebbd8158460a30,True
MZ_Hydro,R02,26,NZ,explicit_no_change,no_change,accepted,4,4,4883b3b83ce7b85875db178a6043499386d7a48747e8930873b391fb5eb8f88e,4883b3b83ce7b85875db178a6043499386d7a48747e8930873b391fb5eb8f88e,True
MZ_Hydro,R02,27,SZ,explicit_no_change,no_change,accepted,4,4,2353bb8fb3f283c76ed656dee3a18648da7a54a804cb8a72afebbd8158460a30,2353bb8fb3f283c76ed656dee3a18648da7a54a804cb8a72afebbd8158460a30,True
MZ_Hydro,R02,27,NZ,explicit_no_change,no_change,accepted,4,4,4883b3b83ce7b85875db178a6043499386d7a48747e8930873b391fb5eb8f88e,4883b3b83ce7b85875db178a6043499386d7a48747e8930873b391fb5eb8f88e,True
MZ_Hydro,R02,28,NZ,explicit_no_change,no_change,accepted,4,4,4883b3b83ce7b85875db178a6043499386d7a48747e8930873b391fb5eb8f88e,4883b3b83ce7b85875db178a6043499386d7a48747e8930873b391fb5eb8f88e,True
MZ_Hydro,R02,28,SZ,explicit_no_change,no_change,accepted,4,4,2353bb8fb3f283c76ed656dee3a18648da7a54a804cb8a72afebbd8158460a30,2353bb8fb3f283c76ed656dee3a18648da7a54a804cb8a72afebbd8158460a30,True
MZ_Hydro,R02,29,NZ,explicit_no_change,no_change,accepted,4,4,4883b3b83ce7b85875db178a6043499386d7a48747e8930873b391fb5eb8f88e,4883b3b83ce7b85875db178a6043499386d7a48747e8930873b391fb5eb8f88e,True
MZ_Hydro,R02,29,SZ,explicit_no_change,no_change,accepted,4,4,2353bb8fb3f283c76ed656dee3a18648da7a54a804cb8a72afebbd8158460a30,2353bb8fb3f283c76ed656dee3a18648da7a54a804cb8a72afebbd8158460a30,True
MZ_Hydro,R02,30,SZ,explicit_no_change,no_change,accepted,4,4,2353bb8fb3f283c76ed656dee3a18648da7a54a804cb8a72afebbd8158460a30,2353bb8fb3f283c76ed656dee3a18648da7a54a804cb8a72afebbd8158460a30,True
MZ_Hydro,R02,30,NZ,explicit_no_change,no_change,accepted,4,4,4883b3b83ce7b85875db178a6043499386d7a48747e8930873b391fb5eb8f88e,4883b3b83ce7b85875db178a6043499386d7a48747e8930873b391fb5eb8f88e,True
MZ_Hydro,R02,31,SZ,explicit_no_change,no_change,accepted,4,4,2353bb8fb3f283c76ed656dee3a18648da7a54a804cb8a72afebbd8158460a30,2353bb8fb3f283c76ed656dee3a18648da7a54a804cb8a72afebbd8158460a30,True
MZ_Hydro,R02,31,NZ,explicit_no_change,no_change,accepted,4,4,4883b3b83ce7b85875db178a6043499386d7a48747e8930873b391fb5eb8f88e,4883b3b83ce7b85875db178a6043499386d7a48747e8930873b391fb5eb8f88e,True
MZ_Hydro,R02,32,SZ,set_param,set_param,accepted,4,5,2353bb8fb3f283c76ed656dee3a18648da7a54a804cb8a72afebbd8158460a30,bf5310d804fe6045eec389720125d95cac99efe0465ee4f306f0838071a24c2f,True
MZ_Hydro,R02,32,NZ,deterministic_rejection,set_param,rejected,4,4,4883b3b83ce7b85875db178a6043499386d7a48747e8930873b391fb5eb8f88e,4883b3b83ce7b85875db178a6043499386d7a48747e8930873b391fb5eb8f88e,True
MZ_Hydro,R02,33,SZ,deterministic_rejection,set_param,rejected,5,5,bf5310d804fe6045eec389720125d95cac99efe0465ee4f306f0838071a24c2f,bf5310d804fe6045eec389720125d95cac99efe0465ee4f306f0838071a24c2f,True
MZ_Hydro,R02,33,NZ,set_param,set_param,accepted,4,5,4883b3b83ce7b85875db178a6043499386d7a48747e8930873b391fb5eb8f88e,11707522c7a8db6bf203848edf3ccfe297550518f5ee7776e7393cbd46e98fd5,True
MZ_Hydro,R02,34,SZ,add_rule,add_rule,accepted,5,6,bf5310d804fe6045eec389720125d95cac99efe0465ee4f306f0838071a24c2f,0a15184767a0e14c499eb0600232ecf5e56a5e1894ef13ddc855a194234448bc,True
MZ_Hydro,R02,34,NZ,set_param,set_param,accepted,5,6,11707522c7a8db6bf203848edf3ccfe297550518f5ee7776e7393cbd46e98fd5,0edfb815ddf6cceb28e63fcccb7fb71e61dc7887ec9fcd4c88a6f12ae012f783,True
MZ_Hydro,R02,35,SZ,remove_rule,remove_rule,accepted,6,7,0a15184767a0e14c499eb0600232ecf5e56a5e1894ef13ddc855a194234448bc,7150788f2304d5da3fc7f45b18f42649790024d4805ea69cbd30e827cd29440b,True
MZ_Hydro,R02,35,NZ,set_param,set_param,accepted,6,7,0edfb815ddf6cceb28e63fcccb7fb71e61dc7887ec9fcd4c88a6f12ae012f783,11707522c7a8db6bf203848edf3ccfe297550518f5ee7776e7393cbd46e98fd5,True
MZ_Hydro,R02,36,SZ,deterministic_rejection,add_rule,rejected,7,7,7150788f2304d5da3fc7f45b18f42649790024d4805ea69cbd30e827cd29440b,7150788f2304d5da3fc7f45b18f42649790024d4805ea69cbd30e827cd29440b,True
MZ_Hydro,R02,36,NZ,deterministic_rejection,set_param,rejected,7,7,11707522c7a8db6bf203848edf3ccfe297550518f5ee7776e7393cbd46e98fd5,11707522c7a8db6bf203848edf3ccfe297550518f5ee7776e7393cbd46e98fd5,True
MZ_Hydro,R02,37,SZ,deterministic_rejection,replace_rule,rejected,7,7,7150788f2304d5da3fc7f45b18f42649790024d4805ea69cbd30e827cd29440b,7150788f2304d5da3fc7f45b18f42649790024d4805ea69cbd30e827cd29440b,True
MZ_Hydro,R02,37,NZ,schema_fallback,no_change,model_output_rejected,7,7,11707522c7a8db6bf203848edf3ccfe297550518f5ee7776e7393cbd46e98fd5,11707522c7a8db6bf203848edf3ccfe297550518f5ee7776e7393cbd46e98fd5,True
MZ_Hydro,R02,38,SZ,deterministic_rejection,add_rule,rejected,7,7,7150788f2304d5da3fc7f45b18f42649790024d4805ea69cbd30e827cd29440b,7150788f2304d5da3fc7f45b18f42649790024d4805ea69cbd30e827cd29440b,True
MZ_Hydro,R02,38,NZ,deterministic_rejection,set_param,rejected,7,7,11707522c7a8db6bf203848edf3ccfe297550518f5ee7776e7393cbd46e98fd5,11707522c7a8db6bf203848edf3ccfe297550518f5ee7776e7393cbd46e98fd5,True
MZ_Hydro,R02,39,SZ,replace_rule,replace_rule,accepted,7,8,7150788f2304d5da3fc7f45b18f42649790024d4805ea69cbd30e827cd29440b,5ca28cb3c72091491b9f3f5fb791139e74e8d486b40e79fa674c5c3036624cae,True
MZ_Hydro,R02,39,NZ,deterministic_rejection,add_rule,rejected,7,7,11707522c7a8db6bf203848edf3ccfe297550518f5ee7776e7393cbd46e98fd5,11707522c7a8db6bf203848edf3ccfe297550518f5ee7776e7393cbd46e98fd5,True
MZ_Hydro,R02,40,SZ,deterministic_rejection,replace_rule,rejected,8,8,5ca28cb3c72091491b9f3f5fb791139e74e8d486b40e79fa674c5c3036624cae,5ca28cb3c72091491b9f3f5fb791139e74e8d486b40e79fa674c5c3036624cae,True
MZ_Hydro,R02,40,NZ,replace_rule,replace_rule,accepted,7,8,11707522c7a8db6bf203848edf3ccfe297550518f5ee7776e7393cbd46e98fd5,c9c3e4a64ec092dad0366f1fbe05bbe7199430eda74236598685ff99aac935ff,True
MZ_Hydro,R02,41,NZ,deterministic_rejection,replace_rule,rejected,8,8,c9c3e4a64ec092dad0366f1fbe05bbe7199430eda74236598685ff99aac935ff,c9c3e4a64ec092dad0366f1fbe05bbe7199430eda74236598685ff99aac935ff,True
MZ_Hydro,R02,41,SZ,deterministic_rejection,add_rule,rejected,8,8,5ca28cb3c72091491b9f3f5fb791139e74e8d486b40e79fa674c5c3036624cae,5ca28cb3c72091491b9f3f5fb791139e74e8d486b40e79fa674c5c3036624cae,True
MZ_Hydro,R02,42,NZ,deterministic_rejection,set_param,rejected,8,8,c9c3e4a64ec092dad0366f1fbe05bbe7199430eda74236598685ff99aac935ff,c9c3e4a64ec092dad0366f1fbe05bbe7199430eda74236598685ff99aac935ff,True
MZ_Hydro,R02,42,SZ,deterministic_rejection,add_rule,rejected,8,8,5ca28cb3c72091491b9f3f5fb791139e74e8d486b40e79fa674c5c3036624cae,5ca28cb3c72091491b9f3f5fb791139e74e8d486b40e79fa674c5c3036624cae,True
MZ_Hydro,R02,43,NZ,deterministic_rejection,replace_rule,rejected,8,8,c9c3e4a64ec092dad0366f1fbe05bbe7199430eda74236598685ff99aac935ff,c9c3e4a64ec092dad0366f1fbe05bbe7199430eda74236598685ff99aac935ff,True
MZ_Hydro,R02,43,SZ,deterministic_rejection,add_rule,rejected,8,8,5ca28cb3c72091491b9f3f5fb791139e74e8d486b40e79fa674c5c3036624cae,5ca28cb3c72091491b9f3f5fb791139e74e8d486b40e79fa674c5c3036624cae,True
MZ_Hydro,R02,44,SZ,schema_fallback,no_change,model_output_rejected,8,8,5ca28cb3c72091491b9f3f5fb791139e74e8d486b40e79fa674c5c3036624cae,5ca28cb3c72091491b9f3f5fb791139e74e8d486b40e79fa674c5c3036624cae,True
MZ_Hydro,R02,44,NZ,deterministic_rejection,add_rule,rejected,8,8,c9c3e4a64ec092dad0366f1fbe05bbe7199430eda74236598685ff99aac935ff,c9c3e4a64ec092dad0366f1fbe05bbe7199430eda74236598685ff99aac935ff,True
MZ_Hydro,R02,45,NZ,explicit_no_change,no_change,accepted,8,8,c9c3e4a64ec092dad0366f1fbe05bbe7199430eda74236598685ff99aac935ff,c9c3e4a64ec092dad0366f1fbe05bbe7199430eda74236598685ff99aac935ff,True
MZ_Hydro,R02,45,SZ,explicit_no_change,no_change,accepted,8,8,5ca28cb3c72091491b9f3f5fb791139e74e8d486b40e79fa674c5c3036624cae,5ca28cb3c72091491b9f3f5fb791139e74e8d486b40e79fa674c5c3036624cae,True
MZ_Hydro,R02,46,NZ,explicit_no_change,no_change,accepted,8,8,c9c3e4a64ec092dad0366f1fbe05bbe7199430eda74236598685ff99aac935ff,c9c3e4a64ec092dad0366f1fbe05bbe7199430eda74236598685ff99aac935ff,True
MZ_Hydro,R02,46,SZ,explicit_no_change,no_change,accepted,8,8,5ca28cb3c72091491b9f3f5fb791139e74e8d486b40e79fa674c5c3036624cae,5ca28cb3c72091491b9f3f5fb791139e74e8d486b40e79fa674c5c3036624cae,True
MZ_Hydro,R02,47,NZ,explicit_no_change,no_change,accepted,8,8,c9c3e4a64ec092dad0366f1fbe05bbe7199430eda74236598685ff99aac935ff,c9c3e4a64ec092dad0366f1fbe05bbe7199430eda74236598685ff99aac935ff,True
MZ_Hydro,R02,47,SZ,explicit_no_change,no_change,accepted,8,8,5ca28cb3c72091491b9f3f5fb791139e74e8d486b40e79fa674c5c3036624cae,5ca28cb3c72091491b9f3f5fb791139e74e8d486b40e79fa674c5c3036624cae,True
MZ_Hydro,R02,48,NZ,explicit_no_change,no_change,accepted,8,8,c9c3e4a64ec092dad0366f1fbe05bbe7199430eda74236598685ff99aac935ff,c9c3e4a64ec092dad0366f1fbe05bbe7199430eda74236598685ff99aac935ff,True
MZ_Hydro,R02,48,SZ,explicit_no_change,no_change,accepted,8,8,5ca28cb3c72091491b9f3f5fb791139e74e8d486b40e79fa674c5c3036624cae,5ca28cb3c72091491b9f3f5fb791139e74e8d486b40e79fa674c5c3036624cae,True
MZ_Hydro,R02,49,NZ,explicit_no_change,no_change,accepted,8,8,c9c3e4a64ec092dad0366f1fbe05bbe7199430eda74236598685ff99aac935ff,c9c3e4a64ec092dad0366f1fbe05bbe7199430eda74236598685ff99aac935ff,True
MZ_Hydro,R02,49,SZ,explicit_no_change,no_change,accepted,8,8,5ca28cb3c72091491b9f3f5fb791139e74e8d486b40e79fa674c5c3036624cae,5ca28cb3c72091491b9f3f5fb791139e74e8d486b40e79fa674c5c3036624cae,True
MZ_Hydro,R02,50,NZ,explicit_no_change,no_change,accepted,8,8,c9c3e4a64ec092dad0366f1fbe05bbe7199430eda74236598685ff99aac935ff,c9c3e4a64ec092dad0366f1fbe05bbe7199430eda74236598685ff99aac935ff,True
MZ_Hydro,R02,50,SZ,explicit_no_change,no_change,accepted,8,8,5ca28cb3c72091491b9f3f5fb791139e74e8d486b40e79fa674c5c3036624cae,5ca28cb3c72091491b9f3f5fb791139e74e8d486b40e79fa674c5c3036624cae,True
MZ_Hydro,R02,51,NZ,explicit_no_change,no_change,accepted,8,8,c9c3e4a64ec092dad0366f1fbe05bbe7199430eda74236598685ff99aac935ff,c9c3e4a64ec092dad0366f1fbe05bbe7199430eda74236598685ff99aac935ff,True
MZ_Hydro,R02,51,SZ,explicit_no_change,no_change,accepted,8,8,5ca28cb3c72091491b9f3f5fb791139e74e8d486b40e79fa674c5c3036624cae,5ca28cb3c72091491b9f3f5fb791139e74e8d486b40e79fa674c5c3036624cae,True
MZ_Hydro,R02,52,SZ,explicit_no_change,no_change,accepted,8,8,5ca28cb3c72091491b9f3f5fb791139e74e8d486b40e79fa674c5c3036624cae,5ca28cb3c72091491b9f3f5fb791139e74e8d486b40e79fa674c5c3036624cae,True
MZ_Hydro,R02,52,NZ,explicit_no_change,no_change,accepted,8,8,c9c3e4a64ec092dad0366f1fbe05bbe7199430eda74236598685ff99aac935ff,c9c3e4a64ec092dad0366f1fbe05bbe7199430eda74236598685ff99aac935ff,True
MZ_Hydro,R02,53,NZ,explicit_no_change,no_change,accepted,8,8,c9c3e4a64ec092dad0366f1fbe05bbe7199430eda74236598685ff99aac935ff,c9c3e4a64ec092dad0366f1fbe05bbe7199430eda74236598685ff99aac935ff,True
MZ_Hydro,R02,53,SZ,explicit_no_change,no_change,accepted,8,8,5ca28cb3c72091491b9f3f5fb791139e74e8d486b40e79fa674c5c3036624cae,5ca28cb3c72091491b9f3f5fb791139e74e8d486b40e79fa674c5c3036624cae,True
MZ_Hydro,R02,54,NZ,explicit_no_change,no_change,accepted,8,8,c9c3e4a64ec092dad0366f1fbe05bbe7199430eda74236598685ff99aac935ff,c9c3e4a64ec092dad0366f1fbe05bbe7199430eda74236598685ff99aac935ff,True
MZ_Hydro,R02,54,SZ,explicit_no_change,no_change,accepted,8,8,5ca28cb3c72091491b9f3f5fb791139e74e8d486b40e79fa674c5c3036624cae,5ca28cb3c72091491b9f3f5fb791139e74e8d486b40e79fa674c5c3036624cae,True
MZ_Hydro,R02,55,NZ,deterministic_rejection,replace_rule,rejected,8,8,c9c3e4a64ec092dad0366f1fbe05bbe7199430eda74236598685ff99aac935ff,c9c3e4a64ec092dad0366f1fbe05bbe7199430eda74236598685ff99aac935ff,True
MZ_Hydro,R02,55,SZ,explicit_no_change,no_change,accepted,8,8,5ca28cb3c72091491b9f3f5fb791139e74e8d486b40e79fa674c5c3036624cae,5ca28cb3c72091491b9f3f5fb791139e74e8d486b40e79fa674c5c3036624cae,True
MZ_Hydro,R02,56,NZ,set_param,set_param,accepted,8,9,c9c3e4a64ec092dad0366f1fbe05bbe7199430eda74236598685ff99aac935ff,30bf0ac31b019c39b73f13d65d89205d1a0cd5cb4cd4e1cfb5a68a872bc72719,True
MZ_Hydro,R02,56,SZ,explicit_no_change,no_change,accepted,8,8,5ca28cb3c72091491b9f3f5fb791139e74e8d486b40e79fa674c5c3036624cae,5ca28cb3c72091491b9f3f5fb791139e74e8d486b40e79fa674c5c3036624cae,True
MZ_Hydro,R02,57,NZ,deterministic_rejection,set_param,rejected,9,9,30bf0ac31b019c39b73f13d65d89205d1a0cd5cb4cd4e1cfb5a68a872bc72719,30bf0ac31b019c39b73f13d65d89205d1a0cd5cb4cd4e1cfb5a68a872bc72719,True
MZ_Hydro,R02,57,SZ,deterministic_rejection,set_param,rejected,8,8,5ca28cb3c72091491b9f3f5fb791139e74e8d486b40e79fa674c5c3036624cae,5ca28cb3c72091491b9f3f5fb791139e74e8d486b40e79fa674c5c3036624cae,True
MZ_Hydro,R02,58,NZ,set_param,set_param,accepted,9,10,30bf0ac31b019c39b73f13d65d89205d1a0cd5cb4cd4e1cfb5a68a872bc72719,4d7d37fbde2e1a224c55dc2e64d695f227ca2edb02def09ce25c89af03e6612f,True
MZ_Hydro,R02,58,SZ,replace_rule,replace_rule,accepted,8,9,5ca28cb3c72091491b9f3f5fb791139e74e8d486b40e79fa674c5c3036624cae,e63aa41400c04ddf55a5cbc2f8edceef379595e58f6358a3ae64feeb15248fe0,True
MZ_Hydro,R02,59,SZ,replace_rule,replace_rule,accepted,9,10,e63aa41400c04ddf55a5cbc2f8edceef379595e58f6358a3ae64feeb15248fe0,27bbca361a2e263b6acd02e2a0040ba0a6f2c35541b635b94af91d24c4264fc7,True
MZ_Hydro,R02,59,NZ,replace_rule,replace_rule,accepted,10,11,4d7d37fbde2e1a224c55dc2e64d695f227ca2edb02def09ce25c89af03e6612f,2fd56e6dab66bff8ec37d6cc0d2f7d79f6cd7a1a224eb49902b02f0277ea32ea,True
MZ_Hydro,R02,60,SZ,explicit_no_change,no_change,accepted,10,10,27bbca361a2e263b6acd02e2a0040ba0a6f2c35541b635b94af91d24c4264fc7,27bbca361a2e263b6acd02e2a0040ba0a6f2c35541b635b94af91d24c4264fc7,True
MZ_Hydro,R02,60,NZ,deterministic_rejection,add_rule,rejected,11,11,2fd56e6dab66bff8ec37d6cc0d2f7d79f6cd7a1a224eb49902b02f0277ea32ea,2fd56e6dab66bff8ec37d6cc0d2f7d79f6cd7a1a224eb49902b02f0277ea32ea,True
MZ_Hydro,R02,61,SZ,set_param,set_param,accepted,10,11,27bbca361a2e263b6acd02e2a0040ba0a6f2c35541b635b94af91d24c4264fc7,c26f45e835d08739e07e6f0ea647e4954afc6abde0afbcca08cc44282acfaa7b,True
MZ_Hydro,R02,61,NZ,schema_fallback,no_change,model_output_rejected,11,11,2fd56e6dab66bff8ec37d6cc0d2f7d79f6cd7a1a224eb49902b02f0277ea32ea,2fd56e6dab66bff8ec37d6cc0d2f7d79f6cd7a1a224eb49902b02f0277ea32ea,True
MZ_Hydro,R02,62,SZ,deterministic_rejection,replace_rule,rejected,11,11,c26f45e835d08739e07e6f0ea647e4954afc6abde0afbcca08cc44282acfaa7b,c26f45e835d08739e07e6f0ea647e4954afc6abde0afbcca08cc44282acfaa7b,True
MZ_Hydro,R02,62,NZ,deterministic_rejection,add_rule,rejected,11,11,2fd56e6dab66bff8ec37d6cc0d2f7d79f6cd7a1a224eb49902b02f0277ea32ea,2fd56e6dab66bff8ec37d6cc0d2f7d79f6cd7a1a224eb49902b02f0277ea32ea,True
MZ_Hydro,R02,63,SZ,deterministic_rejection,replace_rule,rejected,11,11,c26f45e835d08739e07e6f0ea647e4954afc6abde0afbcca08cc44282acfaa7b,c26f45e835d08739e07e6f0ea647e4954afc6abde0afbcca08cc44282acfaa7b,True
MZ_Hydro,R02,63,NZ,add_rule,add_rule,accepted,11,12,2fd56e6dab66bff8ec37d6cc0d2f7d79f6cd7a1a224eb49902b02f0277ea32ea,66d21877d9cdba1101b788c65ea4f9dc3fd6cb7fa15b145e3f1ab9f2aeaf6dfa,True
MZ_Hydro,R02,64,SZ,deterministic_rejection,replace_rule,rejected,11,11,c26f45e835d08739e07e6f0ea647e4954afc6abde0afbcca08cc44282acfaa7b,c26f45e835d08739e07e6f0ea647e4954afc6abde0afbcca08cc44282acfaa7b,True
MZ_Hydro,R02,64,NZ,explicit_no_change,no_change,accepted,12,12,66d21877d9cdba1101b788c65ea4f9dc3fd6cb7fa15b145e3f1ab9f2aeaf6dfa,66d21877d9cdba1101b788c65ea4f9dc3fd6cb7fa15b145e3f1ab9f2aeaf6dfa,True
MZ_Hydro,R02,65,SZ,deterministic_rejection,replace_rule,rejected,11,11,c26f45e835d08739e07e6f0ea647e4954afc6abde0afbcca08cc44282acfaa7b,c26f45e835d08739e07e6f0ea647e4954afc6abde0afbcca08cc44282acfaa7b,True
MZ_Hydro,R02,65,NZ,replace_rule,replace_rule,accepted,12,13,66d21877d9cdba1101b788c65ea4f9dc3fd6cb7fa15b145e3f1ab9f2aeaf6dfa,c7a874ddbcdc76071f8b4a03faf42b2e1a00f9861a1ff9cc1a477754a5302766,True
MZ_Hydro,R02,66,NZ,replace_rule,replace_rule,accepted,13,14,c7a874ddbcdc76071f8b4a03faf42b2e1a00f9861a1ff9cc1a477754a5302766,9a1100c930d291c1600def53c3c7f8d4a48ac4c316c647fa1f5ad39a806444a8,True
MZ_Hydro,R02,66,SZ,add_rule,add_rule,accepted,11,12,c26f45e835d08739e07e6f0ea647e4954afc6abde0afbcca08cc44282acfaa7b,1776bb42dd7dae044a159349fb97125214b4175ea3de9318663f86d4ced61103,True
MZ_Hydro,R02,67,SZ,remove_rule,remove_rule,accepted,12,13,1776bb42dd7dae044a159349fb97125214b4175ea3de9318663f86d4ced61103,c26f45e835d08739e07e6f0ea647e4954afc6abde0afbcca08cc44282acfaa7b,True
MZ_Hydro,R02,67,NZ,replace_rule,replace_rule,accepted,14,15,9a1100c930d291c1600def53c3c7f8d4a48ac4c316c647fa1f5ad39a806444a8,923c069f155a5ab10d6c406056bea7c7fe5a3c2fe56023e7be9eded78607d9a1,True
MZ_Hydro,R02,68,SZ,deterministic_rejection,replace_rule,rejected,13,13,c26f45e835d08739e07e6f0ea647e4954afc6abde0afbcca08cc44282acfaa7b,c26f45e835d08739e07e6f0ea647e4954afc6abde0afbcca08cc44282acfaa7b,True
MZ_Hydro,R02,68,NZ,set_param,set_param,accepted,15,16,923c069f155a5ab10d6c406056bea7c7fe5a3c2fe56023e7be9eded78607d9a1,bf44a181aea2e4d11e6602d24a534ac4fce448b93e53fad15cab66c37fd95eca,True
MZ_Hydro,R02,69,SZ,replace_rule,replace_rule,accepted,13,14,c26f45e835d08739e07e6f0ea647e4954afc6abde0afbcca08cc44282acfaa7b,4658c5b7e27b4e3c0d25f13895a143d45413a958f04402d087c0963cad8e4dcb,True
MZ_Hydro,R02,69,NZ,deterministic_rejection,set_param,rejected,16,16,bf44a181aea2e4d11e6602d24a534ac4fce448b93e53fad15cab66c37fd95eca,bf44a181aea2e4d11e6602d24a534ac4fce448b93e53fad15cab66c37fd95eca,True
MZ_Hydro,R02,70,SZ,explicit_no_change,no_change,accepted,14,14,4658c5b7e27b4e3c0d25f13895a143d45413a958f04402d087c0963cad8e4dcb,4658c5b7e27b4e3c0d25f13895a143d45413a958f04402d087c0963cad8e4dcb,True
MZ_Hydro,R02,70,NZ,explicit_no_change,no_change,accepted,16,16,bf44a181aea2e4d11e6602d24a534ac4fce448b93e53fad15cab66c37fd95eca,bf44a181aea2e4d11e6602d24a534ac4fce448b93e53fad15cab66c37fd95eca,True
MZ_Hydro,R02,71,SZ,explicit_no_change,no_change,accepted,14,14,4658c5b7e27b4e3c0d25f13895a143d45413a958f04402d087c0963cad8e4dcb,4658c5b7e27b4e3c0d25f13895a143d45413a958f04402d087c0963cad8e4dcb,True
MZ_Hydro,R02,71,NZ,explicit_no_change,no_change,accepted,16,16,bf44a181aea2e4d11e6602d24a534ac4fce448b93e53fad15cab66c37fd95eca,bf44a181aea2e4d11e6602d24a534ac4fce448b93e53fad15cab66c37fd95eca,True
MZ_Hydro,R02,72,NZ,explicit_no_change,no_change,accepted,16,16,bf44a181aea2e4d11e6602d24a534ac4fce448b93e53fad15cab66c37fd95eca,bf44a181aea2e4d11e6602d24a534ac4fce448b93e53fad15cab66c37fd95eca,True
MZ_Hydro,R02,72,SZ,explicit_no_change,no_change,accepted,14,14,4658c5b7e27b4e3c0d25f13895a143d45413a958f04402d087c0963cad8e4dcb,4658c5b7e27b4e3c0d25f13895a143d45413a958f04402d087c0963cad8e4dcb,True
MZ_Hydro,R02,73,SZ,explicit_no_change,no_change,accepted,14,14,4658c5b7e27b4e3c0d25f13895a143d45413a958f04402d087c0963cad8e4dcb,4658c5b7e27b4e3c0d25f13895a143d45413a958f04402d087c0963cad8e4dcb,True
MZ_Hydro,R02,73,NZ,explicit_no_change,no_change,accepted,16,16,bf44a181aea2e4d11e6602d24a534ac4fce448b93e53fad15cab66c37fd95eca,bf44a181aea2e4d11e6602d24a534ac4fce448b93e53fad15cab66c37fd95eca,True
MZ_Hydro,R02,74,NZ,explicit_no_change,no_change,accepted,16,16,bf44a181aea2e4d11e6602d24a534ac4fce448b93e53fad15cab66c37fd95eca,bf44a181aea2e4d11e6602d24a534ac4fce448b93e53fad15cab66c37fd95eca,True
MZ_Hydro,R02,74,SZ,explicit_no_change,no_change,accepted,14,14,4658c5b7e27b4e3c0d25f13895a143d45413a958f04402d087c0963cad8e4dcb,4658c5b7e27b4e3c0d25f13895a143d45413a958f04402d087c0963cad8e4dcb,True
MZ_Hydro,R02,75,NZ,explicit_no_change,no_change,accepted,16,16,bf44a181aea2e4d11e6602d24a534ac4fce448b93e53fad15cab66c37fd95eca,bf44a181aea2e4d11e6602d24a534ac4fce448b93e53fad15cab66c37fd95eca,True
MZ_Hydro,R02,75,SZ,explicit_no_change,no_change,accepted,14,14,4658c5b7e27b4e3c0d25f13895a143d45413a958f04402d087c0963cad8e4dcb,4658c5b7e27b4e3c0d25f13895a143d45413a958f04402d087c0963cad8e4dcb,True
MZ_Hydro,R02,76,NZ,explicit_no_change,no_change,accepted,16,16,bf44a181aea2e4d11e6602d24a534ac4fce448b93e53fad15cab66c37fd95eca,bf44a181aea2e4d11e6602d24a534ac4fce448b93e53fad15cab66c37fd95eca,True
MZ_Hydro,R02,76,SZ,explicit_no_change,no_change,accepted,14,14,4658c5b7e27b4e3c0d25f13895a143d45413a958f04402d087c0963cad8e4dcb,4658c5b7e27b4e3c0d25f13895a143d45413a958f04402d087c0963cad8e4dcb,True
MZ_Hydro,R02,77,SZ,explicit_no_change,no_change,accepted,14,14,4658c5b7e27b4e3c0d25f13895a143d45413a958f04402d087c0963cad8e4dcb,4658c5b7e27b4e3c0d25f13895a143d45413a958f04402d087c0963cad8e4dcb,True
MZ_Hydro,R02,77,NZ,explicit_no_change,no_change,accepted,16,16,bf44a181aea2e4d11e6602d24a534ac4fce448b93e53fad15cab66c37fd95eca,bf44a181aea2e4d11e6602d24a534ac4fce448b93e53fad15cab66c37fd95eca,True
MZ_Hydro,R02,78,SZ,explicit_no_change,no_change,accepted,14,14,4658c5b7e27b4e3c0d25f13895a143d45413a958f04402d087c0963cad8e4dcb,4658c5b7e27b4e3c0d25f13895a143d45413a958f04402d087c0963cad8e4dcb,True
MZ_Hydro,R02,78,NZ,explicit_no_change,no_change,accepted,16,16,bf44a181aea2e4d11e6602d24a534ac4fce448b93e53fad15cab66c37fd95eca,bf44a181aea2e4d11e6602d24a534ac4fce448b93e53fad15cab66c37fd95eca,True
MZ_Hydro,R02,79,NZ,explicit_no_change,no_change,accepted,16,16,bf44a181aea2e4d11e6602d24a534ac4fce448b93e53fad15cab66c37fd95eca,bf44a181aea2e4d11e6602d24a534ac4fce448b93e53fad15cab66c37fd95eca,True
MZ_Hydro,R02,79,SZ,explicit_no_change,no_change,accepted,14,14,4658c5b7e27b4e3c0d25f13895a143d45413a958f04402d087c0963cad8e4dcb,4658c5b7e27b4e3c0d25f13895a143d45413a958f04402d087c0963cad8e4dcb,True
MZ_Hydro,R02,80,NZ,replace_rule,replace_rule,accepted,16,17,bf44a181aea2e4d11e6602d24a534ac4fce448b93e53fad15cab66c37fd95eca,923dc480651036bb08bf556a0308723304b3902af96ddd55bbc67b984ca4d40f,True
MZ_Hydro,R02,80,SZ,explicit_no_change,no_change,accepted,14,14,4658c5b7e27b4e3c0d25f13895a143d45413a958f04402d087c0963cad8e4dcb,4658c5b7e27b4e3c0d25f13895a143d45413a958f04402d087c0963cad8e4dcb,True
MZ_Hydro,R02,81,NZ,replace_rule,replace_rule,accepted,17,18,923dc480651036bb08bf556a0308723304b3902af96ddd55bbc67b984ca4d40f,cdd60ef0def13e6f08e7e0616287b2978b288639cad7e32738f59530779b6ac9,True
MZ_Hydro,R02,81,SZ,set_param,set_param,accepted,14,15,4658c5b7e27b4e3c0d25f13895a143d45413a958f04402d087c0963cad8e4dcb,5703bd60160bd658e17637194425334665e22f5b0856b3369482e100aed6debd,True
MZ_Hydro,R02,82,NZ,replace_rule,replace_rule,accepted,18,19,cdd60ef0def13e6f08e7e0616287b2978b288639cad7e32738f59530779b6ac9,74541ea182ff14f74824b217dc7a5dc70c6895882054d83c9a2bc4b1ddb80e6b,True
MZ_Hydro,R02,82,SZ,deterministic_rejection,set_param,rejected,15,15,5703bd60160bd658e17637194425334665e22f5b0856b3369482e100aed6debd,5703bd60160bd658e17637194425334665e22f5b0856b3369482e100aed6debd,True
MZ_Hydro,R02,83,NZ,replace_rule,replace_rule,accepted,19,20,74541ea182ff14f74824b217dc7a5dc70c6895882054d83c9a2bc4b1ddb80e6b,161fdb707bf3ad4a99698345a53dab1587a96255270c7ac0b0ec8a65c49f8030,True
MZ_Hydro,R02,83,SZ,deterministic_rejection,add_rule,rejected,15,15,5703bd60160bd658e17637194425334665e22f5b0856b3369482e100aed6debd,5703bd60160bd658e17637194425334665e22f5b0856b3369482e100aed6debd,True
MZ_Hydro,R02,84,SZ,add_rule,add_rule,accepted,15,16,5703bd60160bd658e17637194425334665e22f5b0856b3369482e100aed6debd,481144cd8b2eaf11b1229ffd25f8dbbf3577be60eec5eab38508780e6a70e35e,True
MZ_Hydro,R02,84,NZ,replace_rule,replace_rule,accepted,20,21,161fdb707bf3ad4a99698345a53dab1587a96255270c7ac0b0ec8a65c49f8030,e4f41cb3a0e24aacc42e4589f41e53c72c68e9b464b28fee920a09b79aac5d7c,True
MZ_Hydro,R02,85,NZ,replace_rule,replace_rule,accepted,21,22,e4f41cb3a0e24aacc42e4589f41e53c72c68e9b464b28fee920a09b79aac5d7c,161fdb707bf3ad4a99698345a53dab1587a96255270c7ac0b0ec8a65c49f8030,True
MZ_Hydro,R02,85,SZ,replace_rule,replace_rule,accepted,16,17,481144cd8b2eaf11b1229ffd25f8dbbf3577be60eec5eab38508780e6a70e35e,ccc9922d5f6109e0062ef6203c6667d537d899f31dcf061d643d714754d9c904,True
MZ_Hydro,R02,86,NZ,replace_rule,replace_rule,accepted,22,23,161fdb707bf3ad4a99698345a53dab1587a96255270c7ac0b0ec8a65c49f8030,e176da5e67822422187e9f31402d104ad90fa38a0eadba1b24cc539b8f8a8dfa,True
MZ_Hydro,R02,86,SZ,replace_rule,replace_rule,accepted,17,18,ccc9922d5f6109e0062ef6203c6667d537d899f31dcf061d643d714754d9c904,aa3fd5b341c09eb8a71a4448f81c9e27ac882865d84049181db98916adf9ac15,True
MZ_Hydro,R02,87,NZ,add_rule,add_rule,accepted,23,24,e176da5e67822422187e9f31402d104ad90fa38a0eadba1b24cc539b8f8a8dfa,184425d925f4b703e3bbd2f02623bbc696d8a232db4164a880c14b0e29182800,True
MZ_Hydro,R02,87,SZ,replace_rule,replace_rule,accepted,18,19,aa3fd5b341c09eb8a71a4448f81c9e27ac882865d84049181db98916adf9ac15,ccc9922d5f6109e0062ef6203c6667d537d899f31dcf061d643d714754d9c904,True
MZ_Hydro,R02,88,NZ,replace_rule,replace_rule,accepted,24,25,184425d925f4b703e3bbd2f02623bbc696d8a232db4164a880c14b0e29182800,894343b2234d3ea0189b574b92c3abf9fdac8fcf8bf41f8bc1110d25bdafdda8,True
MZ_Hydro,R02,88,SZ,replace_rule,replace_rule,accepted,19,20,ccc9922d5f6109e0062ef6203c6667d537d899f31dcf061d643d714754d9c904,3d662fc968b52ed20a8261521d7f19d44889d634f7214ded33874c245fd36cd0,True
MZ_Hydro,R02,89,NZ,replace_rule,replace_rule,accepted,25,26,894343b2234d3ea0189b574b92c3abf9fdac8fcf8bf41f8bc1110d25bdafdda8,184425d925f4b703e3bbd2f02623bbc696d8a232db4164a880c14b0e29182800,True
MZ_Hydro,R02,89,SZ,replace_rule,replace_rule,accepted,20,21,3d662fc968b52ed20a8261521d7f19d44889d634f7214ded33874c245fd36cd0,ad0b1c86648dded699e1a7b0117cc0e3d50f458071b1f613f4cfb84637ae404a,True
MZ_Hydro,R02,90,NZ,replace_rule,replace_rule,accepted,26,27,184425d925f4b703e3bbd2f02623bbc696d8a232db4164a880c14b0e29182800,22a0b9eff4d622f2bdac69be1fa56f3375f2c6aa621ec93042bc7c2405d7fc8e,True
MZ_Hydro,R02,90,SZ,replace_rule,replace_rule,accepted,21,22,ad0b1c86648dded699e1a7b0117cc0e3d50f458071b1f613f4cfb84637ae404a,f4ee53e1958240a4d8d4df9e13ce4dc041e0c8ef54b6dafb45817ae04f51c528,True
MZ_Hydro,R02,91,SZ,replace_rule,replace_rule,accepted,22,23,f4ee53e1958240a4d8d4df9e13ce4dc041e0c8ef54b6dafb45817ae04f51c528,08755edeee21c685e2bf2f6f5201e5c2f637f257b0007ad85153299f84ba1532,True
MZ_Hydro,R02,91,NZ,replace_rule,replace_rule,accepted,27,28,22a0b9eff4d622f2bdac69be1fa56f3375f2c6aa621ec93042bc7c2405d7fc8e,d60ab8de71d63d26988eae7600ae951c5a59f11499aea8799489796d4c770ec0,True
MZ_Hydro,R02,92,SZ,explicit_no_change,no_change,accepted,23,23,08755edeee21c685e2bf2f6f5201e5c2f637f257b0007ad85153299f84ba1532,08755edeee21c685e2bf2f6f5201e5c2f637f257b0007ad85153299f84ba1532,True
MZ_Hydro,R02,92,NZ,replace_rule,replace_rule,accepted,28,29,d60ab8de71d63d26988eae7600ae951c5a59f11499aea8799489796d4c770ec0,faea4dfa42a148c2ddc3db7a726b2a6a07c5163c24fed3df3941fab67118b9a9,True
MZ_Hydro,R02,93,SZ,replace_rule,replace_rule,accepted,23,24,08755edeee21c685e2bf2f6f5201e5c2f637f257b0007ad85153299f84ba1532,13f0d54fcdc80b3a7dcdaf0845f6b167436bfa4069ca37ec381963177852bc77,True
MZ_Hydro,R02,93,NZ,deterministic_rejection,replace_rule,rejected,29,29,faea4dfa42a148c2ddc3db7a726b2a6a07c5163c24fed3df3941fab67118b9a9,faea4dfa42a148c2ddc3db7a726b2a6a07c5163c24fed3df3941fab67118b9a9,True
MZ_Hydro,R02,94,SZ,explicit_no_change,no_change,accepted,24,24,13f0d54fcdc80b3a7dcdaf0845f6b167436bfa4069ca37ec381963177852bc77,13f0d54fcdc80b3a7dcdaf0845f6b167436bfa4069ca37ec381963177852bc77,True
MZ_Hydro,R02,94,NZ,deterministic_rejection,replace_rule,rejected,29,29,faea4dfa42a148c2ddc3db7a726b2a6a07c5163c24fed3df3941fab67118b9a9,faea4dfa42a148c2ddc3db7a726b2a6a07c5163c24fed3df3941fab67118b9a9,True
MZ_Hydro,R02,95,SZ,explicit_no_change,no_change,accepted,24,24,13f0d54fcdc80b3a7dcdaf0845f6b167436bfa4069ca37ec381963177852bc77,13f0d54fcdc80b3a7dcdaf0845f6b167436bfa4069ca37ec381963177852bc77,True
MZ_Hydro,R02,95,NZ,explicit_no_change,no_change,accepted,29,29,faea4dfa42a148c2ddc3db7a726b2a6a07c5163c24fed3df3941fab67118b9a9,faea4dfa42a148c2ddc3db7a726b2a6a07c5163c24fed3df3941fab67118b9a9,True
MZ_Hydro,R02,96,SZ,explicit_no_change,no_change,accepted,24,24,13f0d54fcdc80b3a7dcdaf0845f6b167436bfa4069ca37ec381963177852bc77,13f0d54fcdc80b3a7dcdaf0845f6b167436bfa4069ca37ec381963177852bc77,True
MZ_Hydro,R02,96,NZ,explicit_no_change,no_change,accepted,29,29,faea4dfa42a148c2ddc3db7a726b2a6a07c5163c24fed3df3941fab67118b9a9,faea4dfa42a148c2ddc3db7a726b2a6a07c5163c24fed3df3941fab67118b9a9,True
MZ_Hydro,R02,97,SZ,explicit_no_change,no_change,accepted,24,24,13f0d54fcdc80b3a7dcdaf0845f6b167436bfa4069ca37ec381963177852bc77,13f0d54fcdc80b3a7dcdaf0845f6b167436bfa4069ca37ec381963177852bc77,True
MZ_Hydro,R02,97,NZ,explicit_no_change,no_change,accepted,29,29,faea4dfa42a148c2ddc3db7a726b2a6a07c5163c24fed3df3941fab67118b9a9,faea4dfa42a148c2ddc3db7a726b2a6a07c5163c24fed3df3941fab67118b9a9,True
MZ_Hydro,R02,98,NZ,explicit_no_change,no_change,accepted,29,29,faea4dfa42a148c2ddc3db7a726b2a6a07c5163c24fed3df3941fab67118b9a9,faea4dfa42a148c2ddc3db7a726b2a6a07c5163c24fed3df3941fab67118b9a9,True
MZ_Hydro,R02,98,SZ,explicit_no_change,no_change,accepted,24,24,13f0d54fcdc80b3a7dcdaf0845f6b167436bfa4069ca37ec381963177852bc77,13f0d54fcdc80b3a7dcdaf0845f6b167436bfa4069ca37ec381963177852bc77,True
MZ_Hydro,R02,99,NZ,explicit_no_change,no_change,accepted,29,29,faea4dfa42a148c2ddc3db7a726b2a6a07c5163c24fed3df3941fab67118b9a9,faea4dfa42a148c2ddc3db7a726b2a6a07c5163c24fed3df3941fab67118b9a9,True
MZ_Hydro,R02,99,SZ,explicit_no_change,no_change,accepted,24,24,13f0d54fcdc80b3a7dcdaf0845f6b167436bfa4069ca37ec381963177852bc77,13f0d54fcdc80b3a7dcdaf0845f6b167436bfa4069ca37ec381963177852bc77,True
MZ_Hydro,R02,100,NZ,explicit_no_change,no_change,accepted,29,29,faea4dfa42a148c2ddc3db7a726b2a6a07c5163c24fed3df3941fab67118b9a9,faea4dfa42a148c2ddc3db7a726b2a6a07c5163c24fed3df3941fab67118b9a9,True
MZ_Hydro,R02,100,SZ,explicit_no_change,no_change,accepted,24,24,13f0d54fcdc80b3a7dcdaf0845f6b167436bfa4069ca37ec381963177852bc77,13f0d54fcdc80b3a7dcdaf0845f6b167436bfa4069ca37ec381963177852bc77,True
MZ_Hydro,R02,101,NZ,explicit_no_change,no_change,accepted,29,29,faea4dfa42a148c2ddc3db7a726b2a6a07c5163c24fed3df3941fab67118b9a9,faea4dfa42a148c2ddc3db7a726b2a6a07c5163c24fed3df3941fab67118b9a9,True
MZ_Hydro,R02,101,SZ,explicit_no_change,no_change,accepted,24,24,13f0d54fcdc80b3a7dcdaf0845f6b167436bfa4069ca37ec381963177852bc77,13f0d54fcdc80b3a7dcdaf0845f6b167436bfa4069ca37ec381963177852bc77,True
MZ_Hydro,R02,102,SZ,explicit_no_change,no_change,accepted,24,24,13f0d54fcdc80b3a7dcdaf0845f6b167436bfa4069ca37ec381963177852bc77,13f0d54fcdc80b3a7dcdaf0845f6b167436bfa4069ca37ec381963177852bc77,True
MZ_Hydro,R02,102,NZ,explicit_no_change,no_change,accepted,29,29,faea4dfa42a148c2ddc3db7a726b2a6a07c5163c24fed3df3941fab67118b9a9,faea4dfa42a148c2ddc3db7a726b2a6a07c5163c24fed3df3941fab67118b9a9,True
MZ_Hydro,R02,103,SZ,replace_rule,replace_rule,accepted,24,25,13f0d54fcdc80b3a7dcdaf0845f6b167436bfa4069ca37ec381963177852bc77,ef7d55efb6cd26eabd0bb573d7fd78705d896d20265c0bd37405773d426cc4fd,True
MZ_Hydro,R02,103,NZ,explicit_no_change,no_change,accepted,29,29,faea4dfa42a148c2ddc3db7a726b2a6a07c5163c24fed3df3941fab67118b9a9,faea4dfa42a148c2ddc3db7a726b2a6a07c5163c24fed3df3941fab67118b9a9,True
MZ_Hydro,R02,104,NZ,deterministic_rejection,replace_rule,rejected,29,29,faea4dfa42a148c2ddc3db7a726b2a6a07c5163c24fed3df3941fab67118b9a9,faea4dfa42a148c2ddc3db7a726b2a6a07c5163c24fed3df3941fab67118b9a9,True
MZ_Hydro,R02,104,SZ,set_param,set_param,accepted,25,26,ef7d55efb6cd26eabd0bb573d7fd78705d896d20265c0bd37405773d426cc4fd,13969eebd4521f92dc540ec56d810f2b60a0db31cf4a4e86b38349cd0a0c7aef,True
MZ_Hydro,R02,105,NZ,replace_rule,replace_rule,accepted,29,30,faea4dfa42a148c2ddc3db7a726b2a6a07c5163c24fed3df3941fab67118b9a9,22c22f53aaac378a0729f6f175bfc42432ad9a173091a163889b01ff50567a64,True
MZ_Hydro,R02,105,SZ,set_param,set_param,accepted,26,27,13969eebd4521f92dc540ec56d810f2b60a0db31cf4a4e86b38349cd0a0c7aef,9e95fee9a6c29888e381fd3ed85e81654aa864fccf07cd1cd095bde9375e1cc0,True
MZ_Hydro,R02,106,NZ,replace_rule,replace_rule,accepted,30,31,22c22f53aaac378a0729f6f175bfc42432ad9a173091a163889b01ff50567a64,abc02f0fb8de5e6a339769fed9325e9940b0c75240455a2f82e41b9c6034754e,True
MZ_Hydro,R02,106,SZ,deterministic_rejection,set_param,rejected,27,27,9e95fee9a6c29888e381fd3ed85e81654aa864fccf07cd1cd095bde9375e1cc0,9e95fee9a6c29888e381fd3ed85e81654aa864fccf07cd1cd095bde9375e1cc0,True
MZ_Hydro,R02,107,NZ,deterministic_rejection,replace_rule,rejected,31,31,abc02f0fb8de5e6a339769fed9325e9940b0c75240455a2f82e41b9c6034754e,abc02f0fb8de5e6a339769fed9325e9940b0c75240455a2f82e41b9c6034754e,True
MZ_Hydro,R02,107,SZ,replace_rule,replace_rule,accepted,27,28,9e95fee9a6c29888e381fd3ed85e81654aa864fccf07cd1cd095bde9375e1cc0,fa59bc0e82fd90693176d3ea9dc087667aa5febf570c16ba0fa0cec610eec861,True
MZ_Hydro,R02,108,NZ,replace_rule,replace_rule,accepted,31,32,abc02f0fb8de5e6a339769fed9325e9940b0c75240455a2f82e41b9c6034754e,ed2b1a150daea2d13342bc9cb9722d568d0349d78cdc9926cf29c1877ec18c1c,True
MZ_Hydro,R02,108,SZ,deterministic_rejection,replace_rule,rejected,28,28,fa59bc0e82fd90693176d3ea9dc087667aa5febf570c16ba0fa0cec610eec861,fa59bc0e82fd90693176d3ea9dc087667aa5febf570c16ba0fa0cec610eec861,True
MZ_Hydro,R02,109,NZ,remove_rule,remove_rule,accepted,32,33,ed2b1a150daea2d13342bc9cb9722d568d0349d78cdc9926cf29c1877ec18c1c,7dfdf2752691bab5b4b9f91e87e4a2453edcdd775962e8a16601ec1fc47e328f,True
MZ_Hydro,R02,109,SZ,deterministic_rejection,replace_rule,rejected,28,28,fa59bc0e82fd90693176d3ea9dc087667aa5febf570c16ba0fa0cec610eec861,fa59bc0e82fd90693176d3ea9dc087667aa5febf570c16ba0fa0cec610eec861,True
MZ_Hydro,R02,110,NZ,add_rule,add_rule,accepted,33,34,7dfdf2752691bab5b4b9f91e87e4a2453edcdd775962e8a16601ec1fc47e328f,b04ff00db610d085bb28e744d8cc833b8109e5aa6634b60db9b1451ea7c5bd2e,True
MZ_Hydro,R02,110,SZ,deterministic_rejection,replace_rule,rejected,28,28,fa59bc0e82fd90693176d3ea9dc087667aa5febf570c16ba0fa0cec610eec861,fa59bc0e82fd90693176d3ea9dc087667aa5febf570c16ba0fa0cec610eec861,True
MZ_Hydro,R02,111,NZ,deterministic_rejection,remove_rule,rejected,34,34,b04ff00db610d085bb28e744d8cc833b8109e5aa6634b60db9b1451ea7c5bd2e,b04ff00db610d085bb28e744d8cc833b8109e5aa6634b60db9b1451ea7c5bd2e,True
MZ_Hydro,R02,111,SZ,remove_rule,remove_rule,accepted,28,29,fa59bc0e82fd90693176d3ea9dc087667aa5febf570c16ba0fa0cec610eec861,0079c7d9633ec49efd79b9a4433d556960e52ac344ff314d673b0ec7bd67882e,True
MZ_Hydro,R02,112,NZ,remove_rule,remove_rule,accepted,34,35,b04ff00db610d085bb28e744d8cc833b8109e5aa6634b60db9b1451ea7c5bd2e,7dfdf2752691bab5b4b9f91e87e4a2453edcdd775962e8a16601ec1fc47e328f,True
MZ_Hydro,R02,112,SZ,remove_rule,remove_rule,accepted,29,30,0079c7d9633ec49efd79b9a4433d556960e52ac344ff314d673b0ec7bd67882e,5ab636fafad30cc1e5c963e36d6d9272e8ea146c9a964f39d3afabda68e42f25,True
MZ_Hydro,R02,113,NZ,explicit_no_change,no_change,accepted,35,35,7dfdf2752691bab5b4b9f91e87e4a2453edcdd775962e8a16601ec1fc47e328f,7dfdf2752691bab5b4b9f91e87e4a2453edcdd775962e8a16601ec1fc47e328f,True
MZ_Hydro,R02,113,SZ,explicit_no_change,no_change,accepted,30,30,5ab636fafad30cc1e5c963e36d6d9272e8ea146c9a964f39d3afabda68e42f25,5ab636fafad30cc1e5c963e36d6d9272e8ea146c9a964f39d3afabda68e42f25,True
MZ_Hydro,R02,114,NZ,explicit_no_change,no_change,accepted,35,35,7dfdf2752691bab5b4b9f91e87e4a2453edcdd775962e8a16601ec1fc47e328f,7dfdf2752691bab5b4b9f91e87e4a2453edcdd775962e8a16601ec1fc47e328f,True
MZ_Hydro,R02,114,SZ,explicit_no_change,no_change,accepted,30,30,5ab636fafad30cc1e5c963e36d6d9272e8ea146c9a964f39d3afabda68e42f25,5ab636fafad30cc1e5c963e36d6d9272e8ea146c9a964f39d3afabda68e42f25,True
MZ_Hydro,R02,115,NZ,explicit_no_change,no_change,accepted,35,35,7dfdf2752691bab5b4b9f91e87e4a2453edcdd775962e8a16601ec1fc47e328f,7dfdf2752691bab5b4b9f91e87e4a2453edcdd775962e8a16601ec1fc47e328f,True
MZ_Hydro,R02,115,SZ,explicit_no_change,no_change,accepted,30,30,5ab636fafad30cc1e5c963e36d6d9272e8ea146c9a964f39d3afabda68e42f25,5ab636fafad30cc1e5c963e36d6d9272e8ea146c9a964f39d3afabda68e42f25,True
MZ_Hydro,R02,116,NZ,replace_rule,replace_rule,accepted,35,36,7dfdf2752691bab5b4b9f91e87e4a2453edcdd775962e8a16601ec1fc47e328f,1af99cb922c53c41f8dc3246a8ef031bc71294f501d023eb7cf7e96cfcad937b,True
MZ_Hydro,R02,116,SZ,replace_rule,replace_rule,accepted,30,31,5ab636fafad30cc1e5c963e36d6d9272e8ea146c9a964f39d3afabda68e42f25,7238e7b28c3cfa41eaba3f5cc2d1ee3315716071e8e5cb2318ddd7f34fc79df3,True
MZ_Hydro,R02,117,NZ,explicit_no_change,no_change,accepted,36,36,1af99cb922c53c41f8dc3246a8ef031bc71294f501d023eb7cf7e96cfcad937b,1af99cb922c53c41f8dc3246a8ef031bc71294f501d023eb7cf7e96cfcad937b,True
MZ_Hydro,R02,117,SZ,explicit_no_change,no_change,accepted,31,31,7238e7b28c3cfa41eaba3f5cc2d1ee3315716071e8e5cb2318ddd7f34fc79df3,7238e7b28c3cfa41eaba3f5cc2d1ee3315716071e8e5cb2318ddd7f34fc79df3,True
MZ_Hydro,R02,118,NZ,explicit_no_change,no_change,accepted,36,36,1af99cb922c53c41f8dc3246a8ef031bc71294f501d023eb7cf7e96cfcad937b,1af99cb922c53c41f8dc3246a8ef031bc71294f501d023eb7cf7e96cfcad937b,True
MZ_Hydro,R02,118,SZ,explicit_no_change,no_change,accepted,31,31,7238e7b28c3cfa41eaba3f5cc2d1ee3315716071e8e5cb2318ddd7f34fc79df3,7238e7b28c3cfa41eaba3f5cc2d1ee3315716071e8e5cb2318ddd7f34fc79df3,True
MZ_Hydro,R02,119,SZ,explicit_no_change,no_change,accepted,31,31,7238e7b28c3cfa41eaba3f5cc2d1ee3315716071e8e5cb2318ddd7f34fc79df3,7238e7b28c3cfa41eaba3f5cc2d1ee3315716071e8e5cb2318ddd7f34fc79df3,True
MZ_Hydro,R02,119,NZ,explicit_no_change,no_change,accepted,36,36,1af99cb922c53c41f8dc3246a8ef031bc71294f501d023eb7cf7e96cfcad937b,1af99cb922c53c41f8dc3246a8ef031bc71294f501d023eb7cf7e96cfcad937b,True
MZ_Hydro,R02,120,NZ,explicit_no_change,no_change,accepted,36,36,1af99cb922c53c41f8dc3246a8ef031bc71294f501d023eb7cf7e96cfcad937b,1af99cb922c53c41f8dc3246a8ef031bc71294f501d023eb7cf7e96cfcad937b,True
MZ_Hydro,R02,120,SZ,explicit_no_change,no_change,accepted,31,31,7238e7b28c3cfa41eaba3f5cc2d1ee3315716071e8e5cb2318ddd7f34fc79df3,7238e7b28c3cfa41eaba3f5cc2d1ee3315716071e8e5cb2318ddd7f34fc79df3,True
MZ_Hydro,R03,1,SZ,explicit_no_change,no_change,accepted,0,0,148991b618bd78876809d302dfbcf3b2564abb5dd76b40327e4181f49b773ba8,148991b618bd78876809d302dfbcf3b2564abb5dd76b40327e4181f49b773ba8,True
MZ_Hydro,R03,1,NZ,explicit_no_change,no_change,accepted,0,0,148991b618bd78876809d302dfbcf3b2564abb5dd76b40327e4181f49b773ba8,148991b618bd78876809d302dfbcf3b2564abb5dd76b40327e4181f49b773ba8,True
MZ_Hydro,R03,2,NZ,deterministic_rejection,replace_rule,rejected,0,0,148991b618bd78876809d302dfbcf3b2564abb5dd76b40327e4181f49b773ba8,148991b618bd78876809d302dfbcf3b2564abb5dd76b40327e4181f49b773ba8,True
MZ_Hydro,R03,2,SZ,explicit_no_change,no_change,accepted,0,0,148991b618bd78876809d302dfbcf3b2564abb5dd76b40327e4181f49b773ba8,148991b618bd78876809d302dfbcf3b2564abb5dd76b40327e4181f49b773ba8,True
MZ_Hydro,R03,3,NZ,explicit_no_change,no_change,accepted,0,0,148991b618bd78876809d302dfbcf3b2564abb5dd76b40327e4181f49b773ba8,148991b618bd78876809d302dfbcf3b2564abb5dd76b40327e4181f49b773ba8,True
MZ_Hydro,R03,3,SZ,explicit_no_change,no_change,accepted,0,0,148991b618bd78876809d302dfbcf3b2564abb5dd76b40327e4181f49b773ba8,148991b618bd78876809d302dfbcf3b2564abb5dd76b40327e4181f49b773ba8,True
MZ_Hydro,R03,4,NZ,explicit_no_change,no_change,accepted,0,0,148991b618bd78876809d302dfbcf3b2564abb5dd76b40327e4181f49b773ba8,148991b618bd78876809d302dfbcf3b2564abb5dd76b40327e4181f49b773ba8,True
MZ_Hydro,R03,4,SZ,explicit_no_change,no_change,accepted,0,0,148991b618bd78876809d302dfbcf3b2564abb5dd76b40327e4181f49b773ba8,148991b618bd78876809d302dfbcf3b2564abb5dd76b40327e4181f49b773ba8,True
MZ_Hydro,R03,5,NZ,explicit_no_change,no_change,accepted,0,0,148991b618bd78876809d302dfbcf3b2564abb5dd76b40327e4181f49b773ba8,148991b618bd78876809d302dfbcf3b2564abb5dd76b40327e4181f49b773ba8,True
MZ_Hydro,R03,5,SZ,explicit_no_change,no_change,accepted,0,0,148991b618bd78876809d302dfbcf3b2564abb5dd76b40327e4181f49b773ba8,148991b618bd78876809d302dfbcf3b2564abb5dd76b40327e4181f49b773ba8,True
MZ_Hydro,R03,6,NZ,explicit_no_change,no_change,accepted,0,0,148991b618bd78876809d302dfbcf3b2564abb5dd76b40327e4181f49b773ba8,148991b618bd78876809d302dfbcf3b2564abb5dd76b40327e4181f49b773ba8,True
MZ_Hydro,R03,6,SZ,explicit_no_change,no_change,accepted,0,0,148991b618bd78876809d302dfbcf3b2564abb5dd76b40327e4181f49b773ba8,148991b618bd78876809d302dfbcf3b2564abb5dd76b40327e4181f49b773ba8,True
MZ_Hydro,R03,7,NZ,explicit_no_change,no_change,accepted,0,0,148991b618bd78876809d302dfbcf3b2564abb5dd76b40327e4181f49b773ba8,148991b618bd78876809d302dfbcf3b2564abb5dd76b40327e4181f49b773ba8,True
MZ_Hydro,R03,7,SZ,explicit_no_change,no_change,accepted,0,0,148991b618bd78876809d302dfbcf3b2564abb5dd76b40327e4181f49b773ba8,148991b618bd78876809d302dfbcf3b2564abb5dd76b40327e4181f49b773ba8,True
MZ_Hydro,R03,8,NZ,deterministic_rejection,set_param,rejected,0,0,148991b618bd78876809d302dfbcf3b2564abb5dd76b40327e4181f49b773ba8,148991b618bd78876809d302dfbcf3b2564abb5dd76b40327e4181f49b773ba8,True
MZ_Hydro,R03,8,SZ,explicit_no_change,no_change,accepted,0,0,148991b618bd78876809d302dfbcf3b2564abb5dd76b40327e4181f49b773ba8,148991b618bd78876809d302dfbcf3b2564abb5dd76b40327e4181f49b773ba8,True
MZ_Hydro,R03,9,NZ,set_param,set_param,accepted,0,1,148991b618bd78876809d302dfbcf3b2564abb5dd76b40327e4181f49b773ba8,1709a3faa0cb135326b11050cb467e499ca96b8fd5974cdfe5da5816d7f00b75,True
MZ_Hydro,R03,9,SZ,explicit_no_change,no_change,accepted,0,0,148991b618bd78876809d302dfbcf3b2564abb5dd76b40327e4181f49b773ba8,148991b618bd78876809d302dfbcf3b2564abb5dd76b40327e4181f49b773ba8,True
MZ_Hydro,R03,10,NZ,set_param,set_param,accepted,1,2,1709a3faa0cb135326b11050cb467e499ca96b8fd5974cdfe5da5816d7f00b75,148991b618bd78876809d302dfbcf3b2564abb5dd76b40327e4181f49b773ba8,True
MZ_Hydro,R03,10,SZ,set_param,set_param,accepted,0,1,148991b618bd78876809d302dfbcf3b2564abb5dd76b40327e4181f49b773ba8,903b9f3d5093e6681223a04b9d01e66582d668cd92229d8fb3ccc6cf5ec9129c,True
MZ_Hydro,R03,11,NZ,deterministic_rejection,set_param,rejected,2,2,148991b618bd78876809d302dfbcf3b2564abb5dd76b40327e4181f49b773ba8,148991b618bd78876809d302dfbcf3b2564abb5dd76b40327e4181f49b773ba8,True
MZ_Hydro,R03,11,SZ,deterministic_rejection,set_param,rejected,1,1,903b9f3d5093e6681223a04b9d01e66582d668cd92229d8fb3ccc6cf5ec9129c,903b9f3d5093e6681223a04b9d01e66582d668cd92229d8fb3ccc6cf5ec9129c,True
MZ_Hydro,R03,12,NZ,remove_rule,remove_rule,accepted,2,3,148991b618bd78876809d302dfbcf3b2564abb5dd76b40327e4181f49b773ba8,80f9ce6a7ea94900b68ce6c748076d357baaab12326c203667d03563947ff28f,True
MZ_Hydro,R03,12,SZ,set_param,set_param,accepted,1,2,903b9f3d5093e6681223a04b9d01e66582d668cd92229d8fb3ccc6cf5ec9129c,c95cede6b37a6285e628071aad8dbd6649f6eb15fce2551560142961fbee83e3,True
MZ_Hydro,R03,13,SZ,deterministic_rejection,add_rule,rejected,2,2,c95cede6b37a6285e628071aad8dbd6649f6eb15fce2551560142961fbee83e3,c95cede6b37a6285e628071aad8dbd6649f6eb15fce2551560142961fbee83e3,True
MZ_Hydro,R03,13,NZ,set_param,set_param,accepted,3,4,80f9ce6a7ea94900b68ce6c748076d357baaab12326c203667d03563947ff28f,74f98776f8d37583efbaa1a680072026fa2392a4506f5f697ac6b8ea4bced516,True
MZ_Hydro,R03,14,SZ,explicit_no_change,no_change,accepted,2,2,c95cede6b37a6285e628071aad8dbd6649f6eb15fce2551560142961fbee83e3,c95cede6b37a6285e628071aad8dbd6649f6eb15fce2551560142961fbee83e3,True
MZ_Hydro,R03,14,NZ,deterministic_rejection,add_rule,rejected,4,4,74f98776f8d37583efbaa1a680072026fa2392a4506f5f697ac6b8ea4bced516,74f98776f8d37583efbaa1a680072026fa2392a4506f5f697ac6b8ea4bced516,True
MZ_Hydro,R03,15,SZ,deterministic_rejection,replace_rule,rejected,2,2,c95cede6b37a6285e628071aad8dbd6649f6eb15fce2551560142961fbee83e3,c95cede6b37a6285e628071aad8dbd6649f6eb15fce2551560142961fbee83e3,True
MZ_Hydro,R03,15,NZ,add_rule,add_rule,accepted,4,5,74f98776f8d37583efbaa1a680072026fa2392a4506f5f697ac6b8ea4bced516,5f1402598c85ecadbaff523ee4f55d054c7686b840d9cb853524d7cb24699090,True
MZ_Hydro,R03,16,SZ,deterministic_rejection,replace_rule,rejected,2,2,c95cede6b37a6285e628071aad8dbd6649f6eb15fce2551560142961fbee83e3,c95cede6b37a6285e628071aad8dbd6649f6eb15fce2551560142961fbee83e3,True
MZ_Hydro,R03,16,NZ,set_param,set_param,accepted,5,6,5f1402598c85ecadbaff523ee4f55d054c7686b840d9cb853524d7cb24699090,cb918cbf16f2c09f58f9363a398553fd0acf0af56e00a8c409e520a394118484,True
MZ_Hydro,R03,17,NZ,deterministic_rejection,replace_rule,rejected,6,6,cb918cbf16f2c09f58f9363a398553fd0acf0af56e00a8c409e520a394118484,cb918cbf16f2c09f58f9363a398553fd0acf0af56e00a8c409e520a394118484,True
MZ_Hydro,R03,17,SZ,deterministic_rejection,replace_rule,rejected,2,2,c95cede6b37a6285e628071aad8dbd6649f6eb15fce2551560142961fbee83e3,c95cede6b37a6285e628071aad8dbd6649f6eb15fce2551560142961fbee83e3,True
MZ_Hydro,R03,18,NZ,deterministic_rejection,replace_rule,rejected,6,6,cb918cbf16f2c09f58f9363a398553fd0acf0af56e00a8c409e520a394118484,cb918cbf16f2c09f58f9363a398553fd0acf0af56e00a8c409e520a394118484,True
MZ_Hydro,R03,18,SZ,schema_fallback,no_change,model_output_rejected,2,2,c95cede6b37a6285e628071aad8dbd6649f6eb15fce2551560142961fbee83e3,c95cede6b37a6285e628071aad8dbd6649f6eb15fce2551560142961fbee83e3,True
MZ_Hydro,R03,19,NZ,explicit_no_change,no_change,accepted,6,6,cb918cbf16f2c09f58f9363a398553fd0acf0af56e00a8c409e520a394118484,cb918cbf16f2c09f58f9363a398553fd0acf0af56e00a8c409e520a394118484,True
MZ_Hydro,R03,19,SZ,deterministic_rejection,add_rule,rejected,2,2,c95cede6b37a6285e628071aad8dbd6649f6eb15fce2551560142961fbee83e3,c95cede6b37a6285e628071aad8dbd6649f6eb15fce2551560142961fbee83e3,True
MZ_Hydro,R03,20,NZ,replace_rule,replace_rule,accepted,6,7,cb918cbf16f2c09f58f9363a398553fd0acf0af56e00a8c409e520a394118484,28f2a014c1ce967d3f022e855b6c684ad94ca5b53b4fc6173cba848ae26a12d4,True
MZ_Hydro,R03,20,SZ,deterministic_rejection,replace_rule,rejected,2,2,c95cede6b37a6285e628071aad8dbd6649f6eb15fce2551560142961fbee83e3,c95cede6b37a6285e628071aad8dbd6649f6eb15fce2551560142961fbee83e3,True
MZ_Hydro,R03,21,SZ,explicit_no_change,no_change,accepted,2,2,c95cede6b37a6285e628071aad8dbd6649f6eb15fce2551560142961fbee83e3,c95cede6b37a6285e628071aad8dbd6649f6eb15fce2551560142961fbee83e3,True
MZ_Hydro,R03,21,NZ,explicit_no_change,no_change,accepted,7,7,28f2a014c1ce967d3f022e855b6c684ad94ca5b53b4fc6173cba848ae26a12d4,28f2a014c1ce967d3f022e855b6c684ad94ca5b53b4fc6173cba848ae26a12d4,True
MZ_Hydro,R03,22,NZ,explicit_no_change,no_change,accepted,7,7,28f2a014c1ce967d3f022e855b6c684ad94ca5b53b4fc6173cba848ae26a12d4,28f2a014c1ce967d3f022e855b6c684ad94ca5b53b4fc6173cba848ae26a12d4,True
MZ_Hydro,R03,22,SZ,explicit_no_change,no_change,accepted,2,2,c95cede6b37a6285e628071aad8dbd6649f6eb15fce2551560142961fbee83e3,c95cede6b37a6285e628071aad8dbd6649f6eb15fce2551560142961fbee83e3,True
MZ_Hydro,R03,23,NZ,explicit_no_change,no_change,accepted,7,7,28f2a014c1ce967d3f022e855b6c684ad94ca5b53b4fc6173cba848ae26a12d4,28f2a014c1ce967d3f022e855b6c684ad94ca5b53b4fc6173cba848ae26a12d4,True
MZ_Hydro,R03,23,SZ,explicit_no_change,no_change,accepted,2,2,c95cede6b37a6285e628071aad8dbd6649f6eb15fce2551560142961fbee83e3,c95cede6b37a6285e628071aad8dbd6649f6eb15fce2551560142961fbee83e3,True
MZ_Hydro,R03,24,NZ,explicit_no_change,no_change,accepted,7,7,28f2a014c1ce967d3f022e855b6c684ad94ca5b53b4fc6173cba848ae26a12d4,28f2a014c1ce967d3f022e855b6c684ad94ca5b53b4fc6173cba848ae26a12d4,True
MZ_Hydro,R03,24,SZ,explicit_no_change,no_change,accepted,2,2,c95cede6b37a6285e628071aad8dbd6649f6eb15fce2551560142961fbee83e3,c95cede6b37a6285e628071aad8dbd6649f6eb15fce2551560142961fbee83e3,True
MZ_Hydro,R03,25,NZ,explicit_no_change,no_change,accepted,7,7,28f2a014c1ce967d3f022e855b6c684ad94ca5b53b4fc6173cba848ae26a12d4,28f2a014c1ce967d3f022e855b6c684ad94ca5b53b4fc6173cba848ae26a12d4,True
MZ_Hydro,R03,25,SZ,explicit_no_change,no_change,accepted,2,2,c95cede6b37a6285e628071aad8dbd6649f6eb15fce2551560142961fbee83e3,c95cede6b37a6285e628071aad8dbd6649f6eb15fce2551560142961fbee83e3,True
MZ_Hydro,R03,26,NZ,explicit_no_change,no_change,accepted,7,7,28f2a014c1ce967d3f022e855b6c684ad94ca5b53b4fc6173cba848ae26a12d4,28f2a014c1ce967d3f022e855b6c684ad94ca5b53b4fc6173cba848ae26a12d4,True
MZ_Hydro,R03,26,SZ,explicit_no_change,no_change,accepted,2,2,c95cede6b37a6285e628071aad8dbd6649f6eb15fce2551560142961fbee83e3,c95cede6b37a6285e628071aad8dbd6649f6eb15fce2551560142961fbee83e3,True
MZ_Hydro,R03,27,NZ,explicit_no_change,no_change,accepted,7,7,28f2a014c1ce967d3f022e855b6c684ad94ca5b53b4fc6173cba848ae26a12d4,28f2a014c1ce967d3f022e855b6c684ad94ca5b53b4fc6173cba848ae26a12d4,True
MZ_Hydro,R03,27,SZ,explicit_no_change,no_change,accepted,2,2,c95cede6b37a6285e628071aad8dbd6649f6eb15fce2551560142961fbee83e3,c95cede6b37a6285e628071aad8dbd6649f6eb15fce2551560142961fbee83e3,True
MZ_Hydro,R03,28,SZ,explicit_no_change,no_change,accepted,2,2,c95cede6b37a6285e628071aad8dbd6649f6eb15fce2551560142961fbee83e3,c95cede6b37a6285e628071aad8dbd6649f6eb15fce2551560142961fbee83e3,True
MZ_Hydro,R03,28,NZ,explicit_no_change,no_change,accepted,7,7,28f2a014c1ce967d3f022e855b6c684ad94ca5b53b4fc6173cba848ae26a12d4,28f2a014c1ce967d3f022e855b6c684ad94ca5b53b4fc6173cba848ae26a12d4,True
MZ_Hydro,R03,29,NZ,explicit_no_change,no_change,accepted,7,7,28f2a014c1ce967d3f022e855b6c684ad94ca5b53b4fc6173cba848ae26a12d4,28f2a014c1ce967d3f022e855b6c684ad94ca5b53b4fc6173cba848ae26a12d4,True
MZ_Hydro,R03,29,SZ,explicit_no_change,no_change,accepted,2,2,c95cede6b37a6285e628071aad8dbd6649f6eb15fce2551560142961fbee83e3,c95cede6b37a6285e628071aad8dbd6649f6eb15fce2551560142961fbee83e3,True
MZ_Hydro,R03,30,SZ,explicit_no_change,no_change,accepted,2,2,c95cede6b37a6285e628071aad8dbd6649f6eb15fce2551560142961fbee83e3,c95cede6b37a6285e628071aad8dbd6649f6eb15fce2551560142961fbee83e3,True
MZ_Hydro,R03,30,NZ,explicit_no_change,no_change,accepted,7,7,28f2a014c1ce967d3f022e855b6c684ad94ca5b53b4fc6173cba848ae26a12d4,28f2a014c1ce967d3f022e855b6c684ad94ca5b53b4fc6173cba848ae26a12d4,True
MZ_Hydro,R03,31,NZ,explicit_no_change,no_change,accepted,7,7,28f2a014c1ce967d3f022e855b6c684ad94ca5b53b4fc6173cba848ae26a12d4,28f2a014c1ce967d3f022e855b6c684ad94ca5b53b4fc6173cba848ae26a12d4,True
MZ_Hydro,R03,31,SZ,explicit_no_change,no_change,accepted,2,2,c95cede6b37a6285e628071aad8dbd6649f6eb15fce2551560142961fbee83e3,c95cede6b37a6285e628071aad8dbd6649f6eb15fce2551560142961fbee83e3,True
MZ_Hydro,R03,32,NZ,explicit_no_change,no_change,accepted,7,7,28f2a014c1ce967d3f022e855b6c684ad94ca5b53b4fc6173cba848ae26a12d4,28f2a014c1ce967d3f022e855b6c684ad94ca5b53b4fc6173cba848ae26a12d4,True
MZ_Hydro,R03,32,SZ,explicit_no_change,no_change,accepted,2,2,c95cede6b37a6285e628071aad8dbd6649f6eb15fce2551560142961fbee83e3,c95cede6b37a6285e628071aad8dbd6649f6eb15fce2551560142961fbee83e3,True
MZ_Hydro,R03,33,SZ,explicit_no_change,no_change,accepted,2,2,c95cede6b37a6285e628071aad8dbd6649f6eb15fce2551560142961fbee83e3,c95cede6b37a6285e628071aad8dbd6649f6eb15fce2551560142961fbee83e3,True
MZ_Hydro,R03,33,NZ,explicit_no_change,no_change,accepted,7,7,28f2a014c1ce967d3f022e855b6c684ad94ca5b53b4fc6173cba848ae26a12d4,28f2a014c1ce967d3f022e855b6c684ad94ca5b53b4fc6173cba848ae26a12d4,True
MZ_Hydro,R03,34,SZ,set_param,set_param,accepted,2,3,c95cede6b37a6285e628071aad8dbd6649f6eb15fce2551560142961fbee83e3,1709a3faa0cb135326b11050cb467e499ca96b8fd5974cdfe5da5816d7f00b75,True
MZ_Hydro,R03,34,NZ,replace_rule,replace_rule,accepted,7,8,28f2a014c1ce967d3f022e855b6c684ad94ca5b53b4fc6173cba848ae26a12d4,85324ba8036ff1916b4744b7a1e1fefd394fbb1ae5f7a6566e01b94fbfb89da4,True
MZ_Hydro,R03,35,NZ,replace_rule,replace_rule,accepted,8,9,85324ba8036ff1916b4744b7a1e1fefd394fbb1ae5f7a6566e01b94fbfb89da4,28f2a014c1ce967d3f022e855b6c684ad94ca5b53b4fc6173cba848ae26a12d4,True
MZ_Hydro,R03,35,SZ,explicit_no_change,no_change,accepted,3,3,1709a3faa0cb135326b11050cb467e499ca96b8fd5974cdfe5da5816d7f00b75,1709a3faa0cb135326b11050cb467e499ca96b8fd5974cdfe5da5816d7f00b75,True
MZ_Hydro,R03,36,NZ,explicit_no_change,no_change,accepted,9,9,28f2a014c1ce967d3f022e855b6c684ad94ca5b53b4fc6173cba848ae26a12d4,28f2a014c1ce967d3f022e855b6c684ad94ca5b53b4fc6173cba848ae26a12d4,True
MZ_Hydro,R03,36,SZ,set_param,set_param,accepted,3,4,1709a3faa0cb135326b11050cb467e499ca96b8fd5974cdfe5da5816d7f00b75,c95cede6b37a6285e628071aad8dbd6649f6eb15fce2551560142961fbee83e3,True
MZ_Hydro,R03,37,NZ,deterministic_rejection,add_rule,rejected,9,9,28f2a014c1ce967d3f022e855b6c684ad94ca5b53b4fc6173cba848ae26a12d4,28f2a014c1ce967d3f022e855b6c684ad94ca5b53b4fc6173cba848ae26a12d4,True
MZ_Hydro,R03,37,SZ,explicit_no_change,no_change,accepted,4,4,c95cede6b37a6285e628071aad8dbd6649f6eb15fce2551560142961fbee83e3,c95cede6b37a6285e628071aad8dbd6649f6eb15fce2551560142961fbee83e3,True
MZ_Hydro,R03,38,NZ,replace_rule,replace_rule,accepted,9,10,28f2a014c1ce967d3f022e855b6c684ad94ca5b53b4fc6173cba848ae26a12d4,b4980e6cca14a755e22f96843e126654b56b1ad304493b07f312599d17280c4a,True
MZ_Hydro,R03,38,SZ,deterministic_rejection,replace_rule,rejected,4,4,c95cede6b37a6285e628071aad8dbd6649f6eb15fce2551560142961fbee83e3,c95cede6b37a6285e628071aad8dbd6649f6eb15fce2551560142961fbee83e3,True
MZ_Hydro,R03,39,NZ,deterministic_rejection,replace_rule,rejected,10,10,b4980e6cca14a755e22f96843e126654b56b1ad304493b07f312599d17280c4a,b4980e6cca14a755e22f96843e126654b56b1ad304493b07f312599d17280c4a,True
MZ_Hydro,R03,39,SZ,schema_fallback,no_change,model_output_rejected,4,4,c95cede6b37a6285e628071aad8dbd6649f6eb15fce2551560142961fbee83e3,c95cede6b37a6285e628071aad8dbd6649f6eb15fce2551560142961fbee83e3,True
MZ_Hydro,R03,40,NZ,move_rule,move_rule,accepted,10,11,b4980e6cca14a755e22f96843e126654b56b1ad304493b07f312599d17280c4a,6436dfc7e933e0f35405e0b30460ca73fcd6f5bc2c9c16770753e8d9b22f4f7f,True
MZ_Hydro,R03,40,SZ,explicit_no_change,no_change,accepted,4,4,c95cede6b37a6285e628071aad8dbd6649f6eb15fce2551560142961fbee83e3,c95cede6b37a6285e628071aad8dbd6649f6eb15fce2551560142961fbee83e3,True
MZ_Hydro,R03,41,NZ,deterministic_rejection,replace_rule,rejected,11,11,6436dfc7e933e0f35405e0b30460ca73fcd6f5bc2c9c16770753e8d9b22f4f7f,6436dfc7e933e0f35405e0b30460ca73fcd6f5bc2c9c16770753e8d9b22f4f7f,True
MZ_Hydro,R03,41,SZ,deterministic_rejection,replace_rule,rejected,4,4,c95cede6b37a6285e628071aad8dbd6649f6eb15fce2551560142961fbee83e3,c95cede6b37a6285e628071aad8dbd6649f6eb15fce2551560142961fbee83e3,True
MZ_Hydro,R03,42,NZ,schema_fallback,no_change,model_output_rejected,11,11,6436dfc7e933e0f35405e0b30460ca73fcd6f5bc2c9c16770753e8d9b22f4f7f,6436dfc7e933e0f35405e0b30460ca73fcd6f5bc2c9c16770753e8d9b22f4f7f,True
MZ_Hydro,R03,42,SZ,schema_fallback,no_change,model_output_rejected,4,4,c95cede6b37a6285e628071aad8dbd6649f6eb15fce2551560142961fbee83e3,c95cede6b37a6285e628071aad8dbd6649f6eb15fce2551560142961fbee83e3,True
MZ_Hydro,R03,43,NZ,add_rule,add_rule,accepted,11,12,6436dfc7e933e0f35405e0b30460ca73fcd6f5bc2c9c16770753e8d9b22f4f7f,327d0cbdf34fb82c963d60b3422a2ff7805cbca49c307d52658172c078afed16,True
MZ_Hydro,R03,43,SZ,explicit_no_change,no_change,accepted,4,4,c95cede6b37a6285e628071aad8dbd6649f6eb15fce2551560142961fbee83e3,c95cede6b37a6285e628071aad8dbd6649f6eb15fce2551560142961fbee83e3,True
MZ_Hydro,R03,44,NZ,deterministic_rejection,add_rule,rejected,12,12,327d0cbdf34fb82c963d60b3422a2ff7805cbca49c307d52658172c078afed16,327d0cbdf34fb82c963d60b3422a2ff7805cbca49c307d52658172c078afed16,True
MZ_Hydro,R03,44,SZ,replace_rule,replace_rule,accepted,4,5,c95cede6b37a6285e628071aad8dbd6649f6eb15fce2551560142961fbee83e3,96dc6cad6a85b535fd09866f62a74441854034c17a0b545b9bf0feba0b0b4c90,True
MZ_Hydro,R03,45,NZ,explicit_no_change,no_change,accepted,12,12,327d0cbdf34fb82c963d60b3422a2ff7805cbca49c307d52658172c078afed16,327d0cbdf34fb82c963d60b3422a2ff7805cbca49c307d52658172c078afed16,True
MZ_Hydro,R03,45,SZ,explicit_no_change,no_change,accepted,5,5,96dc6cad6a85b535fd09866f62a74441854034c17a0b545b9bf0feba0b0b4c90,96dc6cad6a85b535fd09866f62a74441854034c17a0b545b9bf0feba0b0b4c90,True
MZ_Hydro,R03,46,NZ,explicit_no_change,no_change,accepted,12,12,327d0cbdf34fb82c963d60b3422a2ff7805cbca49c307d52658172c078afed16,327d0cbdf34fb82c963d60b3422a2ff7805cbca49c307d52658172c078afed16,True
MZ_Hydro,R03,46,SZ,explicit_no_change,no_change,accepted,5,5,96dc6cad6a85b535fd09866f62a74441854034c17a0b545b9bf0feba0b0b4c90,96dc6cad6a85b535fd09866f62a74441854034c17a0b545b9bf0feba0b0b4c90,True
MZ_Hydro,R03,47,NZ,explicit_no_change,no_change,accepted,12,12,327d0cbdf34fb82c963d60b3422a2ff7805cbca49c307d52658172c078afed16,327d0cbdf34fb82c963d60b3422a2ff7805cbca49c307d52658172c078afed16,True
MZ_Hydro,R03,47,SZ,explicit_no_change,no_change,accepted,5,5,96dc6cad6a85b535fd09866f62a74441854034c17a0b545b9bf0feba0b0b4c90,96dc6cad6a85b535fd09866f62a74441854034c17a0b545b9bf0feba0b0b4c90,True
MZ_Hydro,R03,48,NZ,explicit_no_change,no_change,accepted,12,12,327d0cbdf34fb82c963d60b3422a2ff7805cbca49c307d52658172c078afed16,327d0cbdf34fb82c963d60b3422a2ff7805cbca49c307d52658172c078afed16,True
MZ_Hydro,R03,48,SZ,explicit_no_change,no_change,accepted,5,5,96dc6cad6a85b535fd09866f62a74441854034c17a0b545b9bf0feba0b0b4c90,96dc6cad6a85b535fd09866f62a74441854034c17a0b545b9bf0feba0b0b4c90,True
MZ_Hydro,R03,49,SZ,explicit_no_change,no_change,accepted,5,5,96dc6cad6a85b535fd09866f62a74441854034c17a0b545b9bf0feba0b0b4c90,96dc6cad6a85b535fd09866f62a74441854034c17a0b545b9bf0feba0b0b4c90,True
MZ_Hydro,R03,49,NZ,explicit_no_change,no_change,accepted,12,12,327d0cbdf34fb82c963d60b3422a2ff7805cbca49c307d52658172c078afed16,327d0cbdf34fb82c963d60b3422a2ff7805cbca49c307d52658172c078afed16,True
MZ_Hydro,R03,50,SZ,explicit_no_change,no_change,accepted,5,5,96dc6cad6a85b535fd09866f62a74441854034c17a0b545b9bf0feba0b0b4c90,96dc6cad6a85b535fd09866f62a74441854034c17a0b545b9bf0feba0b0b4c90,True
MZ_Hydro,R03,50,NZ,explicit_no_change,no_change,accepted,12,12,327d0cbdf34fb82c963d60b3422a2ff7805cbca49c307d52658172c078afed16,327d0cbdf34fb82c963d60b3422a2ff7805cbca49c307d52658172c078afed16,True
MZ_Hydro,R03,51,SZ,explicit_no_change,no_change,accepted,5,5,96dc6cad6a85b535fd09866f62a74441854034c17a0b545b9bf0feba0b0b4c90,96dc6cad6a85b535fd09866f62a74441854034c17a0b545b9bf0feba0b0b4c90,True
MZ_Hydro,R03,51,NZ,explicit_no_change,no_change,accepted,12,12,327d0cbdf34fb82c963d60b3422a2ff7805cbca49c307d52658172c078afed16,327d0cbdf34fb82c963d60b3422a2ff7805cbca49c307d52658172c078afed16,True
MZ_Hydro,R03,52,NZ,explicit_no_change,no_change,accepted,12,12,327d0cbdf34fb82c963d60b3422a2ff7805cbca49c307d52658172c078afed16,327d0cbdf34fb82c963d60b3422a2ff7805cbca49c307d52658172c078afed16,True
MZ_Hydro,R03,52,SZ,explicit_no_change,no_change,accepted,5,5,96dc6cad6a85b535fd09866f62a74441854034c17a0b545b9bf0feba0b0b4c90,96dc6cad6a85b535fd09866f62a74441854034c17a0b545b9bf0feba0b0b4c90,True
MZ_Hydro,R03,53,NZ,explicit_no_change,no_change,accepted,12,12,327d0cbdf34fb82c963d60b3422a2ff7805cbca49c307d52658172c078afed16,327d0cbdf34fb82c963d60b3422a2ff7805cbca49c307d52658172c078afed16,True
MZ_Hydro,R03,53,SZ,explicit_no_change,no_change,accepted,5,5,96dc6cad6a85b535fd09866f62a74441854034c17a0b545b9bf0feba0b0b4c90,96dc6cad6a85b535fd09866f62a74441854034c17a0b545b9bf0feba0b0b4c90,True
MZ_Hydro,R03,54,SZ,explicit_no_change,no_change,accepted,5,5,96dc6cad6a85b535fd09866f62a74441854034c17a0b545b9bf0feba0b0b4c90,96dc6cad6a85b535fd09866f62a74441854034c17a0b545b9bf0feba0b0b4c90,True
MZ_Hydro,R03,54,NZ,explicit_no_change,no_change,accepted,12,12,327d0cbdf34fb82c963d60b3422a2ff7805cbca49c307d52658172c078afed16,327d0cbdf34fb82c963d60b3422a2ff7805cbca49c307d52658172c078afed16,True
MZ_Hydro,R03,55,NZ,replace_rule,replace_rule,accepted,12,13,327d0cbdf34fb82c963d60b3422a2ff7805cbca49c307d52658172c078afed16,66c73a24dd804102168ea1a29c7546efe711099622b532fc811b758663550dcb,True
MZ_Hydro,R03,55,SZ,explicit_no_change,no_change,accepted,5,5,96dc6cad6a85b535fd09866f62a74441854034c17a0b545b9bf0feba0b0b4c90,96dc6cad6a85b535fd09866f62a74441854034c17a0b545b9bf0feba0b0b4c90,True
MZ_Hydro,R03,56,NZ,deterministic_rejection,add_rule,rejected,13,13,66c73a24dd804102168ea1a29c7546efe711099622b532fc811b758663550dcb,66c73a24dd804102168ea1a29c7546efe711099622b532fc811b758663550dcb,True
MZ_Hydro,R03,56,SZ,replace_rule,replace_rule,accepted,5,6,96dc6cad6a85b535fd09866f62a74441854034c17a0b545b9bf0feba0b0b4c90,2d0016f9e2b7e7a7065ef9c5a6047d5896ce6cc0a26de7e8cfd627398a7d57ff,True
MZ_Hydro,R03,57,SZ,deterministic_rejection,set_param,rejected,6,6,2d0016f9e2b7e7a7065ef9c5a6047d5896ce6cc0a26de7e8cfd627398a7d57ff,2d0016f9e2b7e7a7065ef9c5a6047d5896ce6cc0a26de7e8cfd627398a7d57ff,True
MZ_Hydro,R03,57,NZ,replace_rule,replace_rule,accepted,13,14,66c73a24dd804102168ea1a29c7546efe711099622b532fc811b758663550dcb,b84a00f8961358d4641e5583a2839dc28b3d84f467bb4bbc54e23c4ce4fc4286,True
MZ_Hydro,R03,58,NZ,replace_rule,replace_rule,accepted,14,15,b84a00f8961358d4641e5583a2839dc28b3d84f467bb4bbc54e23c4ce4fc4286,658d445bd608f354d5c59b093ac885d4dd9cff6b99e011f651cd395a6e804554,True
MZ_Hydro,R03,58,SZ,set_param,set_param,accepted,6,7,2d0016f9e2b7e7a7065ef9c5a6047d5896ce6cc0a26de7e8cfd627398a7d57ff,cca5a617dd2ae1bca9def8546ecc09b4e07ab7fec9d1118e7cbedb557e2b88ae,True
MZ_Hydro,R03,59,NZ,replace_rule,replace_rule,accepted,15,16,658d445bd608f354d5c59b093ac885d4dd9cff6b99e011f651cd395a6e804554,32c574834aba6589f1883e9bb67bb6b6a51ed1445164576d981c6782bd6a2196,True
MZ_Hydro,R03,59,SZ,explicit_no_change,no_change,accepted,7,7,cca5a617dd2ae1bca9def8546ecc09b4e07ab7fec9d1118e7cbedb557e2b88ae,cca5a617dd2ae1bca9def8546ecc09b4e07ab7fec9d1118e7cbedb557e2b88ae,True
MZ_Hydro,R03,60,SZ,deterministic_rejection,set_param,rejected,7,7,cca5a617dd2ae1bca9def8546ecc09b4e07ab7fec9d1118e7cbedb557e2b88ae,cca5a617dd2ae1bca9def8546ecc09b4e07ab7fec9d1118e7cbedb557e2b88ae,True
MZ_Hydro,R03,60,NZ,replace_rule,replace_rule,accepted,16,17,32c574834aba6589f1883e9bb67bb6b6a51ed1445164576d981c6782bd6a2196,55bda47376ea7cc2ccde3a3cb1009eb6a305193051852902b893dda19f8150f4,True
MZ_Hydro,R03,61,SZ,deterministic_rejection,remove_rule,rejected,7,7,cca5a617dd2ae1bca9def8546ecc09b4e07ab7fec9d1118e7cbedb557e2b88ae,cca5a617dd2ae1bca9def8546ecc09b4e07ab7fec9d1118e7cbedb557e2b88ae,True
MZ_Hydro,R03,61,NZ,explicit_no_change,no_change,accepted,17,17,55bda47376ea7cc2ccde3a3cb1009eb6a305193051852902b893dda19f8150f4,55bda47376ea7cc2ccde3a3cb1009eb6a305193051852902b893dda19f8150f4,True
MZ_Hydro,R03,62,SZ,set_param,set_param,accepted,7,8,cca5a617dd2ae1bca9def8546ecc09b4e07ab7fec9d1118e7cbedb557e2b88ae,2d0016f9e2b7e7a7065ef9c5a6047d5896ce6cc0a26de7e8cfd627398a7d57ff,True
MZ_Hydro,R03,62,NZ,replace_rule,replace_rule,accepted,17,18,55bda47376ea7cc2ccde3a3cb1009eb6a305193051852902b893dda19f8150f4,07134b47621c36962d1973d51507766e895a7e519e6f0f7411e5295a0e661b59,True
MZ_Hydro,R03,63,NZ,add_rule,add_rule,accepted,18,19,07134b47621c36962d1973d51507766e895a7e519e6f0f7411e5295a0e661b59,c0e20b16c0ff6b5612d30633b01a8f74d61eba48db325af20d5f507777994422,True
MZ_Hydro,R03,63,SZ,deterministic_rejection,replace_rule,rejected,8,8,2d0016f9e2b7e7a7065ef9c5a6047d5896ce6cc0a26de7e8cfd627398a7d57ff,2d0016f9e2b7e7a7065ef9c5a6047d5896ce6cc0a26de7e8cfd627398a7d57ff,True
MZ_Hydro,R03,64,NZ,set_param,set_param,accepted,19,20,c0e20b16c0ff6b5612d30633b01a8f74d61eba48db325af20d5f507777994422,5a1e5c9b79cdccd540da217c34ce896714fa984df3277c482a2dc90ce7dc2fbd,True
MZ_Hydro,R03,64,SZ,replace_rule,replace_rule,accepted,8,9,2d0016f9e2b7e7a7065ef9c5a6047d5896ce6cc0a26de7e8cfd627398a7d57ff,eddf98486181afcd6e84e6ba05d5a01f5a162f632af86d3ead3ae665dcb7d27b,True
MZ_Hydro,R03,65,SZ,deterministic_rejection,set_param,rejected,9,9,eddf98486181afcd6e84e6ba05d5a01f5a162f632af86d3ead3ae665dcb7d27b,eddf98486181afcd6e84e6ba05d5a01f5a162f632af86d3ead3ae665dcb7d27b,True
MZ_Hydro,R03,65,NZ,replace_rule,replace_rule,accepted,20,21,5a1e5c9b79cdccd540da217c34ce896714fa984df3277c482a2dc90ce7dc2fbd,2dcc399dd035bca96cda3b9308d2ca19b404776cd44f6a6a63d44fff38e2e822,True
MZ_Hydro,R03,66,SZ,replace_rule,replace_rule,accepted,9,10,eddf98486181afcd6e84e6ba05d5a01f5a162f632af86d3ead3ae665dcb7d27b,9cbcf2d6f981f706f08405769af546a7372074084e56d919f75f2ac44c3043e1,True
MZ_Hydro,R03,66,NZ,explicit_no_change,no_change,accepted,21,21,2dcc399dd035bca96cda3b9308d2ca19b404776cd44f6a6a63d44fff38e2e822,2dcc399dd035bca96cda3b9308d2ca19b404776cd44f6a6a63d44fff38e2e822,True
MZ_Hydro,R03,67,SZ,replace_rule,replace_rule,accepted,10,11,9cbcf2d6f981f706f08405769af546a7372074084e56d919f75f2ac44c3043e1,f026dca4c136ec0f86d3f46da6b91bfab8e5a5f689cc2fbc3942645a5006ccee,True
MZ_Hydro,R03,67,NZ,replace_rule,replace_rule,accepted,21,22,2dcc399dd035bca96cda3b9308d2ca19b404776cd44f6a6a63d44fff38e2e822,625ef8e68eab0e9917f73b9281387afa8961a23ecc5d7a90c1ec19ce12159a9a,True
MZ_Hydro,R03,68,SZ,replace_rule,replace_rule,accepted,11,12,f026dca4c136ec0f86d3f46da6b91bfab8e5a5f689cc2fbc3942645a5006ccee,ae15cb6441478b76aa58f6d6ab85a38811be03e870f31c4cca6e3d74571809cd,True
MZ_Hydro,R03,68,NZ,replace_rule,replace_rule,accepted,22,23,625ef8e68eab0e9917f73b9281387afa8961a23ecc5d7a90c1ec19ce12159a9a,4bbbe2ee1061255fce375aa1e0bd8867435a11ef7823857c1b9e57689bb2d751,True
MZ_Hydro,R03,69,NZ,explicit_no_change,no_change,accepted,23,23,4bbbe2ee1061255fce375aa1e0bd8867435a11ef7823857c1b9e57689bb2d751,4bbbe2ee1061255fce375aa1e0bd8867435a11ef7823857c1b9e57689bb2d751,True
MZ_Hydro,R03,69,SZ,replace_rule,replace_rule,accepted,12,13,ae15cb6441478b76aa58f6d6ab85a38811be03e870f31c4cca6e3d74571809cd,86bf42a9a968f2d6084a6fa759b36bd5bc7c16564ef3d97c7a800cb7757bcfaf,True
MZ_Hydro,R03,70,NZ,explicit_no_change,no_change,accepted,23,23,4bbbe2ee1061255fce375aa1e0bd8867435a11ef7823857c1b9e57689bb2d751,4bbbe2ee1061255fce375aa1e0bd8867435a11ef7823857c1b9e57689bb2d751,True
MZ_Hydro,R03,70,SZ,replace_rule,replace_rule,accepted,13,14,86bf42a9a968f2d6084a6fa759b36bd5bc7c16564ef3d97c7a800cb7757bcfaf,00a68635ed2a84cbf308f5e708827317a26cee71356e3e999230c3ff7292c632,True
MZ_Hydro,R03,71,NZ,explicit_no_change,no_change,accepted,23,23,4bbbe2ee1061255fce375aa1e0bd8867435a11ef7823857c1b9e57689bb2d751,4bbbe2ee1061255fce375aa1e0bd8867435a11ef7823857c1b9e57689bb2d751,True
MZ_Hydro,R03,71,SZ,explicit_no_change,no_change,accepted,14,14,00a68635ed2a84cbf308f5e708827317a26cee71356e3e999230c3ff7292c632,00a68635ed2a84cbf308f5e708827317a26cee71356e3e999230c3ff7292c632,True
MZ_Hydro,R03,72,NZ,explicit_no_change,no_change,accepted,23,23,4bbbe2ee1061255fce375aa1e0bd8867435a11ef7823857c1b9e57689bb2d751,4bbbe2ee1061255fce375aa1e0bd8867435a11ef7823857c1b9e57689bb2d751,True
MZ_Hydro,R03,72,SZ,explicit_no_change,no_change,accepted,14,14,00a68635ed2a84cbf308f5e708827317a26cee71356e3e999230c3ff7292c632,00a68635ed2a84cbf308f5e708827317a26cee71356e3e999230c3ff7292c632,True
MZ_Hydro,R03,73,NZ,explicit_no_change,no_change,accepted,23,23,4bbbe2ee1061255fce375aa1e0bd8867435a11ef7823857c1b9e57689bb2d751,4bbbe2ee1061255fce375aa1e0bd8867435a11ef7823857c1b9e57689bb2d751,True
MZ_Hydro,R03,73,SZ,explicit_no_change,no_change,accepted,14,14,00a68635ed2a84cbf308f5e708827317a26cee71356e3e999230c3ff7292c632,00a68635ed2a84cbf308f5e708827317a26cee71356e3e999230c3ff7292c632,True
MZ_Hydro,R03,74,SZ,explicit_no_change,no_change,accepted,14,14,00a68635ed2a84cbf308f5e708827317a26cee71356e3e999230c3ff7292c632,00a68635ed2a84cbf308f5e708827317a26cee71356e3e999230c3ff7292c632,True
MZ_Hydro,R03,74,NZ,explicit_no_change,no_change,accepted,23,23,4bbbe2ee1061255fce375aa1e0bd8867435a11ef7823857c1b9e57689bb2d751,4bbbe2ee1061255fce375aa1e0bd8867435a11ef7823857c1b9e57689bb2d751,True
MZ_Hydro,R03,75,NZ,explicit_no_change,no_change,accepted,23,23,4bbbe2ee1061255fce375aa1e0bd8867435a11ef7823857c1b9e57689bb2d751,4bbbe2ee1061255fce375aa1e0bd8867435a11ef7823857c1b9e57689bb2d751,True
MZ_Hydro,R03,75,SZ,explicit_no_change,no_change,accepted,14,14,00a68635ed2a84cbf308f5e708827317a26cee71356e3e999230c3ff7292c632,00a68635ed2a84cbf308f5e708827317a26cee71356e3e999230c3ff7292c632,True
MZ_Hydro,R03,76,NZ,explicit_no_change,no_change,accepted,23,23,4bbbe2ee1061255fce375aa1e0bd8867435a11ef7823857c1b9e57689bb2d751,4bbbe2ee1061255fce375aa1e0bd8867435a11ef7823857c1b9e57689bb2d751,True
MZ_Hydro,R03,76,SZ,explicit_no_change,no_change,accepted,14,14,00a68635ed2a84cbf308f5e708827317a26cee71356e3e999230c3ff7292c632,00a68635ed2a84cbf308f5e708827317a26cee71356e3e999230c3ff7292c632,True
MZ_Hydro,R03,77,NZ,explicit_no_change,no_change,accepted,23,23,4bbbe2ee1061255fce375aa1e0bd8867435a11ef7823857c1b9e57689bb2d751,4bbbe2ee1061255fce375aa1e0bd8867435a11ef7823857c1b9e57689bb2d751,True
MZ_Hydro,R03,77,SZ,explicit_no_change,no_change,accepted,14,14,00a68635ed2a84cbf308f5e708827317a26cee71356e3e999230c3ff7292c632,00a68635ed2a84cbf308f5e708827317a26cee71356e3e999230c3ff7292c632,True
MZ_Hydro,R03,78,NZ,explicit_no_change,no_change,accepted,23,23,4bbbe2ee1061255fce375aa1e0bd8867435a11ef7823857c1b9e57689bb2d751,4bbbe2ee1061255fce375aa1e0bd8867435a11ef7823857c1b9e57689bb2d751,True
MZ_Hydro,R03,78,SZ,explicit_no_change,no_change,accepted,14,14,00a68635ed2a84cbf308f5e708827317a26cee71356e3e999230c3ff7292c632,00a68635ed2a84cbf308f5e708827317a26cee71356e3e999230c3ff7292c632,True
MZ_Hydro,R03,79,NZ,explicit_no_change,no_change,accepted,23,23,4bbbe2ee1061255fce375aa1e0bd8867435a11ef7823857c1b9e57689bb2d751,4bbbe2ee1061255fce375aa1e0bd8867435a11ef7823857c1b9e57689bb2d751,True
MZ_Hydro,R03,79,SZ,explicit_no_change,no_change,accepted,14,14,00a68635ed2a84cbf308f5e708827317a26cee71356e3e999230c3ff7292c632,00a68635ed2a84cbf308f5e708827317a26cee71356e3e999230c3ff7292c632,True
MZ_Hydro,R03,80,NZ,replace_rule,replace_rule,accepted,23,24,4bbbe2ee1061255fce375aa1e0bd8867435a11ef7823857c1b9e57689bb2d751,37fb80a9ff577ee6c2e96d9c71d97c31e8ec989ec8619c1d8259a8132136b7e7,True
MZ_Hydro,R03,80,SZ,set_param,set_param,accepted,14,15,00a68635ed2a84cbf308f5e708827317a26cee71356e3e999230c3ff7292c632,43cf01fdf958e20fd2fd21a3834b00554a52b53fc447d2091da6712eeeccd99f,True
MZ_Hydro,R03,81,SZ,deterministic_rejection,set_param,rejected,15,15,43cf01fdf958e20fd2fd21a3834b00554a52b53fc447d2091da6712eeeccd99f,43cf01fdf958e20fd2fd21a3834b00554a52b53fc447d2091da6712eeeccd99f,True
MZ_Hydro,R03,81,NZ,set_param,set_param,accepted,24,25,37fb80a9ff577ee6c2e96d9c71d97c31e8ec989ec8619c1d8259a8132136b7e7,ab1c0d68a167d63fa42e084c258e4c050c164c70dbcf571e8503e330637e38f5,True
MZ_Hydro,R03,82,SZ,set_param,set_param,accepted,15,16,43cf01fdf958e20fd2fd21a3834b00554a52b53fc447d2091da6712eeeccd99f,ff33e1ed5eb9a44e42b51d016886b5890d594ff5595570e8898c3510bfa70667,True
MZ_Hydro,R03,82,NZ,set_param,set_param,accepted,25,26,ab1c0d68a167d63fa42e084c258e4c050c164c70dbcf571e8503e330637e38f5,37fb80a9ff577ee6c2e96d9c71d97c31e8ec989ec8619c1d8259a8132136b7e7,True
MZ_Hydro,R03,83,NZ,replace_rule,replace_rule,accepted,26,27,37fb80a9ff577ee6c2e96d9c71d97c31e8ec989ec8619c1d8259a8132136b7e7,cc7e14122d07f469a06b8200dfa2c1a7265cbaddf6f59d0c324a948dbc089f70,True
MZ_Hydro,R03,83,SZ,set_param,set_param,accepted,16,17,ff33e1ed5eb9a44e42b51d016886b5890d594ff5595570e8898c3510bfa70667,2a67745abe3494080efe857cdbe64224ee9c6831b0f4ebf1ac5b52e2deb0fa30,True
MZ_Hydro,R03,84,NZ,remove_rule,remove_rule,accepted,27,28,cc7e14122d07f469a06b8200dfa2c1a7265cbaddf6f59d0c324a948dbc089f70,078566c56e1cc8df69abf83e4abf50b795ca90b8c80f1965ced479d605ae2796,True
MZ_Hydro,R03,84,SZ,set_param,set_param,accepted,17,18,2a67745abe3494080efe857cdbe64224ee9c6831b0f4ebf1ac5b52e2deb0fa30,353bb7fa57e55d57ca8fdc7c18ca2aee039fa56bc91233bbda4ad1c2b38bbf87,True
MZ_Hydro,R03,85,NZ,explicit_no_change,no_change,accepted,28,28,078566c56e1cc8df69abf83e4abf50b795ca90b8c80f1965ced479d605ae2796,078566c56e1cc8df69abf83e4abf50b795ca90b8c80f1965ced479d605ae2796,True
MZ_Hydro,R03,85,SZ,deterministic_rejection,replace_rule,rejected,18,18,353bb7fa57e55d57ca8fdc7c18ca2aee039fa56bc91233bbda4ad1c2b38bbf87,353bb7fa57e55d57ca8fdc7c18ca2aee039fa56bc91233bbda4ad1c2b38bbf87,True
MZ_Hydro,R03,86,NZ,schema_fallback,no_change,model_output_rejected,28,28,078566c56e1cc8df69abf83e4abf50b795ca90b8c80f1965ced479d605ae2796,078566c56e1cc8df69abf83e4abf50b795ca90b8c80f1965ced479d605ae2796,True
MZ_Hydro,R03,86,SZ,deterministic_rejection,replace_rule,rejected,18,18,353bb7fa57e55d57ca8fdc7c18ca2aee039fa56bc91233bbda4ad1c2b38bbf87,353bb7fa57e55d57ca8fdc7c18ca2aee039fa56bc91233bbda4ad1c2b38bbf87,True
MZ_Hydro,R03,87,NZ,set_param,set_param,accepted,28,29,078566c56e1cc8df69abf83e4abf50b795ca90b8c80f1965ced479d605ae2796,9d5be44106fc8da56895cd68acb222ebed43640e1a8e90eff59bd466b64b9cc1,True
MZ_Hydro,R03,87,SZ,schema_fallback,no_change,model_output_rejected,18,18,353bb7fa57e55d57ca8fdc7c18ca2aee039fa56bc91233bbda4ad1c2b38bbf87,353bb7fa57e55d57ca8fdc7c18ca2aee039fa56bc91233bbda4ad1c2b38bbf87,True
MZ_Hydro,R03,88,NZ,set_param,set_param,accepted,29,30,9d5be44106fc8da56895cd68acb222ebed43640e1a8e90eff59bd466b64b9cc1,23c1bd986c78c94753957f7de27b28df646c91798a2057308f592df9220b421b,True
MZ_Hydro,R03,88,SZ,deterministic_rejection,replace_rule,rejected,18,18,353bb7fa57e55d57ca8fdc7c18ca2aee039fa56bc91233bbda4ad1c2b38bbf87,353bb7fa57e55d57ca8fdc7c18ca2aee039fa56bc91233bbda4ad1c2b38bbf87,True
MZ_Hydro,R03,89,NZ,schema_fallback,no_change,model_output_rejected,30,30,23c1bd986c78c94753957f7de27b28df646c91798a2057308f592df9220b421b,23c1bd986c78c94753957f7de27b28df646c91798a2057308f592df9220b421b,True
MZ_Hydro,R03,89,SZ,schema_fallback,no_change,model_output_rejected,18,18,353bb7fa57e55d57ca8fdc7c18ca2aee039fa56bc91233bbda4ad1c2b38bbf87,353bb7fa57e55d57ca8fdc7c18ca2aee039fa56bc91233bbda4ad1c2b38bbf87,True
MZ_Hydro,R03,90,NZ,remove_rule,remove_rule,accepted,30,31,23c1bd986c78c94753957f7de27b28df646c91798a2057308f592df9220b421b,47a789e7ba8c856d013799cf438beafa4b42e9d704f5b94e1f93454d2f1fee39,True
MZ_Hydro,R03,90,SZ,deterministic_rejection,add_rule,rejected,18,18,353bb7fa57e55d57ca8fdc7c18ca2aee039fa56bc91233bbda4ad1c2b38bbf87,353bb7fa57e55d57ca8fdc7c18ca2aee039fa56bc91233bbda4ad1c2b38bbf87,True
MZ_Hydro,R03,91,SZ,deterministic_rejection,add_rule,rejected,18,18,353bb7fa57e55d57ca8fdc7c18ca2aee039fa56bc91233bbda4ad1c2b38bbf87,353bb7fa57e55d57ca8fdc7c18ca2aee039fa56bc91233bbda4ad1c2b38bbf87,True
MZ_Hydro,R03,91,NZ,schema_fallback,no_change,model_output_rejected,31,31,47a789e7ba8c856d013799cf438beafa4b42e9d704f5b94e1f93454d2f1fee39,47a789e7ba8c856d013799cf438beafa4b42e9d704f5b94e1f93454d2f1fee39,True
MZ_Hydro,R03,92,SZ,set_param,set_param,accepted,18,19,353bb7fa57e55d57ca8fdc7c18ca2aee039fa56bc91233bbda4ad1c2b38bbf87,43cf01fdf958e20fd2fd21a3834b00554a52b53fc447d2091da6712eeeccd99f,True
MZ_Hydro,R03,92,NZ,explicit_no_change,no_change,accepted,31,31,47a789e7ba8c856d013799cf438beafa4b42e9d704f5b94e1f93454d2f1fee39,47a789e7ba8c856d013799cf438beafa4b42e9d704f5b94e1f93454d2f1fee39,True
MZ_Hydro,R03,93,NZ,explicit_no_change,no_change,accepted,31,31,47a789e7ba8c856d013799cf438beafa4b42e9d704f5b94e1f93454d2f1fee39,47a789e7ba8c856d013799cf438beafa4b42e9d704f5b94e1f93454d2f1fee39,True
MZ_Hydro,R03,93,SZ,deterministic_rejection,set_param,rejected,19,19,43cf01fdf958e20fd2fd21a3834b00554a52b53fc447d2091da6712eeeccd99f,43cf01fdf958e20fd2fd21a3834b00554a52b53fc447d2091da6712eeeccd99f,True
MZ_Hydro,R03,94,NZ,explicit_no_change,no_change,accepted,31,31,47a789e7ba8c856d013799cf438beafa4b42e9d704f5b94e1f93454d2f1fee39,47a789e7ba8c856d013799cf438beafa4b42e9d704f5b94e1f93454d2f1fee39,True
MZ_Hydro,R03,94,SZ,set_param,set_param,accepted,19,20,43cf01fdf958e20fd2fd21a3834b00554a52b53fc447d2091da6712eeeccd99f,711871cabc8769c9f5d4940f7067bf84c767444d1aca9e2e3b7cea08a4a29167,True
MZ_Hydro,R03,95,NZ,explicit_no_change,no_change,accepted,31,31,47a789e7ba8c856d013799cf438beafa4b42e9d704f5b94e1f93454d2f1fee39,47a789e7ba8c856d013799cf438beafa4b42e9d704f5b94e1f93454d2f1fee39,True
MZ_Hydro,R03,95,SZ,set_param,set_param,accepted,20,21,711871cabc8769c9f5d4940f7067bf84c767444d1aca9e2e3b7cea08a4a29167,9cd278a8d2cf2b87b30d0fcb158cd85a41a6659fd5530310b60f92bdcab6233e,True
MZ_Hydro,R03,96,NZ,explicit_no_change,no_change,accepted,31,31,47a789e7ba8c856d013799cf438beafa4b42e9d704f5b94e1f93454d2f1fee39,47a789e7ba8c856d013799cf438beafa4b42e9d704f5b94e1f93454d2f1fee39,True
MZ_Hydro,R03,96,SZ,explicit_no_change,no_change,accepted,21,21,9cd278a8d2cf2b87b30d0fcb158cd85a41a6659fd5530310b60f92bdcab6233e,9cd278a8d2cf2b87b30d0fcb158cd85a41a6659fd5530310b60f92bdcab6233e,True
MZ_Hydro,R03,97,NZ,explicit_no_change,no_change,accepted,31,31,47a789e7ba8c856d013799cf438beafa4b42e9d704f5b94e1f93454d2f1fee39,47a789e7ba8c856d013799cf438beafa4b42e9d704f5b94e1f93454d2f1fee39,True
MZ_Hydro,R03,97,SZ,replace_rule,replace_rule,accepted,21,22,9cd278a8d2cf2b87b30d0fcb158cd85a41a6659fd5530310b60f92bdcab6233e,28e9406b2476362800d5006d41c764f3de2658c15ffa26166138739d9fa5a91d,True
MZ_Hydro,R03,98,NZ,explicit_no_change,no_change,accepted,31,31,47a789e7ba8c856d013799cf438beafa4b42e9d704f5b94e1f93454d2f1fee39,47a789e7ba8c856d013799cf438beafa4b42e9d704f5b94e1f93454d2f1fee39,True
MZ_Hydro,R03,98,SZ,explicit_no_change,no_change,accepted,22,22,28e9406b2476362800d5006d41c764f3de2658c15ffa26166138739d9fa5a91d,28e9406b2476362800d5006d41c764f3de2658c15ffa26166138739d9fa5a91d,True
MZ_Hydro,R03,99,NZ,explicit_no_change,no_change,accepted,31,31,47a789e7ba8c856d013799cf438beafa4b42e9d704f5b94e1f93454d2f1fee39,47a789e7ba8c856d013799cf438beafa4b42e9d704f5b94e1f93454d2f1fee39,True
MZ_Hydro,R03,99,SZ,explicit_no_change,no_change,accepted,22,22,28e9406b2476362800d5006d41c764f3de2658c15ffa26166138739d9fa5a91d,28e9406b2476362800d5006d41c764f3de2658c15ffa26166138739d9fa5a91d,True
MZ_Hydro,R03,100,NZ,explicit_no_change,no_change,accepted,31,31,47a789e7ba8c856d013799cf438beafa4b42e9d704f5b94e1f93454d2f1fee39,47a789e7ba8c856d013799cf438beafa4b42e9d704f5b94e1f93454d2f1fee39,True
MZ_Hydro,R03,100,SZ,explicit_no_change,no_change,accepted,22,22,28e9406b2476362800d5006d41c764f3de2658c15ffa26166138739d9fa5a91d,28e9406b2476362800d5006d41c764f3de2658c15ffa26166138739d9fa5a91d,True
MZ_Hydro,R03,101,NZ,explicit_no_change,no_change,accepted,31,31,47a789e7ba8c856d013799cf438beafa4b42e9d704f5b94e1f93454d2f1fee39,47a789e7ba8c856d013799cf438beafa4b42e9d704f5b94e1f93454d2f1fee39,True
MZ_Hydro,R03,101,SZ,explicit_no_change,no_change,accepted,22,22,28e9406b2476362800d5006d41c764f3de2658c15ffa26166138739d9fa5a91d,28e9406b2476362800d5006d41c764f3de2658c15ffa26166138739d9fa5a91d,True
MZ_Hydro,R03,102,NZ,explicit_no_change,no_change,accepted,31,31,47a789e7ba8c856d013799cf438beafa4b42e9d704f5b94e1f93454d2f1fee39,47a789e7ba8c856d013799cf438beafa4b42e9d704f5b94e1f93454d2f1fee39,True
MZ_Hydro,R03,102,SZ,explicit_no_change,no_change,accepted,22,22,28e9406b2476362800d5006d41c764f3de2658c15ffa26166138739d9fa5a91d,28e9406b2476362800d5006d41c764f3de2658c15ffa26166138739d9fa5a91d,True
MZ_Hydro,R03,103,NZ,explicit_no_change,no_change,accepted,31,31,47a789e7ba8c856d013799cf438beafa4b42e9d704f5b94e1f93454d2f1fee39,47a789e7ba8c856d013799cf438beafa4b42e9d704f5b94e1f93454d2f1fee39,True
MZ_Hydro,R03,103,SZ,explicit_no_change,no_change,accepted,22,22,28e9406b2476362800d5006d41c764f3de2658c15ffa26166138739d9fa5a91d,28e9406b2476362800d5006d41c764f3de2658c15ffa26166138739d9fa5a91d,True
MZ_Hydro,R03,104,SZ,set_param,set_param,accepted,22,23,28e9406b2476362800d5006d41c764f3de2658c15ffa26166138739d9fa5a91d,b5fbd480967afd942e4c098e3b395345caf897a21a09ad3c62a0e32f5281b37a,True
MZ_Hydro,R03,104,NZ,deterministic_rejection,set_param,rejected,31,31,47a789e7ba8c856d013799cf438beafa4b42e9d704f5b94e1f93454d2f1fee39,47a789e7ba8c856d013799cf438beafa4b42e9d704f5b94e1f93454d2f1fee39,True
MZ_Hydro,R03,105,SZ,set_param,set_param,accepted,23,24,b5fbd480967afd942e4c098e3b395345caf897a21a09ad3c62a0e32f5281b37a,3c4ee0a476bf2448fa34bf303e84e1be809f7417f1e8094ab33dc78d16cb823e,True
MZ_Hydro,R03,105,NZ,set_param,set_param,accepted,31,32,47a789e7ba8c856d013799cf438beafa4b42e9d704f5b94e1f93454d2f1fee39,8243761128118d1cba2c864bdcd6d6cc840fa88e67ff320ee26151cb1a70fb8a,True
MZ_Hydro,R03,106,SZ,add_rule,add_rule,accepted,24,25,3c4ee0a476bf2448fa34bf303e84e1be809f7417f1e8094ab33dc78d16cb823e,27c46eec328d04e4d63e60bce2cbfe7f16acf95f5a3e90fca8e230469c2e8b90,True
MZ_Hydro,R03,106,NZ,set_param,set_param,accepted,32,33,8243761128118d1cba2c864bdcd6d6cc840fa88e67ff320ee26151cb1a70fb8a,11268811100932532f88cec47d336aef82ca5178391e6d4bca01358fc14f8386,True
MZ_Hydro,R03,107,SZ,replace_rule,replace_rule,accepted,25,26,27c46eec328d04e4d63e60bce2cbfe7f16acf95f5a3e90fca8e230469c2e8b90,d0e0eda63426fd85b46db999a1dbae9256b3205e05c6ac2327420082363acae8,True
MZ_Hydro,R03,107,NZ,replace_rule,replace_rule,accepted,33,34,11268811100932532f88cec47d336aef82ca5178391e6d4bca01358fc14f8386,07a503271045dda9077e8233957a818aafb7f8c294c89a1f815f54065e63aff7,True
MZ_Hydro,R03,108,NZ,set_param,set_param,accepted,34,35,07a503271045dda9077e8233957a818aafb7f8c294c89a1f815f54065e63aff7,52d44ed5dd1e41982732b655c1d002dc8e2766c070420f785f59d6ce1ace4816,True
MZ_Hydro,R03,108,SZ,add_rule,add_rule,accepted,26,27,d0e0eda63426fd85b46db999a1dbae9256b3205e05c6ac2327420082363acae8,fe76ab1add012f4fa7860238154b0d587dd8a34b6bc376673c6e453202a9b300,True
MZ_Hydro,R03,109,SZ,replace_rule,replace_rule,accepted,27,28,fe76ab1add012f4fa7860238154b0d587dd8a34b6bc376673c6e453202a9b300,86b6d2eac935fca2ab1357ef08082d5a3692557d5a98c43b27ac5fd14a8aa0c6,True
MZ_Hydro,R03,109,NZ,explicit_no_change,no_change,accepted,35,35,52d44ed5dd1e41982732b655c1d002dc8e2766c070420f785f59d6ce1ace4816,52d44ed5dd1e41982732b655c1d002dc8e2766c070420f785f59d6ce1ace4816,True
MZ_Hydro,R03,110,SZ,set_param,set_param,accepted,28,29,86b6d2eac935fca2ab1357ef08082d5a3692557d5a98c43b27ac5fd14a8aa0c6,2e181ed0329062d3c30dedbffa2733b46141e03cfda643ed3ce16ffd8d977b42,True
MZ_Hydro,R03,110,NZ,deterministic_rejection,add_rule,rejected,35,35,52d44ed5dd1e41982732b655c1d002dc8e2766c070420f785f59d6ce1ace4816,52d44ed5dd1e41982732b655c1d002dc8e2766c070420f785f59d6ce1ace4816,True
MZ_Hydro,R03,111,SZ,deterministic_rejection,replace_rule,rejected,29,29,2e181ed0329062d3c30dedbffa2733b46141e03cfda643ed3ce16ffd8d977b42,2e181ed0329062d3c30dedbffa2733b46141e03cfda643ed3ce16ffd8d977b42,True
MZ_Hydro,R03,111,NZ,deterministic_rejection,replace_rule,rejected,35,35,52d44ed5dd1e41982732b655c1d002dc8e2766c070420f785f59d6ce1ace4816,52d44ed5dd1e41982732b655c1d002dc8e2766c070420f785f59d6ce1ace4816,True
MZ_Hydro,R03,112,SZ,deterministic_rejection,replace_rule,rejected,29,29,2e181ed0329062d3c30dedbffa2733b46141e03cfda643ed3ce16ffd8d977b42,2e181ed0329062d3c30dedbffa2733b46141e03cfda643ed3ce16ffd8d977b42,True
MZ_Hydro,R03,112,NZ,replace_rule,replace_rule,accepted,35,36,52d44ed5dd1e41982732b655c1d002dc8e2766c070420f785f59d6ce1ace4816,fc9a4fa15910958e607a4b10fea44b0716261e1b2415b8f86f7210f745b3f3b2,True
MZ_Hydro,R03,113,NZ,deterministic_rejection,add_rule,rejected,36,36,fc9a4fa15910958e607a4b10fea44b0716261e1b2415b8f86f7210f745b3f3b2,fc9a4fa15910958e607a4b10fea44b0716261e1b2415b8f86f7210f745b3f3b2,True
MZ_Hydro,R03,113,SZ,schema_fallback,no_change,model_output_rejected,29,29,2e181ed0329062d3c30dedbffa2733b46141e03cfda643ed3ce16ffd8d977b42,2e181ed0329062d3c30dedbffa2733b46141e03cfda643ed3ce16ffd8d977b42,True
MZ_Hydro,R03,114,NZ,explicit_no_change,no_change,accepted,36,36,fc9a4fa15910958e607a4b10fea44b0716261e1b2415b8f86f7210f745b3f3b2,fc9a4fa15910958e607a4b10fea44b0716261e1b2415b8f86f7210f745b3f3b2,True
MZ_Hydro,R03,114,SZ,deterministic_rejection,replace_rule,rejected,29,29,2e181ed0329062d3c30dedbffa2733b46141e03cfda643ed3ce16ffd8d977b42,2e181ed0329062d3c30dedbffa2733b46141e03cfda643ed3ce16ffd8d977b42,True
MZ_Hydro,R03,115,NZ,replace_rule,replace_rule,accepted,36,37,fc9a4fa15910958e607a4b10fea44b0716261e1b2415b8f86f7210f745b3f3b2,52d44ed5dd1e41982732b655c1d002dc8e2766c070420f785f59d6ce1ace4816,True
MZ_Hydro,R03,115,SZ,schema_fallback,no_change,model_output_rejected,29,29,2e181ed0329062d3c30dedbffa2733b46141e03cfda643ed3ce16ffd8d977b42,2e181ed0329062d3c30dedbffa2733b46141e03cfda643ed3ce16ffd8d977b42,True
MZ_Hydro,R03,116,NZ,deterministic_rejection,add_rule,rejected,37,37,52d44ed5dd1e41982732b655c1d002dc8e2766c070420f785f59d6ce1ace4816,52d44ed5dd1e41982732b655c1d002dc8e2766c070420f785f59d6ce1ace4816,True
MZ_Hydro,R03,116,SZ,replace_rule,replace_rule,accepted,29,30,2e181ed0329062d3c30dedbffa2733b46141e03cfda643ed3ce16ffd8d977b42,a6065b5a33d38bca5ab4ebc85909f2755fa3b6246fcc7726828110e42ad8ec76,True
MZ_Hydro,R03,117,SZ,explicit_no_change,no_change,accepted,30,30,a6065b5a33d38bca5ab4ebc85909f2755fa3b6246fcc7726828110e42ad8ec76,a6065b5a33d38bca5ab4ebc85909f2755fa3b6246fcc7726828110e42ad8ec76,True
MZ_Hydro,R03,117,NZ,explicit_no_change,no_change,accepted,37,37,52d44ed5dd1e41982732b655c1d002dc8e2766c070420f785f59d6ce1ace4816,52d44ed5dd1e41982732b655c1d002dc8e2766c070420f785f59d6ce1ace4816,True
MZ_Hydro,R03,118,NZ,explicit_no_change,no_change,accepted,37,37,52d44ed5dd1e41982732b655c1d002dc8e2766c070420f785f59d6ce1ace4816,52d44ed5dd1e41982732b655c1d002dc8e2766c070420f785f59d6ce1ace4816,True
MZ_Hydro,R03,118,SZ,replace_rule,replace_rule,accepted,30,31,a6065b5a33d38bca5ab4ebc85909f2755fa3b6246fcc7726828110e42ad8ec76,71b57690c5ed0b5b0f76ff0b70293ce7e00a948605395f0bd431871c9cee0679,True
MZ_Hydro,R03,119,NZ,explicit_no_change,no_change,accepted,37,37,52d44ed5dd1e41982732b655c1d002dc8e2766c070420f785f59d6ce1ace4816,52d44ed5dd1e41982732b655c1d002dc8e2766c070420f785f59d6ce1ace4816,True
MZ_Hydro,R03,119,SZ,explicit_no_change,no_change,accepted,31,31,71b57690c5ed0b5b0f76ff0b70293ce7e00a948605395f0bd431871c9cee0679,71b57690c5ed0b5b0f76ff0b70293ce7e00a948605395f0bd431871c9cee0679,True
MZ_Hydro,R03,120,NZ,explicit_no_change,no_change,accepted,37,37,52d44ed5dd1e41982732b655c1d002dc8e2766c070420f785f59d6ce1ace4816,52d44ed5dd1e41982732b655c1d002dc8e2766c070420f785f59d6ce1ace4816,True
MZ_Hydro,R03,120,SZ,explicit_no_change,no_change,accepted,31,31,71b57690c5ed0b5b0f76ff0b70293ce7e00a948605395f0bd431871c9cee0679,71b57690c5ed0b5b0f76ff0b70293ce7e00a948605395f0bd431871c9cee0679,True
MZ_Air,R01,1,wes,replace_rule,replace_rule,accepted,0,1,148991b618bd78876809d302dfbcf3b2564abb5dd76b40327e4181f49b773ba8,6753eba2e00faa52d75bece5d8b659bc585fecd5059bb020115fadad3ef64d15,True
MZ_Air,R01,1,sou,explicit_no_change,no_change,accepted,0,0,148991b618bd78876809d302dfbcf3b2564abb5dd76b40327e4181f49b773ba8,148991b618bd78876809d302dfbcf3b2564abb5dd76b40327e4181f49b773ba8,True
MZ_Air,R01,1,eas,explicit_no_change,no_change,accepted,0,0,148991b618bd78876809d302dfbcf3b2564abb5dd76b40327e4181f49b773ba8,148991b618bd78876809d302dfbcf3b2564abb5dd76b40327e4181f49b773ba8,True
MZ_Air,R01,1,nor,explicit_no_change,no_change,accepted,0,0,148991b618bd78876809d302dfbcf3b2564abb5dd76b40327e4181f49b773ba8,148991b618bd78876809d302dfbcf3b2564abb5dd76b40327e4181f49b773ba8,True
MZ_Air,R01,1,cor,explicit_no_change,no_change,accepted,0,0,148991b618bd78876809d302dfbcf3b2564abb5dd76b40327e4181f49b773ba8,148991b618bd78876809d302dfbcf3b2564abb5dd76b40327e4181f49b773ba8,True
MZ_Air,R01,2,wes,explicit_no_change,no_change,accepted,1,1,6753eba2e00faa52d75bece5d8b659bc585fecd5059bb020115fadad3ef64d15,6753eba2e00faa52d75bece5d8b659bc585fecd5059bb020115fadad3ef64d15,True
MZ_Air,R01,2,sou,deterministic_rejection,replace_rule,rejected,0,0,148991b618bd78876809d302dfbcf3b2564abb5dd76b40327e4181f49b773ba8,148991b618bd78876809d302dfbcf3b2564abb5dd76b40327e4181f49b773ba8,True
MZ_Air,R01,2,eas,explicit_no_change,no_change,accepted,0,0,148991b618bd78876809d302dfbcf3b2564abb5dd76b40327e4181f49b773ba8,148991b618bd78876809d302dfbcf3b2564abb5dd76b40327e4181f49b773ba8,True
MZ_Air,R01,2,nor,deterministic_rejection,replace_rule,rejected,0,0,148991b618bd78876809d302dfbcf3b2564abb5dd76b40327e4181f49b773ba8,148991b618bd78876809d302dfbcf3b2564abb5dd76b40327e4181f49b773ba8,True
MZ_Air,R01,2,cor,explicit_no_change,no_change,accepted,0,0,148991b618bd78876809d302dfbcf3b2564abb5dd76b40327e4181f49b773ba8,148991b618bd78876809d302dfbcf3b2564abb5dd76b40327e4181f49b773ba8,True
MZ_Air,R01,3,wes,replace_rule,replace_rule,accepted,1,2,6753eba2e00faa52d75bece5d8b659bc585fecd5059bb020115fadad3ef64d15,24ae51cbbcc14edd00b01c1a877d6b6f521d810946212a0eee043ac2f0be6189,True
MZ_Air,R01,3,sou,explicit_no_change,no_change,accepted,0,0,148991b618bd78876809d302dfbcf3b2564abb5dd76b40327e4181f49b773ba8,148991b618bd78876809d302dfbcf3b2564abb5dd76b40327e4181f49b773ba8,True
MZ_Air,R01,3,eas,explicit_no_change,no_change,accepted,0,0,148991b618bd78876809d302dfbcf3b2564abb5dd76b40327e4181f49b773ba8,148991b618bd78876809d302dfbcf3b2564abb5dd76b40327e4181f49b773ba8,True
MZ_Air,R01,3,nor,deterministic_rejection,replace_rule,rejected,0,0,148991b618bd78876809d302dfbcf3b2564abb5dd76b40327e4181f49b773ba8,148991b618bd78876809d302dfbcf3b2564abb5dd76b40327e4181f49b773ba8,True
MZ_Air,R01,3,cor,explicit_no_change,no_change,accepted,0,0,148991b618bd78876809d302dfbcf3b2564abb5dd76b40327e4181f49b773ba8,148991b618bd78876809d302dfbcf3b2564abb5dd76b40327e4181f49b773ba8,True
MZ_Air,R01,4,wes,explicit_no_change,no_change,accepted,2,2,24ae51cbbcc14edd00b01c1a877d6b6f521d810946212a0eee043ac2f0be6189,24ae51cbbcc14edd00b01c1a877d6b6f521d810946212a0eee043ac2f0be6189,True
MZ_Air,R01,4,sou,explicit_no_change,no_change,accepted,0,0,148991b618bd78876809d302dfbcf3b2564abb5dd76b40327e4181f49b773ba8,148991b618bd78876809d302dfbcf3b2564abb5dd76b40327e4181f49b773ba8,True
MZ_Air,R01,4,eas,explicit_no_change,no_change,accepted,0,0,148991b618bd78876809d302dfbcf3b2564abb5dd76b40327e4181f49b773ba8,148991b618bd78876809d302dfbcf3b2564abb5dd76b40327e4181f49b773ba8,True
MZ_Air,R01,4,nor,schema_fallback,no_change,model_output_rejected,0,0,148991b618bd78876809d302dfbcf3b2564abb5dd76b40327e4181f49b773ba8,148991b618bd78876809d302dfbcf3b2564abb5dd76b40327e4181f49b773ba8,True
MZ_Air,R01,4,cor,explicit_no_change,no_change,accepted,0,0,148991b618bd78876809d302dfbcf3b2564abb5dd76b40327e4181f49b773ba8,148991b618bd78876809d302dfbcf3b2564abb5dd76b40327e4181f49b773ba8,True
MZ_Air,R01,5,wes,explicit_no_change,no_change,accepted,2,2,24ae51cbbcc14edd00b01c1a877d6b6f521d810946212a0eee043ac2f0be6189,24ae51cbbcc14edd00b01c1a877d6b6f521d810946212a0eee043ac2f0be6189,True
MZ_Air,R01,5,sou,explicit_no_change,no_change,accepted,0,0,148991b618bd78876809d302dfbcf3b2564abb5dd76b40327e4181f49b773ba8,148991b618bd78876809d302dfbcf3b2564abb5dd76b40327e4181f49b773ba8,True
MZ_Air,R01,5,eas,explicit_no_change,no_change,accepted,0,0,148991b618bd78876809d302dfbcf3b2564abb5dd76b40327e4181f49b773ba8,148991b618bd78876809d302dfbcf3b2564abb5dd76b40327e4181f49b773ba8,True
MZ_Air,R01,5,nor,schema_fallback,no_change,model_output_rejected,0,0,148991b618bd78876809d302dfbcf3b2564abb5dd76b40327e4181f49b773ba8,148991b618bd78876809d302dfbcf3b2564abb5dd76b40327e4181f49b773ba8,True
MZ_Air,R01,5,cor,explicit_no_change,no_change,accepted,0,0,148991b618bd78876809d302dfbcf3b2564abb5dd76b40327e4181f49b773ba8,148991b618bd78876809d302dfbcf3b2564abb5dd76b40327e4181f49b773ba8,True
MZ_Air,R01,6,cor,set_param,set_param,accepted,0,1,148991b618bd78876809d302dfbcf3b2564abb5dd76b40327e4181f49b773ba8,1234fe79cb8f083ba1ff4f626265d1d5195468d252908608d341f72cb872af1e,True
MZ_Air,R01,6,wes,explicit_no_change,no_change,accepted,2,2,24ae51cbbcc14edd00b01c1a877d6b6f521d810946212a0eee043ac2f0be6189,24ae51cbbcc14edd00b01c1a877d6b6f521d810946212a0eee043ac2f0be6189,True
MZ_Air,R01,6,sou,explicit_no_change,no_change,accepted,0,0,148991b618bd78876809d302dfbcf3b2564abb5dd76b40327e4181f49b773ba8,148991b618bd78876809d302dfbcf3b2564abb5dd76b40327e4181f49b773ba8,True
MZ_Air,R01,6,eas,explicit_no_change,no_change,accepted,0,0,148991b618bd78876809d302dfbcf3b2564abb5dd76b40327e4181f49b773ba8,148991b618bd78876809d302dfbcf3b2564abb5dd76b40327e4181f49b773ba8,True
MZ_Air,R01,6,nor,explicit_no_change,no_change,accepted,0,0,148991b618bd78876809d302dfbcf3b2564abb5dd76b40327e4181f49b773ba8,148991b618bd78876809d302dfbcf3b2564abb5dd76b40327e4181f49b773ba8,True
MZ_Air,R01,7,cor,deterministic_rejection,add_rule,rejected,1,1,1234fe79cb8f083ba1ff4f626265d1d5195468d252908608d341f72cb872af1e,1234fe79cb8f083ba1ff4f626265d1d5195468d252908608d341f72cb872af1e,True
MZ_Air,R01,7,eas,explicit_no_change,no_change,accepted,0,0,148991b618bd78876809d302dfbcf3b2564abb5dd76b40327e4181f49b773ba8,148991b618bd78876809d302dfbcf3b2564abb5dd76b40327e4181f49b773ba8,True
MZ_Air,R01,7,nor,explicit_no_change,no_change,accepted,0,0,148991b618bd78876809d302dfbcf3b2564abb5dd76b40327e4181f49b773ba8,148991b618bd78876809d302dfbcf3b2564abb5dd76b40327e4181f49b773ba8,True
MZ_Air,R01,7,sou,explicit_no_change,no_change,accepted,0,0,148991b618bd78876809d302dfbcf3b2564abb5dd76b40327e4181f49b773ba8,148991b618bd78876809d302dfbcf3b2564abb5dd76b40327e4181f49b773ba8,True
MZ_Air,R01,7,wes,explicit_no_change,no_change,accepted,2,2,24ae51cbbcc14edd00b01c1a877d6b6f521d810946212a0eee043ac2f0be6189,24ae51cbbcc14edd00b01c1a877d6b6f521d810946212a0eee043ac2f0be6189,True
MZ_Air,R01,8,cor,set_param,set_param,accepted,1,2,1234fe79cb8f083ba1ff4f626265d1d5195468d252908608d341f72cb872af1e,48ef9c44bbfb0bedfc26640283291b8387b203151d07563d1bc4a9639dc77a95,True
MZ_Air,R01,8,eas,explicit_no_change,no_change,accepted,0,0,148991b618bd78876809d302dfbcf3b2564abb5dd76b40327e4181f49b773ba8,148991b618bd78876809d302dfbcf3b2564abb5dd76b40327e4181f49b773ba8,True
MZ_Air,R01,8,nor,explicit_no_change,no_change,accepted,0,0,148991b618bd78876809d302dfbcf3b2564abb5dd76b40327e4181f49b773ba8,148991b618bd78876809d302dfbcf3b2564abb5dd76b40327e4181f49b773ba8,True
MZ_Air,R01,8,sou,explicit_no_change,no_change,accepted,0,0,148991b618bd78876809d302dfbcf3b2564abb5dd76b40327e4181f49b773ba8,148991b618bd78876809d302dfbcf3b2564abb5dd76b40327e4181f49b773ba8,True
MZ_Air,R01,8,wes,explicit_no_change,no_change,accepted,2,2,24ae51cbbcc14edd00b01c1a877d6b6f521d810946212a0eee043ac2f0be6189,24ae51cbbcc14edd00b01c1a877d6b6f521d810946212a0eee043ac2f0be6189,True
MZ_Air,R01,9,cor,deterministic_rejection,add_rule,rejected,2,2,48ef9c44bbfb0bedfc26640283291b8387b203151d07563d1bc4a9639dc77a95,48ef9c44bbfb0bedfc26640283291b8387b203151d07563d1bc4a9639dc77a95,True
MZ_Air,R01,9,nor,explicit_no_change,no_change,accepted,0,0,148991b618bd78876809d302dfbcf3b2564abb5dd76b40327e4181f49b773ba8,148991b618bd78876809d302dfbcf3b2564abb5dd76b40327e4181f49b773ba8,True
MZ_Air,R01,9,sou,set_param,set_param,accepted,0,1,148991b618bd78876809d302dfbcf3b2564abb5dd76b40327e4181f49b773ba8,d5d458d4e61f7029fe692830a2e7def118884688368d38ac75530dc181b12055,True
MZ_Air,R01,9,eas,set_param,set_param,accepted,0,1,148991b618bd78876809d302dfbcf3b2564abb5dd76b40327e4181f49b773ba8,ec198222a5e8c71e1bb38e3221ad12254ed57a0d8f3cd80fc4c8227212dc0e8a,True
MZ_Air,R01,9,wes,deterministic_rejection,move_rule,rejected,2,2,24ae51cbbcc14edd00b01c1a877d6b6f521d810946212a0eee043ac2f0be6189,24ae51cbbcc14edd00b01c1a877d6b6f521d810946212a0eee043ac2f0be6189,True
MZ_Air,R01,10,eas,set_param,set_param,accepted,1,2,ec198222a5e8c71e1bb38e3221ad12254ed57a0d8f3cd80fc4c8227212dc0e8a,148991b618bd78876809d302dfbcf3b2564abb5dd76b40327e4181f49b773ba8,True
MZ_Air,R01,10,cor,explicit_no_change,no_change,accepted,2,2,48ef9c44bbfb0bedfc26640283291b8387b203151d07563d1bc4a9639dc77a95,48ef9c44bbfb0bedfc26640283291b8387b203151d07563d1bc4a9639dc77a95,True
MZ_Air,R01,10,nor,set_param,set_param,accepted,0,1,148991b618bd78876809d302dfbcf3b2564abb5dd76b40327e4181f49b773ba8,1709a3faa0cb135326b11050cb467e499ca96b8fd5974cdfe5da5816d7f00b75,True
MZ_Air,R01,10,sou,deterministic_rejection,set_param,rejected,1,1,d5d458d4e61f7029fe692830a2e7def118884688368d38ac75530dc181b12055,d5d458d4e61f7029fe692830a2e7def118884688368d38ac75530dc181b12055,True
MZ_Air,R01,10,wes,set_param,set_param,accepted,2,3,24ae51cbbcc14edd00b01c1a877d6b6f521d810946212a0eee043ac2f0be6189,aa9da7edbd8dd682c0438cfe685bd8299204b131ed9b1159a7301ab51092af14,True
MZ_Air,R01,11,sou,set_param,set_param,accepted,1,2,d5d458d4e61f7029fe692830a2e7def118884688368d38ac75530dc181b12055,02949d51bf97508e424ed82466f38223b213b9585d2f608814f75477fcf14758,True
MZ_Air,R01,11,wes,deterministic_rejection,set_param,rejected,3,3,aa9da7edbd8dd682c0438cfe685bd8299204b131ed9b1159a7301ab51092af14,aa9da7edbd8dd682c0438cfe685bd8299204b131ed9b1159a7301ab51092af14,True
MZ_Air,R01,11,eas,set_param,set_param,accepted,2,3,148991b618bd78876809d302dfbcf3b2564abb5dd76b40327e4181f49b773ba8,1709a3faa0cb135326b11050cb467e499ca96b8fd5974cdfe5da5816d7f00b75,True
MZ_Air,R01,11,nor,set_param,set_param,accepted,1,2,1709a3faa0cb135326b11050cb467e499ca96b8fd5974cdfe5da5816d7f00b75,c95cede6b37a6285e628071aad8dbd6649f6eb15fce2551560142961fbee83e3,True
MZ_Air,R01,11,cor,set_param,set_param,accepted,2,3,48ef9c44bbfb0bedfc26640283291b8387b203151d07563d1bc4a9639dc77a95,000b8d854b94ac7a38894678f2485ab866066cef2605366916a297f7a9e9cdf5,True
MZ_Air,R01,12,sou,set_param,set_param,accepted,2,3,02949d51bf97508e424ed82466f38223b213b9585d2f608814f75477fcf14758,d5d458d4e61f7029fe692830a2e7def118884688368d38ac75530dc181b12055,True
MZ_Air,R01,12,wes,deterministic_rejection,set_param,rejected,3,3,aa9da7edbd8dd682c0438cfe685bd8299204b131ed9b1159a7301ab51092af14,aa9da7edbd8dd682c0438cfe685bd8299204b131ed9b1159a7301ab51092af14,True
MZ_Air,R01,12,eas,deterministic_rejection,set_param,rejected,3,3,1709a3faa0cb135326b11050cb467e499ca96b8fd5974cdfe5da5816d7f00b75,1709a3faa0cb135326b11050cb467e499ca96b8fd5974cdfe5da5816d7f00b75,True
MZ_Air,R01,12,nor,deterministic_rejection,set_param,rejected,2,2,c95cede6b37a6285e628071aad8dbd6649f6eb15fce2551560142961fbee83e3,c95cede6b37a6285e628071aad8dbd6649f6eb15fce2551560142961fbee83e3,True
MZ_Air,R01,12,cor,set_param,set_param,accepted,3,4,000b8d854b94ac7a38894678f2485ab866066cef2605366916a297f7a9e9cdf5,65cf6c13ecdbf77313470fea90edeed13e61a6cdf4e54c0c5ba32f20ee55df40,True
MZ_Air,R01,13,sou,deterministic_rejection,set_param,rejected,3,3,d5d458d4e61f7029fe692830a2e7def118884688368d38ac75530dc181b12055,d5d458d4e61f7029fe692830a2e7def118884688368d38ac75530dc181b12055,True
MZ_Air,R01,13,eas,deterministic_rejection,replace_rule,rejected,3,3,1709a3faa0cb135326b11050cb467e499ca96b8fd5974cdfe5da5816d7f00b75,1709a3faa0cb135326b11050cb467e499ca96b8fd5974cdfe5da5816d7f00b75,True
MZ_Air,R01,13,wes,set_param,set_param,accepted,3,4,aa9da7edbd8dd682c0438cfe685bd8299204b131ed9b1159a7301ab51092af14,a699287d12f3293727a6b81faaa44ef257c259b7c962fea45ff6f66bfd63be90,True
MZ_Air,R01,13,nor,set_param,set_param,accepted,2,3,c95cede6b37a6285e628071aad8dbd6649f6eb15fce2551560142961fbee83e3,8c4857eede8102ee8cf05a53354fe997b647e30389062fccd93b26c8627d203e,True
MZ_Air,R01,13,cor,set_param,set_param,accepted,4,5,65cf6c13ecdbf77313470fea90edeed13e61a6cdf4e54c0c5ba32f20ee55df40,0820bc23d9766acf032b268f050f01420b4295078f5ad8e31a3515757377aee2,True
MZ_Air,R01,14,nor,explicit_no_change,no_change,accepted,3,3,8c4857eede8102ee8cf05a53354fe997b647e30389062fccd93b26c8627d203e,8c4857eede8102ee8cf05a53354fe997b647e30389062fccd93b26c8627d203e,True
MZ_Air,R01,14,wes,deterministic_rejection,set_param,rejected,4,4,a699287d12f3293727a6b81faaa44ef257c259b7c962fea45ff6f66bfd63be90,a699287d12f3293727a6b81faaa44ef257c259b7c962fea45ff6f66bfd63be90,True
MZ_Air,R01,14,eas,deterministic_rejection,set_param,rejected,3,3,1709a3faa0cb135326b11050cb467e499ca96b8fd5974cdfe5da5816d7f00b75,1709a3faa0cb135326b11050cb467e499ca96b8fd5974cdfe5da5816d7f00b75,True
MZ_Air,R01,14,sou,set_param,set_param,accepted,3,4,d5d458d4e61f7029fe692830a2e7def118884688368d38ac75530dc181b12055,f43ded2056026a2b3dff4e09f4d24a417605e395748776cb1e4ec1c3f9d79cff,True
MZ_Air,R01,14,cor,explicit_no_change,no_change,accepted,5,5,0820bc23d9766acf032b268f050f01420b4295078f5ad8e31a3515757377aee2,0820bc23d9766acf032b268f050f01420b4295078f5ad8e31a3515757377aee2,True
MZ_Air,R01,15,wes,deterministic_rejection,set_param,rejected,4,4,a699287d12f3293727a6b81faaa44ef257c259b7c962fea45ff6f66bfd63be90,a699287d12f3293727a6b81faaa44ef257c259b7c962fea45ff6f66bfd63be90,True
MZ_Air,R01,15,nor,replace_rule,replace_rule,accepted,3,4,8c4857eede8102ee8cf05a53354fe997b647e30389062fccd93b26c8627d203e,680e39fb21b78fb804b82e74fd8adde31293482323eab7824984358a8c8fd15b,True
MZ_Air,R01,15,eas,add_rule,add_rule,accepted,3,4,1709a3faa0cb135326b11050cb467e499ca96b8fd5974cdfe5da5816d7f00b75,16eaf88c19a022da63fc9430ecc67e676a8927f2d656870bff618c0e3ffccc2f,True
MZ_Air,R01,15,sou,set_param,set_param,accepted,4,5,f43ded2056026a2b3dff4e09f4d24a417605e395748776cb1e4ec1c3f9d79cff,8fe6387e5233ef01aa0b9e65fd5a1cc8f72f5324ccfb455c4d83fe28dc88276c,True
MZ_Air,R01,15,cor,explicit_no_change,no_change,accepted,5,5,0820bc23d9766acf032b268f050f01420b4295078f5ad8e31a3515757377aee2,0820bc23d9766acf032b268f050f01420b4295078f5ad8e31a3515757377aee2,True
MZ_Air,R01,16,eas,add_rule,add_rule,accepted,4,5,16eaf88c19a022da63fc9430ecc67e676a8927f2d656870bff618c0e3ffccc2f,e8a22cb2aa5479ffadb54b5a4abfffdd30150ec28be662a6ba5848514a7517e8,True
MZ_Air,R01,16,sou,deterministic_rejection,set_param,rejected,5,5,8fe6387e5233ef01aa0b9e65fd5a1cc8f72f5324ccfb455c4d83fe28dc88276c,8fe6387e5233ef01aa0b9e65fd5a1cc8f72f5324ccfb455c4d83fe28dc88276c,True
MZ_Air,R01,16,cor,explicit_no_change,no_change,accepted,5,5,0820bc23d9766acf032b268f050f01420b4295078f5ad8e31a3515757377aee2,0820bc23d9766acf032b268f050f01420b4295078f5ad8e31a3515757377aee2,True
MZ_Air,R01,16,nor,replace_rule,replace_rule,accepted,4,5,680e39fb21b78fb804b82e74fd8adde31293482323eab7824984358a8c8fd15b,dc1bfc777b129b5e48eaa2affd00af160cd324e4807e016e5c64d80951435a16,True
MZ_Air,R01,16,wes,set_param,set_param,accepted,4,5,a699287d12f3293727a6b81faaa44ef257c259b7c962fea45ff6f66bfd63be90,8a56754ca0d2b127810c5638256ff0d0f578320bae3efc3ca0b05bc0ab05388a,True
MZ_Air,R01,17,nor,deterministic_rejection,add_rule,rejected,5,5,dc1bfc777b129b5e48eaa2affd00af160cd324e4807e016e5c64d80951435a16,dc1bfc777b129b5e48eaa2affd00af160cd324e4807e016e5c64d80951435a16,True
MZ_Air,R01,17,wes,deterministic_rejection,set_param,rejected,5,5,8a56754ca0d2b127810c5638256ff0d0f578320bae3efc3ca0b05bc0ab05388a,8a56754ca0d2b127810c5638256ff0d0f578320bae3efc3ca0b05bc0ab05388a,True
MZ_Air,R01,17,sou,deterministic_rejection,add_rule,rejected,5,5,8fe6387e5233ef01aa0b9e65fd5a1cc8f72f5324ccfb455c4d83fe28dc88276c,8fe6387e5233ef01aa0b9e65fd5a1cc8f72f5324ccfb455c4d83fe28dc88276c,True
MZ_Air,R01,17,eas,remove_rule,remove_rule,accepted,5,6,e8a22cb2aa5479ffadb54b5a4abfffdd30150ec28be662a6ba5848514a7517e8,d5a5dcd70975e736a10dca306fe3e83bdf34a972235565778584167226c86616,True
MZ_Air,R01,17,cor,explicit_no_change,no_change,accepted,5,5,0820bc23d9766acf032b268f050f01420b4295078f5ad8e31a3515757377aee2,0820bc23d9766acf032b268f050f01420b4295078f5ad8e31a3515757377aee2,True
MZ_Air,R01,18,nor,replace_rule,replace_rule,accepted,5,6,dc1bfc777b129b5e48eaa2affd00af160cd324e4807e016e5c64d80951435a16,a29b40dc0f42b3d86802d66634e94839106bdb8a1974cb71dfb486b957ae9911,True
MZ_Air,R01,18,wes,replace_rule,replace_rule,accepted,5,6,8a56754ca0d2b127810c5638256ff0d0f578320bae3efc3ca0b05bc0ab05388a,231d0af39b0a05d3d547d8e4f0be7af71b87e804152642c6bdb060314222f380,True
MZ_Air,R01,18,sou,set_param,set_param,accepted,5,6,8fe6387e5233ef01aa0b9e65fd5a1cc8f72f5324ccfb455c4d83fe28dc88276c,a3ea228c214af3ad25eff19c24c93e5345af4a512f097321dc3f5a687a378724,True
MZ_Air,R01,18,eas,set_param,set_param,accepted,6,7,d5a5dcd70975e736a10dca306fe3e83bdf34a972235565778584167226c86616,184a32507f5ca5e89b315c0f483c4cf6d19e4ee2cb22e067b2bfebf79ef279e0,True
MZ_Air,R01,18,cor,explicit_no_change,no_change,accepted,5,5,0820bc23d9766acf032b268f050f01420b4295078f5ad8e31a3515757377aee2,0820bc23d9766acf032b268f050f01420b4295078f5ad8e31a3515757377aee2,True
MZ_Air,R01,19,nor,explicit_no_change,no_change,accepted,6,6,a29b40dc0f42b3d86802d66634e94839106bdb8a1974cb71dfb486b957ae9911,a29b40dc0f42b3d86802d66634e94839106bdb8a1974cb71dfb486b957ae9911,True
MZ_Air,R01,19,eas,deterministic_rejection,set_param,rejected,7,7,184a32507f5ca5e89b315c0f483c4cf6d19e4ee2cb22e067b2bfebf79ef279e0,184a32507f5ca5e89b315c0f483c4cf6d19e4ee2cb22e067b2bfebf79ef279e0,True
MZ_Air,R01,19,sou,deterministic_rejection,add_rule,rejected,6,6,a3ea228c214af3ad25eff19c24c93e5345af4a512f097321dc3f5a687a378724,a3ea228c214af3ad25eff19c24c93e5345af4a512f097321dc3f5a687a378724,True
MZ_Air,R01,19,wes,set_param,set_param,accepted,6,7,231d0af39b0a05d3d547d8e4f0be7af71b87e804152642c6bdb060314222f380,33fdc89cc21ac31fa1396432d221245bd23c68039c09c178b6a0b6d427df9ead,True
MZ_Air,R01,19,cor,explicit_no_change,no_change,accepted,5,5,0820bc23d9766acf032b268f050f01420b4295078f5ad8e31a3515757377aee2,0820bc23d9766acf032b268f050f01420b4295078f5ad8e31a3515757377aee2,True
MZ_Air,R01,20,cor,explicit_no_change,no_change,accepted,5,5,0820bc23d9766acf032b268f050f01420b4295078f5ad8e31a3515757377aee2,0820bc23d9766acf032b268f050f01420b4295078f5ad8e31a3515757377aee2,True
MZ_Air,R01,20,eas,deterministic_rejection,set_param,rejected,7,7,184a32507f5ca5e89b315c0f483c4cf6d19e4ee2cb22e067b2bfebf79ef279e0,184a32507f5ca5e89b315c0f483c4cf6d19e4ee2cb22e067b2bfebf79ef279e0,True
MZ_Air,R01,20,nor,deterministic_rejection,replace_rule,rejected,6,6,a29b40dc0f42b3d86802d66634e94839106bdb8a1974cb71dfb486b957ae9911,a29b40dc0f42b3d86802d66634e94839106bdb8a1974cb71dfb486b957ae9911,True
MZ_Air,R01,20,sou,explicit_no_change,no_change,accepted,6,6,a3ea228c214af3ad25eff19c24c93e5345af4a512f097321dc3f5a687a378724,a3ea228c214af3ad25eff19c24c93e5345af4a512f097321dc3f5a687a378724,True
MZ_Air,R01,20,wes,set_param,set_param,accepted,7,8,33fdc89cc21ac31fa1396432d221245bd23c68039c09c178b6a0b6d427df9ead,0d41731ee39a5f2e2db03f96801f91183b34969c1ade5e4a2195f193df27c6b5,True
MZ_Air,R01,21,cor,explicit_no_change,no_change,accepted,5,5,0820bc23d9766acf032b268f050f01420b4295078f5ad8e31a3515757377aee2,0820bc23d9766acf032b268f050f01420b4295078f5ad8e31a3515757377aee2,True
MZ_Air,R01,21,eas,deterministic_rejection,set_param,rejected,7,7,184a32507f5ca5e89b315c0f483c4cf6d19e4ee2cb22e067b2bfebf79ef279e0,184a32507f5ca5e89b315c0f483c4cf6d19e4ee2cb22e067b2bfebf79ef279e0,True
MZ_Air,R01,21,nor,replace_rule,replace_rule,accepted,6,7,a29b40dc0f42b3d86802d66634e94839106bdb8a1974cb71dfb486b957ae9911,52c3eeeb0f3323a44138ec05270e19ab9b24412cd8b836a0d864f6d06fcb4212,True
MZ_Air,R01,21,sou,explicit_no_change,no_change,accepted,6,6,a3ea228c214af3ad25eff19c24c93e5345af4a512f097321dc3f5a687a378724,a3ea228c214af3ad25eff19c24c93e5345af4a512f097321dc3f5a687a378724,True
MZ_Air,R01,21,wes,explicit_no_change,no_change,accepted,8,8,0d41731ee39a5f2e2db03f96801f91183b34969c1ade5e4a2195f193df27c6b5,0d41731ee39a5f2e2db03f96801f91183b34969c1ade5e4a2195f193df27c6b5,True
MZ_Air,R01,22,cor,explicit_no_change,no_change,accepted,5,5,0820bc23d9766acf032b268f050f01420b4295078f5ad8e31a3515757377aee2,0820bc23d9766acf032b268f050f01420b4295078f5ad8e31a3515757377aee2,True
MZ_Air,R01,22,eas,explicit_no_change,no_change,accepted,7,7,184a32507f5ca5e89b315c0f483c4cf6d19e4ee2cb22e067b2bfebf79ef279e0,184a32507f5ca5e89b315c0f483c4cf6d19e4ee2cb22e067b2bfebf79ef279e0,True
MZ_Air,R01,22,nor,explicit_no_change,no_change,accepted,7,7,52c3eeeb0f3323a44138ec05270e19ab9b24412cd8b836a0d864f6d06fcb4212,52c3eeeb0f3323a44138ec05270e19ab9b24412cd8b836a0d864f6d06fcb4212,True
MZ_Air,R01,22,sou,explicit_no_change,no_change,accepted,6,6,a3ea228c214af3ad25eff19c24c93e5345af4a512f097321dc3f5a687a378724,a3ea228c214af3ad25eff19c24c93e5345af4a512f097321dc3f5a687a378724,True
MZ_Air,R01,22,wes,explicit_no_change,no_change,accepted,8,8,0d41731ee39a5f2e2db03f96801f91183b34969c1ade5e4a2195f193df27c6b5,0d41731ee39a5f2e2db03f96801f91183b34969c1ade5e4a2195f193df27c6b5,True
MZ_Air,R01,23,cor,explicit_no_change,no_change,accepted,5,5,0820bc23d9766acf032b268f050f01420b4295078f5ad8e31a3515757377aee2,0820bc23d9766acf032b268f050f01420b4295078f5ad8e31a3515757377aee2,True
MZ_Air,R01,23,eas,explicit_no_change,no_change,accepted,7,7,184a32507f5ca5e89b315c0f483c4cf6d19e4ee2cb22e067b2bfebf79ef279e0,184a32507f5ca5e89b315c0f483c4cf6d19e4ee2cb22e067b2bfebf79ef279e0,True
MZ_Air,R01,23,nor,explicit_no_change,no_change,accepted,7,7,52c3eeeb0f3323a44138ec05270e19ab9b24412cd8b836a0d864f6d06fcb4212,52c3eeeb0f3323a44138ec05270e19ab9b24412cd8b836a0d864f6d06fcb4212,True
MZ_Air,R01,23,sou,explicit_no_change,no_change,accepted,6,6,a3ea228c214af3ad25eff19c24c93e5345af4a512f097321dc3f5a687a378724,a3ea228c214af3ad25eff19c24c93e5345af4a512f097321dc3f5a687a378724,True
MZ_Air,R01,23,wes,explicit_no_change,no_change,accepted,8,8,0d41731ee39a5f2e2db03f96801f91183b34969c1ade5e4a2195f193df27c6b5,0d41731ee39a5f2e2db03f96801f91183b34969c1ade5e4a2195f193df27c6b5,True
MZ_Air,R01,24,cor,explicit_no_change,no_change,accepted,5,5,0820bc23d9766acf032b268f050f01420b4295078f5ad8e31a3515757377aee2,0820bc23d9766acf032b268f050f01420b4295078f5ad8e31a3515757377aee2,True
MZ_Air,R01,24,eas,explicit_no_change,no_change,accepted,7,7,184a32507f5ca5e89b315c0f483c4cf6d19e4ee2cb22e067b2bfebf79ef279e0,184a32507f5ca5e89b315c0f483c4cf6d19e4ee2cb22e067b2bfebf79ef279e0,True
MZ_Air,R01,24,nor,explicit_no_change,no_change,accepted,7,7,52c3eeeb0f3323a44138ec05270e19ab9b24412cd8b836a0d864f6d06fcb4212,52c3eeeb0f3323a44138ec05270e19ab9b24412cd8b836a0d864f6d06fcb4212,True
MZ_Air,R01,24,sou,explicit_no_change,no_change,accepted,6,6,a3ea228c214af3ad25eff19c24c93e5345af4a512f097321dc3f5a687a378724,a3ea228c214af3ad25eff19c24c93e5345af4a512f097321dc3f5a687a378724,True
MZ_Air,R01,24,wes,explicit_no_change,no_change,accepted,8,8,0d41731ee39a5f2e2db03f96801f91183b34969c1ade5e4a2195f193df27c6b5,0d41731ee39a5f2e2db03f96801f91183b34969c1ade5e4a2195f193df27c6b5,True
MZ_Air,R01,25,cor,explicit_no_change,no_change,accepted,5,5,0820bc23d9766acf032b268f050f01420b4295078f5ad8e31a3515757377aee2,0820bc23d9766acf032b268f050f01420b4295078f5ad8e31a3515757377aee2,True
MZ_Air,R01,25,eas,explicit_no_change,no_change,accepted,7,7,184a32507f5ca5e89b315c0f483c4cf6d19e4ee2cb22e067b2bfebf79ef279e0,184a32507f5ca5e89b315c0f483c4cf6d19e4ee2cb22e067b2bfebf79ef279e0,True
MZ_Air,R01,25,nor,explicit_no_change,no_change,accepted,7,7,52c3eeeb0f3323a44138ec05270e19ab9b24412cd8b836a0d864f6d06fcb4212,52c3eeeb0f3323a44138ec05270e19ab9b24412cd8b836a0d864f6d06fcb4212,True
MZ_Air,R01,25,sou,explicit_no_change,no_change,accepted,6,6,a3ea228c214af3ad25eff19c24c93e5345af4a512f097321dc3f5a687a378724,a3ea228c214af3ad25eff19c24c93e5345af4a512f097321dc3f5a687a378724,True
MZ_Air,R01,25,wes,explicit_no_change,no_change,accepted,8,8,0d41731ee39a5f2e2db03f96801f91183b34969c1ade5e4a2195f193df27c6b5,0d41731ee39a5f2e2db03f96801f91183b34969c1ade5e4a2195f193df27c6b5,True
MZ_Air,R01,26,cor,explicit_no_change,no_change,accepted,5,5,0820bc23d9766acf032b268f050f01420b4295078f5ad8e31a3515757377aee2,0820bc23d9766acf032b268f050f01420b4295078f5ad8e31a3515757377aee2,True
MZ_Air,R01,26,eas,explicit_no_change,no_change,accepted,7,7,184a32507f5ca5e89b315c0f483c4cf6d19e4ee2cb22e067b2bfebf79ef279e0,184a32507f5ca5e89b315c0f483c4cf6d19e4ee2cb22e067b2bfebf79ef279e0,True
MZ_Air,R01,26,nor,explicit_no_change,no_change,accepted,7,7,52c3eeeb0f3323a44138ec05270e19ab9b24412cd8b836a0d864f6d06fcb4212,52c3eeeb0f3323a44138ec05270e19ab9b24412cd8b836a0d864f6d06fcb4212,True
MZ_Air,R01,26,sou,explicit_no_change,no_change,accepted,6,6,a3ea228c214af3ad25eff19c24c93e5345af4a512f097321dc3f5a687a378724,a3ea228c214af3ad25eff19c24c93e5345af4a512f097321dc3f5a687a378724,True
MZ_Air,R01,26,wes,explicit_no_change,no_change,accepted,8,8,0d41731ee39a5f2e2db03f96801f91183b34969c1ade5e4a2195f193df27c6b5,0d41731ee39a5f2e2db03f96801f91183b34969c1ade5e4a2195f193df27c6b5,True
MZ_Air,R01,27,cor,explicit_no_change,no_change,accepted,5,5,0820bc23d9766acf032b268f050f01420b4295078f5ad8e31a3515757377aee2,0820bc23d9766acf032b268f050f01420b4295078f5ad8e31a3515757377aee2,True
MZ_Air,R01,27,eas,explicit_no_change,no_change,accepted,7,7,184a32507f5ca5e89b315c0f483c4cf6d19e4ee2cb22e067b2bfebf79ef279e0,184a32507f5ca5e89b315c0f483c4cf6d19e4ee2cb22e067b2bfebf79ef279e0,True
MZ_Air,R01,27,nor,explicit_no_change,no_change,accepted,7,7,52c3eeeb0f3323a44138ec05270e19ab9b24412cd8b836a0d864f6d06fcb4212,52c3eeeb0f3323a44138ec05270e19ab9b24412cd8b836a0d864f6d06fcb4212,True
MZ_Air,R01,27,sou,explicit_no_change,no_change,accepted,6,6,a3ea228c214af3ad25eff19c24c93e5345af4a512f097321dc3f5a687a378724,a3ea228c214af3ad25eff19c24c93e5345af4a512f097321dc3f5a687a378724,True
MZ_Air,R01,27,wes,explicit_no_change,no_change,accepted,8,8,0d41731ee39a5f2e2db03f96801f91183b34969c1ade5e4a2195f193df27c6b5,0d41731ee39a5f2e2db03f96801f91183b34969c1ade5e4a2195f193df27c6b5,True
MZ_Air,R01,28,wes,explicit_no_change,no_change,accepted,8,8,0d41731ee39a5f2e2db03f96801f91183b34969c1ade5e4a2195f193df27c6b5,0d41731ee39a5f2e2db03f96801f91183b34969c1ade5e4a2195f193df27c6b5,True
MZ_Air,R01,28,sou,explicit_no_change,no_change,accepted,6,6,a3ea228c214af3ad25eff19c24c93e5345af4a512f097321dc3f5a687a378724,a3ea228c214af3ad25eff19c24c93e5345af4a512f097321dc3f5a687a378724,True
MZ_Air,R01,28,eas,explicit_no_change,no_change,accepted,7,7,184a32507f5ca5e89b315c0f483c4cf6d19e4ee2cb22e067b2bfebf79ef279e0,184a32507f5ca5e89b315c0f483c4cf6d19e4ee2cb22e067b2bfebf79ef279e0,True
MZ_Air,R01,28,nor,explicit_no_change,no_change,accepted,7,7,52c3eeeb0f3323a44138ec05270e19ab9b24412cd8b836a0d864f6d06fcb4212,52c3eeeb0f3323a44138ec05270e19ab9b24412cd8b836a0d864f6d06fcb4212,True
MZ_Air,R01,28,cor,explicit_no_change,no_change,accepted,5,5,0820bc23d9766acf032b268f050f01420b4295078f5ad8e31a3515757377aee2,0820bc23d9766acf032b268f050f01420b4295078f5ad8e31a3515757377aee2,True
MZ_Air,R01,29,wes,explicit_no_change,no_change,accepted,8,8,0d41731ee39a5f2e2db03f96801f91183b34969c1ade5e4a2195f193df27c6b5,0d41731ee39a5f2e2db03f96801f91183b34969c1ade5e4a2195f193df27c6b5,True
MZ_Air,R01,29,sou,explicit_no_change,no_change,accepted,6,6,a3ea228c214af3ad25eff19c24c93e5345af4a512f097321dc3f5a687a378724,a3ea228c214af3ad25eff19c24c93e5345af4a512f097321dc3f5a687a378724,True
MZ_Air,R01,29,eas,explicit_no_change,no_change,accepted,7,7,184a32507f5ca5e89b315c0f483c4cf6d19e4ee2cb22e067b2bfebf79ef279e0,184a32507f5ca5e89b315c0f483c4cf6d19e4ee2cb22e067b2bfebf79ef279e0,True
MZ_Air,R01,29,nor,explicit_no_change,no_change,accepted,7,7,52c3eeeb0f3323a44138ec05270e19ab9b24412cd8b836a0d864f6d06fcb4212,52c3eeeb0f3323a44138ec05270e19ab9b24412cd8b836a0d864f6d06fcb4212,True
MZ_Air,R01,29,cor,explicit_no_change,no_change,accepted,5,5,0820bc23d9766acf032b268f050f01420b4295078f5ad8e31a3515757377aee2,0820bc23d9766acf032b268f050f01420b4295078f5ad8e31a3515757377aee2,True
MZ_Air,R01,30,cor,set_param,set_param,accepted,5,6,0820bc23d9766acf032b268f050f01420b4295078f5ad8e31a3515757377aee2,8dae5af70873f01f401e8e66cb0d1390e1d70fc28047aa1322dc47484f8af6bb,True
MZ_Air,R01,30,eas,explicit_no_change,no_change,accepted,7,7,184a32507f5ca5e89b315c0f483c4cf6d19e4ee2cb22e067b2bfebf79ef279e0,184a32507f5ca5e89b315c0f483c4cf6d19e4ee2cb22e067b2bfebf79ef279e0,True
MZ_Air,R01,30,nor,explicit_no_change,no_change,accepted,7,7,52c3eeeb0f3323a44138ec05270e19ab9b24412cd8b836a0d864f6d06fcb4212,52c3eeeb0f3323a44138ec05270e19ab9b24412cd8b836a0d864f6d06fcb4212,True
MZ_Air,R01,30,sou,explicit_no_change,no_change,accepted,6,6,a3ea228c214af3ad25eff19c24c93e5345af4a512f097321dc3f5a687a378724,a3ea228c214af3ad25eff19c24c93e5345af4a512f097321dc3f5a687a378724,True
MZ_Air,R01,30,wes,explicit_no_change,no_change,accepted,8,8,0d41731ee39a5f2e2db03f96801f91183b34969c1ade5e4a2195f193df27c6b5,0d41731ee39a5f2e2db03f96801f91183b34969c1ade5e4a2195f193df27c6b5,True
MZ_Air,R01,31,cor,deterministic_rejection,set_param,rejected,6,6,8dae5af70873f01f401e8e66cb0d1390e1d70fc28047aa1322dc47484f8af6bb,8dae5af70873f01f401e8e66cb0d1390e1d70fc28047aa1322dc47484f8af6bb,True
MZ_Air,R01,31,eas,explicit_no_change,no_change,accepted,7,7,184a32507f5ca5e89b315c0f483c4cf6d19e4ee2cb22e067b2bfebf79ef279e0,184a32507f5ca5e89b315c0f483c4cf6d19e4ee2cb22e067b2bfebf79ef279e0,True
MZ_Air,R01,31,nor,explicit_no_change,no_change,accepted,7,7,52c3eeeb0f3323a44138ec05270e19ab9b24412cd8b836a0d864f6d06fcb4212,52c3eeeb0f3323a44138ec05270e19ab9b24412cd8b836a0d864f6d06fcb4212,True
MZ_Air,R01,31,sou,explicit_no_change,no_change,accepted,6,6,a3ea228c214af3ad25eff19c24c93e5345af4a512f097321dc3f5a687a378724,a3ea228c214af3ad25eff19c24c93e5345af4a512f097321dc3f5a687a378724,True
MZ_Air,R01,31,wes,explicit_no_change,no_change,accepted,8,8,0d41731ee39a5f2e2db03f96801f91183b34969c1ade5e4a2195f193df27c6b5,0d41731ee39a5f2e2db03f96801f91183b34969c1ade5e4a2195f193df27c6b5,True
MZ_Air,R01,32,cor,set_param,set_param,accepted,6,7,8dae5af70873f01f401e8e66cb0d1390e1d70fc28047aa1322dc47484f8af6bb,8427fff190922672e39d3fbbd3b527cd29364317b0ffb74b63ee762ed6a45ecd,True
MZ_Air,R01,32,eas,explicit_no_change,no_change,accepted,7,7,184a32507f5ca5e89b315c0f483c4cf6d19e4ee2cb22e067b2bfebf79ef279e0,184a32507f5ca5e89b315c0f483c4cf6d19e4ee2cb22e067b2bfebf79ef279e0,True
MZ_Air,R01,32,wes,add_rule,add_rule,accepted,8,9,0d41731ee39a5f2e2db03f96801f91183b34969c1ade5e4a2195f193df27c6b5,ad22edabe4b531bdccee4b1bbc9c99d3f8e812406113fdd75970141c34a2398e,True
MZ_Air,R01,32,sou,add_rule,add_rule,accepted,6,7,a3ea228c214af3ad25eff19c24c93e5345af4a512f097321dc3f5a687a378724,6a74cd3b6062f06f497f2a6e96f52fddca72a3e90180e5ec2c6c0a8e2865b655,True
MZ_Air,R01,32,nor,explicit_no_change,no_change,accepted,7,7,52c3eeeb0f3323a44138ec05270e19ab9b24412cd8b836a0d864f6d06fcb4212,52c3eeeb0f3323a44138ec05270e19ab9b24412cd8b836a0d864f6d06fcb4212,True
MZ_Air,R01,33,cor,set_param,set_param,accepted,7,8,8427fff190922672e39d3fbbd3b527cd29364317b0ffb74b63ee762ed6a45ecd,8781edee538f248e3d97a33dc7fc276311514324a15271852f8ebfa4965c8d49,True
MZ_Air,R01,33,nor,replace_rule,replace_rule,accepted,7,8,52c3eeeb0f3323a44138ec05270e19ab9b24412cd8b836a0d864f6d06fcb4212,e5d06fdfb296d73f3bab657036d5a98f90e9fc49aae8595899daf4df05541f6a,True
MZ_Air,R01,33,sou,deterministic_rejection,replace_rule,rejected,7,7,6a74cd3b6062f06f497f2a6e96f52fddca72a3e90180e5ec2c6c0a8e2865b655,6a74cd3b6062f06f497f2a6e96f52fddca72a3e90180e5ec2c6c0a8e2865b655,True
MZ_Air,R01,33,eas,explicit_no_change,no_change,accepted,7,7,184a32507f5ca5e89b315c0f483c4cf6d19e4ee2cb22e067b2bfebf79ef279e0,184a32507f5ca5e89b315c0f483c4cf6d19e4ee2cb22e067b2bfebf79ef279e0,True
MZ_Air,R01,33,wes,set_param,set_param,accepted,9,10,ad22edabe4b531bdccee4b1bbc9c99d3f8e812406113fdd75970141c34a2398e,2139a70f9b3a29aca8e74347d01222627fe02710318a0938b235508f4507a3bf,True
MZ_Air,R01,34,nor,deterministic_rejection,replace_rule,rejected,8,8,e5d06fdfb296d73f3bab657036d5a98f90e9fc49aae8595899daf4df05541f6a,e5d06fdfb296d73f3bab657036d5a98f90e9fc49aae8595899daf4df05541f6a,True
MZ_Air,R01,34,sou,deterministic_rejection,set_param,rejected,7,7,6a74cd3b6062f06f497f2a6e96f52fddca72a3e90180e5ec2c6c0a8e2865b655,6a74cd3b6062f06f497f2a6e96f52fddca72a3e90180e5ec2c6c0a8e2865b655,True
MZ_Air,R01,34,cor,deterministic_rejection,add_rule,rejected,8,8,8781edee538f248e3d97a33dc7fc276311514324a15271852f8ebfa4965c8d49,8781edee538f248e3d97a33dc7fc276311514324a15271852f8ebfa4965c8d49,True
MZ_Air,R01,34,eas,deterministic_rejection,set_param,rejected,7,7,184a32507f5ca5e89b315c0f483c4cf6d19e4ee2cb22e067b2bfebf79ef279e0,184a32507f5ca5e89b315c0f483c4cf6d19e4ee2cb22e067b2bfebf79ef279e0,True
MZ_Air,R01,34,wes,deterministic_rejection,add_rule,rejected,10,10,2139a70f9b3a29aca8e74347d01222627fe02710318a0938b235508f4507a3bf,2139a70f9b3a29aca8e74347d01222627fe02710318a0938b235508f4507a3bf,True
MZ_Air,R01,35,nor,set_param,set_param,accepted,8,9,e5d06fdfb296d73f3bab657036d5a98f90e9fc49aae8595899daf4df05541f6a,6df80cb74332506dbf4186bf3f0ce5444f38dc58dd5c537b6dcc50b19b97bbb0,True
MZ_Air,R01,35,eas,add_rule,add_rule,accepted,7,8,184a32507f5ca5e89b315c0f483c4cf6d19e4ee2cb22e067b2bfebf79ef279e0,a343bd3474b5406678523f6d209bf257d78dba2b25d4e334878d8bb7b1915d57,True
MZ_Air,R01,35,sou,deterministic_rejection,replace_rule,rejected,7,7,6a74cd3b6062f06f497f2a6e96f52fddca72a3e90180e5ec2c6c0a8e2865b655,6a74cd3b6062f06f497f2a6e96f52fddca72a3e90180e5ec2c6c0a8e2865b655,True
MZ_Air,R01,35,cor,deterministic_rejection,add_rule,rejected,8,8,8781edee538f248e3d97a33dc7fc276311514324a15271852f8ebfa4965c8d49,8781edee538f248e3d97a33dc7fc276311514324a15271852f8ebfa4965c8d49,True
MZ_Air,R01,35,wes,deterministic_rejection,replace_rule,rejected,10,10,2139a70f9b3a29aca8e74347d01222627fe02710318a0938b235508f4507a3bf,2139a70f9b3a29aca8e74347d01222627fe02710318a0938b235508f4507a3bf,True
MZ_Air,R01,36,eas,explicit_no_change,no_change,accepted,8,8,a343bd3474b5406678523f6d209bf257d78dba2b25d4e334878d8bb7b1915d57,a343bd3474b5406678523f6d209bf257d78dba2b25d4e334878d8bb7b1915d57,True
MZ_Air,R01,36,sou,deterministic_rejection,replace_rule,rejected,7,7,6a74cd3b6062f06f497f2a6e96f52fddca72a3e90180e5ec2c6c0a8e2865b655,6a74cd3b6062f06f497f2a6e96f52fddca72a3e90180e5ec2c6c0a8e2865b655,True
MZ_Air,R01,36,nor,replace_rule,replace_rule,accepted,9,10,6df80cb74332506dbf4186bf3f0ce5444f38dc58dd5c537b6dcc50b19b97bbb0,da91143a277eb276746981e041202479cf7c9464bd5e055535086ed895820e12,True
MZ_Air,R01,36,cor,schema_fallback,no_change,model_output_rejected,8,8,8781edee538f248e3d97a33dc7fc276311514324a15271852f8ebfa4965c8d49,8781edee538f248e3d97a33dc7fc276311514324a15271852f8ebfa4965c8d49,True
MZ_Air,R01,36,wes,replace_rule,replace_rule,accepted,10,11,2139a70f9b3a29aca8e74347d01222627fe02710318a0938b235508f4507a3bf,185dee5679f22ccca8569fdf9aaac98920bb39a13e09323bf2e93ae9e0d86100,True
MZ_Air,R01,37,eas,remove_rule,remove_rule,accepted,8,9,a343bd3474b5406678523f6d209bf257d78dba2b25d4e334878d8bb7b1915d57,52d6c1efe89d92efb784c5f75593c75afb643de0f20456e2a09bf506bb77c89e,True
MZ_Air,R01,37,wes,schema_fallback,no_change,model_output_rejected,11,11,185dee5679f22ccca8569fdf9aaac98920bb39a13e09323bf2e93ae9e0d86100,185dee5679f22ccca8569fdf9aaac98920bb39a13e09323bf2e93ae9e0d86100,True
MZ_Air,R01,37,sou,deterministic_rejection,add_rule,rejected,7,7,6a74cd3b6062f06f497f2a6e96f52fddca72a3e90180e5ec2c6c0a8e2865b655,6a74cd3b6062f06f497f2a6e96f52fddca72a3e90180e5ec2c6c0a8e2865b655,True
MZ_Air,R01,37,cor,set_param,set_param,accepted,8,9,8781edee538f248e3d97a33dc7fc276311514324a15271852f8ebfa4965c8d49,1ca762c1d6589594185dd6d861b7e9b85316910fac7804f0e9070cd9b22cf696,True
MZ_Air,R01,37,nor,set_param,set_param,accepted,10,11,da91143a277eb276746981e041202479cf7c9464bd5e055535086ed895820e12,3c6ee3638525208695603b004557e6217b392a4b5813f081e48452e59f94d7da,True
MZ_Air,R01,38,cor,deterministic_rejection,set_param,rejected,9,9,1ca762c1d6589594185dd6d861b7e9b85316910fac7804f0e9070cd9b22cf696,1ca762c1d6589594185dd6d861b7e9b85316910fac7804f0e9070cd9b22cf696,True
MZ_Air,R01,38,nor,replace_rule,replace_rule,accepted,11,12,3c6ee3638525208695603b004557e6217b392a4b5813f081e48452e59f94d7da,d2c030de03adf56d03921fad83a37eae28b71f4f062cddbea3151fe907df6538,True
MZ_Air,R01,38,eas,deterministic_rejection,replace_rule,rejected,9,9,52d6c1efe89d92efb784c5f75593c75afb643de0f20456e2a09bf506bb77c89e,52d6c1efe89d92efb784c5f75593c75afb643de0f20456e2a09bf506bb77c89e,True
MZ_Air,R01,38,wes,deterministic_rejection,add_rule,rejected,11,11,185dee5679f22ccca8569fdf9aaac98920bb39a13e09323bf2e93ae9e0d86100,185dee5679f22ccca8569fdf9aaac98920bb39a13e09323bf2e93ae9e0d86100,True
MZ_Air,R01,38,sou,deterministic_rejection,add_rule,rejected,7,7,6a74cd3b6062f06f497f2a6e96f52fddca72a3e90180e5ec2c6c0a8e2865b655,6a74cd3b6062f06f497f2a6e96f52fddca72a3e90180e5ec2c6c0a8e2865b655,True
MZ_Air,R01,39,wes,set_param,set_param,accepted,11,12,185dee5679f22ccca8569fdf9aaac98920bb39a13e09323bf2e93ae9e0d86100,cbb82f5b958395c8ecfcfc01ec811f7a1c6c9ebeb1f25074c84086aea8ec0cac,True
MZ_Air,R01,39,eas,add_rule,add_rule,accepted,9,10,52d6c1efe89d92efb784c5f75593c75afb643de0f20456e2a09bf506bb77c89e,6dc93d6d0fafadc11c6dfde6585cba27c7b9b14ba0bba8bc916325a6e6f9c62a,True
MZ_Air,R01,39,nor,deterministic_rejection,replace_rule,rejected,12,12,d2c030de03adf56d03921fad83a37eae28b71f4f062cddbea3151fe907df6538,d2c030de03adf56d03921fad83a37eae28b71f4f062cddbea3151fe907df6538,True
MZ_Air,R01,39,sou,deterministic_rejection,replace_rule,rejected,7,7,6a74cd3b6062f06f497f2a6e96f52fddca72a3e90180e5ec2c6c0a8e2865b655,6a74cd3b6062f06f497f2a6e96f52fddca72a3e90180e5ec2c6c0a8e2865b655,True
MZ_Air,R01,39,cor,set_param,set_param,accepted,9,10,1ca762c1d6589594185dd6d861b7e9b85316910fac7804f0e9070cd9b22cf696,4e6eddb4114badfa4cb84e7c0df56f1d4606adcd35db820d5c064b8997208eeb,True
MZ_Air,R01,40,wes,set_param,set_param,accepted,12,13,cbb82f5b958395c8ecfcfc01ec811f7a1c6c9ebeb1f25074c84086aea8ec0cac,185dee5679f22ccca8569fdf9aaac98920bb39a13e09323bf2e93ae9e0d86100,True
MZ_Air,R01,40,eas,replace_rule,replace_rule,accepted,10,11,6dc93d6d0fafadc11c6dfde6585cba27c7b9b14ba0bba8bc916325a6e6f9c62a,bdb3cfcaca3726ec0cd17cc34b955f9cbc6cc8e5ae9bfdafafbe76cc46371b97,True
MZ_Air,R01,40,nor,deterministic_rejection,add_rule,rejected,12,12,d2c030de03adf56d03921fad83a37eae28b71f4f062cddbea3151fe907df6538,d2c030de03adf56d03921fad83a37eae28b71f4f062cddbea3151fe907df6538,True
MZ_Air,R01,40,sou,deterministic_rejection,replace_rule,rejected,7,7,6a74cd3b6062f06f497f2a6e96f52fddca72a3e90180e5ec2c6c0a8e2865b655,6a74cd3b6062f06f497f2a6e96f52fddca72a3e90180e5ec2c6c0a8e2865b655,True
MZ_Air,R01,40,cor,set_param,set_param,accepted,10,11,4e6eddb4114badfa4cb84e7c0df56f1d4606adcd35db820d5c064b8997208eeb,4ae4b6f1bf4c3e0021f611b7a94e5333744aefd0c2ead77a94070816305be470,True
MZ_Air,R01,41,wes,explicit_no_change,no_change,accepted,13,13,185dee5679f22ccca8569fdf9aaac98920bb39a13e09323bf2e93ae9e0d86100,185dee5679f22ccca8569fdf9aaac98920bb39a13e09323bf2e93ae9e0d86100,True
MZ_Air,R01,41,eas,explicit_no_change,no_change,accepted,11,11,bdb3cfcaca3726ec0cd17cc34b955f9cbc6cc8e5ae9bfdafafbe76cc46371b97,bdb3cfcaca3726ec0cd17cc34b955f9cbc6cc8e5ae9bfdafafbe76cc46371b97,True
MZ_Air,R01,41,nor,deterministic_rejection,replace_rule,rejected,12,12,d2c030de03adf56d03921fad83a37eae28b71f4f062cddbea3151fe907df6538,d2c030de03adf56d03921fad83a37eae28b71f4f062cddbea3151fe907df6538,True
MZ_Air,R01,41,sou,schema_fallback,no_change,model_output_rejected,7,7,6a74cd3b6062f06f497f2a6e96f52fddca72a3e90180e5ec2c6c0a8e2865b655,6a74cd3b6062f06f497f2a6e96f52fddca72a3e90180e5ec2c6c0a8e2865b655,True
MZ_Air,R01,41,cor,set_param,set_param,accepted,11,12,4ae4b6f1bf4c3e0021f611b7a94e5333744aefd0c2ead77a94070816305be470,b5bfbf04bd2a95fa4745d47f276b7de007a63efe15ed498fc5ee99ab0f0e29b2,True
MZ_Air,R01,42,wes,deterministic_rejection,replace_rule,rejected,13,13,185dee5679f22ccca8569fdf9aaac98920bb39a13e09323bf2e93ae9e0d86100,185dee5679f22ccca8569fdf9aaac98920bb39a13e09323bf2e93ae9e0d86100,True
MZ_Air,R01,42,eas,remove_rule,remove_rule,accepted,11,12,bdb3cfcaca3726ec0cd17cc34b955f9cbc6cc8e5ae9bfdafafbe76cc46371b97,e9791a62029ac5f8caba8bfa1203f99b42c400e406f284000d5973ca286f35b9,True
MZ_Air,R01,42,nor,deterministic_rejection,add_rule,rejected,12,12,d2c030de03adf56d03921fad83a37eae28b71f4f062cddbea3151fe907df6538,d2c030de03adf56d03921fad83a37eae28b71f4f062cddbea3151fe907df6538,True
MZ_Air,R01,42,sou,deterministic_rejection,add_rule,rejected,7,7,6a74cd3b6062f06f497f2a6e96f52fddca72a3e90180e5ec2c6c0a8e2865b655,6a74cd3b6062f06f497f2a6e96f52fddca72a3e90180e5ec2c6c0a8e2865b655,True
MZ_Air,R01,42,cor,explicit_no_change,no_change,accepted,12,12,b5bfbf04bd2a95fa4745d47f276b7de007a63efe15ed498fc5ee99ab0f0e29b2,b5bfbf04bd2a95fa4745d47f276b7de007a63efe15ed498fc5ee99ab0f0e29b2,True
MZ_Air,R01,43,nor,schema_fallback,no_change,model_output_rejected,12,12,d2c030de03adf56d03921fad83a37eae28b71f4f062cddbea3151fe907df6538,d2c030de03adf56d03921fad83a37eae28b71f4f062cddbea3151fe907df6538,True
MZ_Air,R01,43,wes,deterministic_rejection,replace_rule,rejected,13,13,185dee5679f22ccca8569fdf9aaac98920bb39a13e09323bf2e93ae9e0d86100,185dee5679f22ccca8569fdf9aaac98920bb39a13e09323bf2e93ae9e0d86100,True
MZ_Air,R01,43,cor,deterministic_rejection,set_param,rejected,12,12,b5bfbf04bd2a95fa4745d47f276b7de007a63efe15ed498fc5ee99ab0f0e29b2,b5bfbf04bd2a95fa4745d47f276b7de007a63efe15ed498fc5ee99ab0f0e29b2,True
MZ_Air,R01,43,eas,explicit_no_change,no_change,accepted,12,12,e9791a62029ac5f8caba8bfa1203f99b42c400e406f284000d5973ca286f35b9,e9791a62029ac5f8caba8bfa1203f99b42c400e406f284000d5973ca286f35b9,True
MZ_Air,R01,43,sou,schema_fallback,no_change,model_output_rejected,7,7,6a74cd3b6062f06f497f2a6e96f52fddca72a3e90180e5ec2c6c0a8e2865b655,6a74cd3b6062f06f497f2a6e96f52fddca72a3e90180e5ec2c6c0a8e2865b655,True
MZ_Air,R01,44,nor,explicit_no_change,no_change,accepted,12,12,d2c030de03adf56d03921fad83a37eae28b71f4f062cddbea3151fe907df6538,d2c030de03adf56d03921fad83a37eae28b71f4f062cddbea3151fe907df6538,True
MZ_Air,R01,44,wes,replace_rule,replace_rule,accepted,13,14,185dee5679f22ccca8569fdf9aaac98920bb39a13e09323bf2e93ae9e0d86100,df4ef6ada31911ae3c738891704d795a8140536440680ce4129a481611560bd1,True
MZ_Air,R01,44,cor,set_param,set_param,accepted,12,13,b5bfbf04bd2a95fa4745d47f276b7de007a63efe15ed498fc5ee99ab0f0e29b2,d836fdabd802d520d2afa6f819d6c2898727337e5f413be84944f3dfca2f4ad7,True
MZ_Air,R01,44,eas,explicit_no_change,no_change,accepted,12,12,e9791a62029ac5f8caba8bfa1203f99b42c400e406f284000d5973ca286f35b9,e9791a62029ac5f8caba8bfa1203f99b42c400e406f284000d5973ca286f35b9,True
MZ_Air,R01,44,sou,explicit_no_change,no_change,accepted,7,7,6a74cd3b6062f06f497f2a6e96f52fddca72a3e90180e5ec2c6c0a8e2865b655,6a74cd3b6062f06f497f2a6e96f52fddca72a3e90180e5ec2c6c0a8e2865b655,True
MZ_Air,R01,45,wes,explicit_no_change,no_change,accepted,14,14,df4ef6ada31911ae3c738891704d795a8140536440680ce4129a481611560bd1,df4ef6ada31911ae3c738891704d795a8140536440680ce4129a481611560bd1,True
MZ_Air,R01,45,nor,deterministic_rejection,add_rule,rejected,12,12,d2c030de03adf56d03921fad83a37eae28b71f4f062cddbea3151fe907df6538,d2c030de03adf56d03921fad83a37eae28b71f4f062cddbea3151fe907df6538,True
MZ_Air,R01,45,sou,replace_rule,replace_rule,accepted,7,8,6a74cd3b6062f06f497f2a6e96f52fddca72a3e90180e5ec2c6c0a8e2865b655,128e1b9d2d4f9395468f2bdf82646497e5dac62bba4bfd8e1772279f30bf6b4d,True
MZ_Air,R01,45,eas,replace_rule,replace_rule,accepted,12,13,e9791a62029ac5f8caba8bfa1203f99b42c400e406f284000d5973ca286f35b9,4ca659e129ba9412838f024539a15b86947a3a6ad8b567e2183d6d77e0966d92,True
MZ_Air,R01,45,cor,explicit_no_change,no_change,accepted,13,13,d836fdabd802d520d2afa6f819d6c2898727337e5f413be84944f3dfca2f4ad7,d836fdabd802d520d2afa6f819d6c2898727337e5f413be84944f3dfca2f4ad7,True
MZ_Air,R01,46,cor,explicit_no_change,no_change,accepted,13,13,d836fdabd802d520d2afa6f819d6c2898727337e5f413be84944f3dfca2f4ad7,d836fdabd802d520d2afa6f819d6c2898727337e5f413be84944f3dfca2f4ad7,True
MZ_Air,R01,46,eas,replace_rule,replace_rule,accepted,13,14,4ca659e129ba9412838f024539a15b86947a3a6ad8b567e2183d6d77e0966d92,22eb82ea02eca2bce3299d4c3b419141bc116cf16f7cec6a11331b701c0ffaf1,True
MZ_Air,R01,46,nor,deterministic_rejection,add_rule,rejected,12,12,d2c030de03adf56d03921fad83a37eae28b71f4f062cddbea3151fe907df6538,d2c030de03adf56d03921fad83a37eae28b71f4f062cddbea3151fe907df6538,True
MZ_Air,R01,46,sou,explicit_no_change,no_change,accepted,8,8,128e1b9d2d4f9395468f2bdf82646497e5dac62bba4bfd8e1772279f30bf6b4d,128e1b9d2d4f9395468f2bdf82646497e5dac62bba4bfd8e1772279f30bf6b4d,True
MZ_Air,R01,46,wes,explicit_no_change,no_change,accepted,14,14,df4ef6ada31911ae3c738891704d795a8140536440680ce4129a481611560bd1,df4ef6ada31911ae3c738891704d795a8140536440680ce4129a481611560bd1,True
MZ_Air,R01,47,cor,explicit_no_change,no_change,accepted,13,13,d836fdabd802d520d2afa6f819d6c2898727337e5f413be84944f3dfca2f4ad7,d836fdabd802d520d2afa6f819d6c2898727337e5f413be84944f3dfca2f4ad7,True
MZ_Air,R01,47,eas,explicit_no_change,no_change,accepted,14,14,22eb82ea02eca2bce3299d4c3b419141bc116cf16f7cec6a11331b701c0ffaf1,22eb82ea02eca2bce3299d4c3b419141bc116cf16f7cec6a11331b701c0ffaf1,True
MZ_Air,R01,47,nor,explicit_no_change,no_change,accepted,12,12,d2c030de03adf56d03921fad83a37eae28b71f4f062cddbea3151fe907df6538,d2c030de03adf56d03921fad83a37eae28b71f4f062cddbea3151fe907df6538,True
MZ_Air,R01,47,sou,explicit_no_change,no_change,accepted,8,8,128e1b9d2d4f9395468f2bdf82646497e5dac62bba4bfd8e1772279f30bf6b4d,128e1b9d2d4f9395468f2bdf82646497e5dac62bba4bfd8e1772279f30bf6b4d,True
MZ_Air,R01,47,wes,explicit_no_change,no_change,accepted,14,14,df4ef6ada31911ae3c738891704d795a8140536440680ce4129a481611560bd1,df4ef6ada31911ae3c738891704d795a8140536440680ce4129a481611560bd1,True
MZ_Air,R01,48,cor,explicit_no_change,no_change,accepted,13,13,d836fdabd802d520d2afa6f819d6c2898727337e5f413be84944f3dfca2f4ad7,d836fdabd802d520d2afa6f819d6c2898727337e5f413be84944f3dfca2f4ad7,True
MZ_Air,R01,48,eas,explicit_no_change,no_change,accepted,14,14,22eb82ea02eca2bce3299d4c3b419141bc116cf16f7cec6a11331b701c0ffaf1,22eb82ea02eca2bce3299d4c3b419141bc116cf16f7cec6a11331b701c0ffaf1,True
MZ_Air,R01,48,nor,explicit_no_change,no_change,accepted,12,12,d2c030de03adf56d03921fad83a37eae28b71f4f062cddbea3151fe907df6538,d2c030de03adf56d03921fad83a37eae28b71f4f062cddbea3151fe907df6538,True
MZ_Air,R01,48,sou,explicit_no_change,no_change,accepted,8,8,128e1b9d2d4f9395468f2bdf82646497e5dac62bba4bfd8e1772279f30bf6b4d,128e1b9d2d4f9395468f2bdf82646497e5dac62bba4bfd8e1772279f30bf6b4d,True
MZ_Air,R01,48,wes,explicit_no_change,no_change,accepted,14,14,df4ef6ada31911ae3c738891704d795a8140536440680ce4129a481611560bd1,df4ef6ada31911ae3c738891704d795a8140536440680ce4129a481611560bd1,True
MZ_Air,R01,49,cor,explicit_no_change,no_change,accepted,13,13,d836fdabd802d520d2afa6f819d6c2898727337e5f413be84944f3dfca2f4ad7,d836fdabd802d520d2afa6f819d6c2898727337e5f413be84944f3dfca2f4ad7,True
MZ_Air,R01,49,eas,explicit_no_change,no_change,accepted,14,14,22eb82ea02eca2bce3299d4c3b419141bc116cf16f7cec6a11331b701c0ffaf1,22eb82ea02eca2bce3299d4c3b419141bc116cf16f7cec6a11331b701c0ffaf1,True
MZ_Air,R01,49,nor,explicit_no_change,no_change,accepted,12,12,d2c030de03adf56d03921fad83a37eae28b71f4f062cddbea3151fe907df6538,d2c030de03adf56d03921fad83a37eae28b71f4f062cddbea3151fe907df6538,True
MZ_Air,R01,49,sou,explicit_no_change,no_change,accepted,8,8,128e1b9d2d4f9395468f2bdf82646497e5dac62bba4bfd8e1772279f30bf6b4d,128e1b9d2d4f9395468f2bdf82646497e5dac62bba4bfd8e1772279f30bf6b4d,True
MZ_Air,R01,49,wes,explicit_no_change,no_change,accepted,14,14,df4ef6ada31911ae3c738891704d795a8140536440680ce4129a481611560bd1,df4ef6ada31911ae3c738891704d795a8140536440680ce4129a481611560bd1,True
MZ_Air,R01,50,eas,explicit_no_change,no_change,accepted,14,14,22eb82ea02eca2bce3299d4c3b419141bc116cf16f7cec6a11331b701c0ffaf1,22eb82ea02eca2bce3299d4c3b419141bc116cf16f7cec6a11331b701c0ffaf1,True
MZ_Air,R01,50,sou,explicit_no_change,no_change,accepted,8,8,128e1b9d2d4f9395468f2bdf82646497e5dac62bba4bfd8e1772279f30bf6b4d,128e1b9d2d4f9395468f2bdf82646497e5dac62bba4bfd8e1772279f30bf6b4d,True
MZ_Air,R01,50,wes,explicit_no_change,no_change,accepted,14,14,df4ef6ada31911ae3c738891704d795a8140536440680ce4129a481611560bd1,df4ef6ada31911ae3c738891704d795a8140536440680ce4129a481611560bd1,True
MZ_Air,R01,50,nor,explicit_no_change,no_change,accepted,12,12,d2c030de03adf56d03921fad83a37eae28b71f4f062cddbea3151fe907df6538,d2c030de03adf56d03921fad83a37eae28b71f4f062cddbea3151fe907df6538,True
MZ_Air,R01,50,cor,explicit_no_change,no_change,accepted,13,13,d836fdabd802d520d2afa6f819d6c2898727337e5f413be84944f3dfca2f4ad7,d836fdabd802d520d2afa6f819d6c2898727337e5f413be84944f3dfca2f4ad7,True
MZ_Air,R01,51,cor,explicit_no_change,no_change,accepted,13,13,d836fdabd802d520d2afa6f819d6c2898727337e5f413be84944f3dfca2f4ad7,d836fdabd802d520d2afa6f819d6c2898727337e5f413be84944f3dfca2f4ad7,True
MZ_Air,R01,51,eas,explicit_no_change,no_change,accepted,14,14,22eb82ea02eca2bce3299d4c3b419141bc116cf16f7cec6a11331b701c0ffaf1,22eb82ea02eca2bce3299d4c3b419141bc116cf16f7cec6a11331b701c0ffaf1,True
MZ_Air,R01,51,nor,explicit_no_change,no_change,accepted,12,12,d2c030de03adf56d03921fad83a37eae28b71f4f062cddbea3151fe907df6538,d2c030de03adf56d03921fad83a37eae28b71f4f062cddbea3151fe907df6538,True
MZ_Air,R01,51,sou,explicit_no_change,no_change,accepted,8,8,128e1b9d2d4f9395468f2bdf82646497e5dac62bba4bfd8e1772279f30bf6b4d,128e1b9d2d4f9395468f2bdf82646497e5dac62bba4bfd8e1772279f30bf6b4d,True
MZ_Air,R01,51,wes,explicit_no_change,no_change,accepted,14,14,df4ef6ada31911ae3c738891704d795a8140536440680ce4129a481611560bd1,df4ef6ada31911ae3c738891704d795a8140536440680ce4129a481611560bd1,True
MZ_Air,R01,52,cor,explicit_no_change,no_change,accepted,13,13,d836fdabd802d520d2afa6f819d6c2898727337e5f413be84944f3dfca2f4ad7,d836fdabd802d520d2afa6f819d6c2898727337e5f413be84944f3dfca2f4ad7,True
MZ_Air,R01,52,eas,explicit_no_change,no_change,accepted,14,14,22eb82ea02eca2bce3299d4c3b419141bc116cf16f7cec6a11331b701c0ffaf1,22eb82ea02eca2bce3299d4c3b419141bc116cf16f7cec6a11331b701c0ffaf1,True
MZ_Air,R01,52,nor,explicit_no_change,no_change,accepted,12,12,d2c030de03adf56d03921fad83a37eae28b71f4f062cddbea3151fe907df6538,d2c030de03adf56d03921fad83a37eae28b71f4f062cddbea3151fe907df6538,True
MZ_Air,R01,52,sou,explicit_no_change,no_change,accepted,8,8,128e1b9d2d4f9395468f2bdf82646497e5dac62bba4bfd8e1772279f30bf6b4d,128e1b9d2d4f9395468f2bdf82646497e5dac62bba4bfd8e1772279f30bf6b4d,True
MZ_Air,R01,52,wes,explicit_no_change,no_change,accepted,14,14,df4ef6ada31911ae3c738891704d795a8140536440680ce4129a481611560bd1,df4ef6ada31911ae3c738891704d795a8140536440680ce4129a481611560bd1,True
MZ_Air,R01,53,eas,explicit_no_change,no_change,accepted,14,14,22eb82ea02eca2bce3299d4c3b419141bc116cf16f7cec6a11331b701c0ffaf1,22eb82ea02eca2bce3299d4c3b419141bc116cf16f7cec6a11331b701c0ffaf1,True
MZ_Air,R01,53,nor,explicit_no_change,no_change,accepted,12,12,d2c030de03adf56d03921fad83a37eae28b71f4f062cddbea3151fe907df6538,d2c030de03adf56d03921fad83a37eae28b71f4f062cddbea3151fe907df6538,True
MZ_Air,R01,53,sou,explicit_no_change,no_change,accepted,8,8,128e1b9d2d4f9395468f2bdf82646497e5dac62bba4bfd8e1772279f30bf6b4d,128e1b9d2d4f9395468f2bdf82646497e5dac62bba4bfd8e1772279f30bf6b4d,True
MZ_Air,R01,53,wes,explicit_no_change,no_change,accepted,14,14,df4ef6ada31911ae3c738891704d795a8140536440680ce4129a481611560bd1,df4ef6ada31911ae3c738891704d795a8140536440680ce4129a481611560bd1,True
MZ_Air,R01,53,cor,explicit_no_change,no_change,accepted,13,13,d836fdabd802d520d2afa6f819d6c2898727337e5f413be84944f3dfca2f4ad7,d836fdabd802d520d2afa6f819d6c2898727337e5f413be84944f3dfca2f4ad7,True
MZ_Air,R01,54,eas,explicit_no_change,no_change,accepted,14,14,22eb82ea02eca2bce3299d4c3b419141bc116cf16f7cec6a11331b701c0ffaf1,22eb82ea02eca2bce3299d4c3b419141bc116cf16f7cec6a11331b701c0ffaf1,True
MZ_Air,R01,54,nor,explicit_no_change,no_change,accepted,12,12,d2c030de03adf56d03921fad83a37eae28b71f4f062cddbea3151fe907df6538,d2c030de03adf56d03921fad83a37eae28b71f4f062cddbea3151fe907df6538,True
MZ_Air,R01,54,sou,replace_rule,replace_rule,accepted,8,9,128e1b9d2d4f9395468f2bdf82646497e5dac62bba4bfd8e1772279f30bf6b4d,6a74cd3b6062f06f497f2a6e96f52fddca72a3e90180e5ec2c6c0a8e2865b655,True
MZ_Air,R01,54,wes,explicit_no_change,no_change,accepted,14,14,df4ef6ada31911ae3c738891704d795a8140536440680ce4129a481611560bd1,df4ef6ada31911ae3c738891704d795a8140536440680ce4129a481611560bd1,True
MZ_Air,R01,54,cor,set_param,set_param,accepted,13,14,d836fdabd802d520d2afa6f819d6c2898727337e5f413be84944f3dfca2f4ad7,365c83b2365d725981d8052325c1817fc784505b66ae6a3bbe96d9c414b7f5f1,True
MZ_Air,R01,55,cor,set_param,set_param,accepted,14,15,365c83b2365d725981d8052325c1817fc784505b66ae6a3bbe96d9c414b7f5f1,eb1519afe1091033ca888007942186287087bc276614e974340b9fa8772749f3,True
MZ_Air,R01,55,eas,explicit_no_change,no_change,accepted,14,14,22eb82ea02eca2bce3299d4c3b419141bc116cf16f7cec6a11331b701c0ffaf1,22eb82ea02eca2bce3299d4c3b419141bc116cf16f7cec6a11331b701c0ffaf1,True
MZ_Air,R01,55,nor,explicit_no_change,no_change,accepted,12,12,d2c030de03adf56d03921fad83a37eae28b71f4f062cddbea3151fe907df6538,d2c030de03adf56d03921fad83a37eae28b71f4f062cddbea3151fe907df6538,True
MZ_Air,R01,55,sou,explicit_no_change,no_change,accepted,9,9,6a74cd3b6062f06f497f2a6e96f52fddca72a3e90180e5ec2c6c0a8e2865b655,6a74cd3b6062f06f497f2a6e96f52fddca72a3e90180e5ec2c6c0a8e2865b655,True
MZ_Air,R01,55,wes,explicit_no_change,no_change,accepted,14,14,df4ef6ada31911ae3c738891704d795a8140536440680ce4129a481611560bd1,df4ef6ada31911ae3c738891704d795a8140536440680ce4129a481611560bd1,True
MZ_Air,R01,56,cor,set_param,set_param,accepted,15,16,eb1519afe1091033ca888007942186287087bc276614e974340b9fa8772749f3,903b9f3d5093e6681223a04b9d01e66582d668cd92229d8fb3ccc6cf5ec9129c,True
MZ_Air,R01,56,eas,explicit_no_change,no_change,accepted,14,14,22eb82ea02eca2bce3299d4c3b419141bc116cf16f7cec6a11331b701c0ffaf1,22eb82ea02eca2bce3299d4c3b419141bc116cf16f7cec6a11331b701c0ffaf1,True
MZ_Air,R01,56,nor,explicit_no_change,no_change,accepted,12,12,d2c030de03adf56d03921fad83a37eae28b71f4f062cddbea3151fe907df6538,d2c030de03adf56d03921fad83a37eae28b71f4f062cddbea3151fe907df6538,True
MZ_Air,R01,56,sou,remove_rule,remove_rule,accepted,9,10,6a74cd3b6062f06f497f2a6e96f52fddca72a3e90180e5ec2c6c0a8e2865b655,a3ea228c214af3ad25eff19c24c93e5345af4a512f097321dc3f5a687a378724,True
MZ_Air,R01,56,wes,replace_rule,replace_rule,accepted,14,15,df4ef6ada31911ae3c738891704d795a8140536440680ce4129a481611560bd1,6166826d2ef23dce47e71cc9c7c1a64b938b30f9db4f6cb08298da0e767fc837,True
MZ_Air,R01,57,sou,deterministic_rejection,replace_rule,rejected,10,10,a3ea228c214af3ad25eff19c24c93e5345af4a512f097321dc3f5a687a378724,a3ea228c214af3ad25eff19c24c93e5345af4a512f097321dc3f5a687a378724,True
MZ_Air,R01,57,wes,set_param,set_param,accepted,15,16,6166826d2ef23dce47e71cc9c7c1a64b938b30f9db4f6cb08298da0e767fc837,aabef6a3b262fd669744334a903c8cdbcf8ce1394fa61e8af0ba8a8569e3d4b1,True
MZ_Air,R01,57,cor,add_rule,add_rule,accepted,16,17,903b9f3d5093e6681223a04b9d01e66582d668cd92229d8fb3ccc6cf5ec9129c,f0264aae1ba6e897428dceeb4a3d3d9d671d9fed72ee03135fa7a736961ac38f,True
MZ_Air,R01,57,eas,deterministic_rejection,set_param,rejected,14,14,22eb82ea02eca2bce3299d4c3b419141bc116cf16f7cec6a11331b701c0ffaf1,22eb82ea02eca2bce3299d4c3b419141bc116cf16f7cec6a11331b701c0ffaf1,True
MZ_Air,R01,57,nor,replace_rule,replace_rule,accepted,12,13,d2c030de03adf56d03921fad83a37eae28b71f4f062cddbea3151fe907df6538,286b740f4f93c45f4f41c76f27a4748a5e38138bf048c70ba9f8b95015a88b32,True
MZ_Air,R01,58,sou,replace_rule,replace_rule,accepted,10,11,a3ea228c214af3ad25eff19c24c93e5345af4a512f097321dc3f5a687a378724,2dda0541c86a131abff09da5f9ca9b32f9d098e1700e4bce044c80d556e0f619,True
MZ_Air,R01,58,nor,set_param,set_param,accepted,13,14,286b740f4f93c45f4f41c76f27a4748a5e38138bf048c70ba9f8b95015a88b32,c781ff8f93701b037de78e2ac4b0581898b4b5f3752d1e52e04fd612765b15cc,True
MZ_Air,R01,58,eas,deterministic_rejection,replace_rule,rejected,14,14,22eb82ea02eca2bce3299d4c3b419141bc116cf16f7cec6a11331b701c0ffaf1,22eb82ea02eca2bce3299d4c3b419141bc116cf16f7cec6a11331b701c0ffaf1,True
MZ_Air,R01,58,cor,replace_rule,replace_rule,accepted,17,18,f0264aae1ba6e897428dceeb4a3d3d9d671d9fed72ee03135fa7a736961ac38f,57efbbb4df29562f1705c28674a5eb0a95c8c6ff8629bd0bddd94e588b31982d,True
MZ_Air,R01,58,wes,deterministic_rejection,replace_rule,rejected,16,16,aabef6a3b262fd669744334a903c8cdbcf8ce1394fa61e8af0ba8a8569e3d4b1,aabef6a3b262fd669744334a903c8cdbcf8ce1394fa61e8af0ba8a8569e3d4b1,True
MZ_Air,R01,59,eas,deterministic_rejection,replace_rule,rejected,14,14,22eb82ea02eca2bce3299d4c3b419141bc116cf16f7cec6a11331b701c0ffaf1,22eb82ea02eca2bce3299d4c3b419141bc116cf16f7cec6a11331b701c0ffaf1,True
MZ_Air,R01,59,wes,deterministic_rejection,set_param,rejected,16,16,aabef6a3b262fd669744334a903c8cdbcf8ce1394fa61e8af0ba8a8569e3d4b1,aabef6a3b262fd669744334a903c8cdbcf8ce1394fa61e8af0ba8a8569e3d4b1,True
MZ_Air,R01,59,nor,set_param,set_param,accepted,14,15,c781ff8f93701b037de78e2ac4b0581898b4b5f3752d1e52e04fd612765b15cc,286b740f4f93c45f4f41c76f27a4748a5e38138bf048c70ba9f8b95015a88b32,True
MZ_Air,R01,59,cor,set_param,set_param,accepted,18,19,57efbbb4df29562f1705c28674a5eb0a95c8c6ff8629bd0bddd94e588b31982d,24907302f122dd26b46e0fc6e36190caa4828df0f369664ad196154989d0f922,True
MZ_Air,R01,59,sou,replace_rule,replace_rule,accepted,11,12,2dda0541c86a131abff09da5f9ca9b32f9d098e1700e4bce044c80d556e0f619,fe36576a888aa2ad017c55a8f3b9e4592fade0948b0ad7cb73f9960bae559793,True
MZ_Air,R01,60,eas,deterministic_rejection,add_rule,rejected,14,14,22eb82ea02eca2bce3299d4c3b419141bc116cf16f7cec6a11331b701c0ffaf1,22eb82ea02eca2bce3299d4c3b419141bc116cf16f7cec6a11331b701c0ffaf1,True
MZ_Air,R01,60,nor,set_param,set_param,accepted,15,16,286b740f4f93c45f4f41c76f27a4748a5e38138bf048c70ba9f8b95015a88b32,d577fa735b280ae653621d8f187a164e5e49a4f547bb1909dae2c7bc533e113d,True
MZ_Air,R01,60,wes,set_param,set_param,accepted,16,17,aabef6a3b262fd669744334a903c8cdbcf8ce1394fa61e8af0ba8a8569e3d4b1,6167121dcf4a409449b9bad8187ea61ca4eb3594660216d509bc7c0d8c2fb705,True
MZ_Air,R01,60,cor,deterministic_rejection,set_param,rejected,19,19,24907302f122dd26b46e0fc6e36190caa4828df0f369664ad196154989d0f922,24907302f122dd26b46e0fc6e36190caa4828df0f369664ad196154989d0f922,True
MZ_Air,R01,60,sou,deterministic_rejection,set_param,rejected,12,12,fe36576a888aa2ad017c55a8f3b9e4592fade0948b0ad7cb73f9960bae559793,fe36576a888aa2ad017c55a8f3b9e4592fade0948b0ad7cb73f9960bae559793,True
MZ_Air,R01,61,cor,deterministic_rejection,add_rule,rejected,19,19,24907302f122dd26b46e0fc6e36190caa4828df0f369664ad196154989d0f922,24907302f122dd26b46e0fc6e36190caa4828df0f369664ad196154989d0f922,True
MZ_Air,R01,61,eas,deterministic_rejection,replace_rule,rejected,14,14,22eb82ea02eca2bce3299d4c3b419141bc116cf16f7cec6a11331b701c0ffaf1,22eb82ea02eca2bce3299d4c3b419141bc116cf16f7cec6a11331b701c0ffaf1,True
MZ_Air,R01,61,sou,deterministic_rejection,add_rule,rejected,12,12,fe36576a888aa2ad017c55a8f3b9e4592fade0948b0ad7cb73f9960bae559793,fe36576a888aa2ad017c55a8f3b9e4592fade0948b0ad7cb73f9960bae559793,True
MZ_Air,R01,61,wes,set_param,set_param,accepted,17,18,6167121dcf4a409449b9bad8187ea61ca4eb3594660216d509bc7c0d8c2fb705,13f69776175b96ec51489f8034ad27da4beab855866669212c114ede3f9bae8b,True
MZ_Air,R01,61,nor,set_param,set_param,accepted,16,17,d577fa735b280ae653621d8f187a164e5e49a4f547bb1909dae2c7bc533e113d,012e5b7d2c9369200c42f236ac5753a75974a40883a68631bc67e81dc77899a7,True
MZ_Air,R01,62,cor,deterministic_rejection,replace_rule,rejected,19,19,24907302f122dd26b46e0fc6e36190caa4828df0f369664ad196154989d0f922,24907302f122dd26b46e0fc6e36190caa4828df0f369664ad196154989d0f922,True
MZ_Air,R01,62,eas,explicit_no_change,no_change,accepted,14,14,22eb82ea02eca2bce3299d4c3b419141bc116cf16f7cec6a11331b701c0ffaf1,22eb82ea02eca2bce3299d4c3b419141bc116cf16f7cec6a11331b701c0ffaf1,True
MZ_Air,R01,62,sou,schema_fallback,no_change,model_output_rejected,12,12,fe36576a888aa2ad017c55a8f3b9e4592fade0948b0ad7cb73f9960bae559793,fe36576a888aa2ad017c55a8f3b9e4592fade0948b0ad7cb73f9960bae559793,True
MZ_Air,R01,62,wes,set_param,set_param,accepted,18,19,13f69776175b96ec51489f8034ad27da4beab855866669212c114ede3f9bae8b,6167121dcf4a409449b9bad8187ea61ca4eb3594660216d509bc7c0d8c2fb705,True
MZ_Air,R01,62,nor,deterministic_rejection,add_rule,rejected,17,17,012e5b7d2c9369200c42f236ac5753a75974a40883a68631bc67e81dc77899a7,012e5b7d2c9369200c42f236ac5753a75974a40883a68631bc67e81dc77899a7,True
MZ_Air,R01,63,nor,schema_fallback,no_change,model_output_rejected,17,17,012e5b7d2c9369200c42f236ac5753a75974a40883a68631bc67e81dc77899a7,012e5b7d2c9369200c42f236ac5753a75974a40883a68631bc67e81dc77899a7,True
MZ_Air,R01,63,sou,deterministic_rejection,replace_rule,rejected,12,12,fe36576a888aa2ad017c55a8f3b9e4592fade0948b0ad7cb73f9960bae559793,fe36576a888aa2ad017c55a8f3b9e4592fade0948b0ad7cb73f9960bae559793,True
MZ_Air,R01,63,wes,deterministic_rejection,replace_rule,rejected,19,19,6167121dcf4a409449b9bad8187ea61ca4eb3594660216d509bc7c0d8c2fb705,6167121dcf4a409449b9bad8187ea61ca4eb3594660216d509bc7c0d8c2fb705,True
MZ_Air,R01,63,eas,deterministic_rejection,replace_rule,rejected,14,14,22eb82ea02eca2bce3299d4c3b419141bc116cf16f7cec6a11331b701c0ffaf1,22eb82ea02eca2bce3299d4c3b419141bc116cf16f7cec6a11331b701c0ffaf1,True
MZ_Air,R01,63,cor,deterministic_rejection,replace_rule,rejected,19,19,24907302f122dd26b46e0fc6e36190caa4828df0f369664ad196154989d0f922,24907302f122dd26b46e0fc6e36190caa4828df0f369664ad196154989d0f922,True
MZ_Air,R01,64,cor,schema_fallback,no_change,model_output_rejected,19,19,24907302f122dd26b46e0fc6e36190caa4828df0f369664ad196154989d0f922,24907302f122dd26b46e0fc6e36190caa4828df0f369664ad196154989d0f922,True
MZ_Air,R01,64,eas,deterministic_rejection,add_rule,rejected,14,14,22eb82ea02eca2bce3299d4c3b419141bc116cf16f7cec6a11331b701c0ffaf1,22eb82ea02eca2bce3299d4c3b419141bc116cf16f7cec6a11331b701c0ffaf1,True
MZ_Air,R01,64,sou,schema_fallback,no_change,model_output_rejected,12,12,fe36576a888aa2ad017c55a8f3b9e4592fade0948b0ad7cb73f9960bae559793,fe36576a888aa2ad017c55a8f3b9e4592fade0948b0ad7cb73f9960bae559793,True
MZ_Air,R01,64,wes,add_rule,add_rule,accepted,19,20,6167121dcf4a409449b9bad8187ea61ca4eb3594660216d509bc7c0d8c2fb705,ff0059a61f394a9052110e89218aa3d704dde3bca0858af714089e1999db873f,True
MZ_Air,R01,64,nor,deterministic_rejection,add_rule,rejected,17,17,012e5b7d2c9369200c42f236ac5753a75974a40883a68631bc67e81dc77899a7,012e5b7d2c9369200c42f236ac5753a75974a40883a68631bc67e81dc77899a7,True
MZ_Air,R01,65,wes,deterministic_rejection,replace_rule,rejected,20,20,ff0059a61f394a9052110e89218aa3d704dde3bca0858af714089e1999db873f,ff0059a61f394a9052110e89218aa3d704dde3bca0858af714089e1999db873f,True
MZ_Air,R01,65,eas,explicit_no_change,no_change,accepted,14,14,22eb82ea02eca2bce3299d4c3b419141bc116cf16f7cec6a11331b701c0ffaf1,22eb82ea02eca2bce3299d4c3b419141bc116cf16f7cec6a11331b701c0ffaf1,True
MZ_Air,R01,65,cor,deterministic_rejection,set_param,rejected,19,19,24907302f122dd26b46e0fc6e36190caa4828df0f369664ad196154989d0f922,24907302f122dd26b46e0fc6e36190caa4828df0f369664ad196154989d0f922,True
MZ_Air,R01,65,sou,deterministic_rejection,add_rule,rejected,12,12,fe36576a888aa2ad017c55a8f3b9e4592fade0948b0ad7cb73f9960bae559793,fe36576a888aa2ad017c55a8f3b9e4592fade0948b0ad7cb73f9960bae559793,True
MZ_Air,R01,65,nor,schema_fallback,no_change,model_output_rejected,17,17,012e5b7d2c9369200c42f236ac5753a75974a40883a68631bc67e81dc77899a7,012e5b7d2c9369200c42f236ac5753a75974a40883a68631bc67e81dc77899a7,True
MZ_Air,R01,66,nor,deterministic_rejection,add_rule,rejected,17,17,012e5b7d2c9369200c42f236ac5753a75974a40883a68631bc67e81dc77899a7,012e5b7d2c9369200c42f236ac5753a75974a40883a68631bc67e81dc77899a7,True
MZ_Air,R01,66,sou,add_rule,add_rule,accepted,12,13,fe36576a888aa2ad017c55a8f3b9e4592fade0948b0ad7cb73f9960bae559793,afc232cf25ca272694745a81002105e07cc5bd13385d1a1f035a50ec6a4ae850,True
MZ_Air,R01,66,cor,add_rule,add_rule,accepted,19,20,24907302f122dd26b46e0fc6e36190caa4828df0f369664ad196154989d0f922,6811f9136a23d2365b55f87ca4099cbd06ecc0c7de15a6579695edde1d27defb,True
MZ_Air,R01,66,eas,add_rule,add_rule,accepted,14,15,22eb82ea02eca2bce3299d4c3b419141bc116cf16f7cec6a11331b701c0ffaf1,1026ffbe41fc2a48fec2604680aa63b30eb60f2da5fa227d70fac12cd9659a5e,True
MZ_Air,R01,66,wes,deterministic_rejection,replace_rule,rejected,20,20,ff0059a61f394a9052110e89218aa3d704dde3bca0858af714089e1999db873f,ff0059a61f394a9052110e89218aa3d704dde3bca0858af714089e1999db873f,True
MZ_Air,R01,67,nor,deterministic_rejection,replace_rule,rejected,17,17,012e5b7d2c9369200c42f236ac5753a75974a40883a68631bc67e81dc77899a7,012e5b7d2c9369200c42f236ac5753a75974a40883a68631bc67e81dc77899a7,True
MZ_Air,R01,67,cor,explicit_no_change,no_change,accepted,20,20,6811f9136a23d2365b55f87ca4099cbd06ecc0c7de15a6579695edde1d27defb,6811f9136a23d2365b55f87ca4099cbd06ecc0c7de15a6579695edde1d27defb,True
MZ_Air,R01,67,sou,add_rule,add_rule,accepted,13,14,afc232cf25ca272694745a81002105e07cc5bd13385d1a1f035a50ec6a4ae850,26c82525873c1b41652cb97218b102835252c0fcad1ecc7a82d24cae9ddeda8f,True
MZ_Air,R01,67,eas,deterministic_rejection,set_param,rejected,15,15,1026ffbe41fc2a48fec2604680aa63b30eb60f2da5fa227d70fac12cd9659a5e,1026ffbe41fc2a48fec2604680aa63b30eb60f2da5fa227d70fac12cd9659a5e,True
MZ_Air,R01,67,wes,explicit_no_change,no_change,accepted,20,20,ff0059a61f394a9052110e89218aa3d704dde3bca0858af714089e1999db873f,ff0059a61f394a9052110e89218aa3d704dde3bca0858af714089e1999db873f,True
MZ_Air,R01,68,nor,replace_rule,replace_rule,accepted,17,18,012e5b7d2c9369200c42f236ac5753a75974a40883a68631bc67e81dc77899a7,e70fe2f30c8fa945ee7e2b3c748e1754018fd057f2ae3f6df76f58611a1df3ad,True
MZ_Air,R01,68,cor,deterministic_rejection,set_param,rejected,20,20,6811f9136a23d2365b55f87ca4099cbd06ecc0c7de15a6579695edde1d27defb,6811f9136a23d2365b55f87ca4099cbd06ecc0c7de15a6579695edde1d27defb,True
MZ_Air,R01,68,sou,deterministic_rejection,replace_rule,rejected,14,14,26c82525873c1b41652cb97218b102835252c0fcad1ecc7a82d24cae9ddeda8f,26c82525873c1b41652cb97218b102835252c0fcad1ecc7a82d24cae9ddeda8f,True
MZ_Air,R01,68,eas,set_param,set_param,accepted,15,16,1026ffbe41fc2a48fec2604680aa63b30eb60f2da5fa227d70fac12cd9659a5e,bb9c6f06361baa734fa23d7082d5379b92c16e4f855e2c54e8e2c18521be7fcc,True
MZ_Air,R01,68,wes,explicit_no_change,no_change,accepted,20,20,ff0059a61f394a9052110e89218aa3d704dde3bca0858af714089e1999db873f,ff0059a61f394a9052110e89218aa3d704dde3bca0858af714089e1999db873f,True
MZ_Air,R01,69,cor,replace_rule,replace_rule,accepted,20,21,6811f9136a23d2365b55f87ca4099cbd06ecc0c7de15a6579695edde1d27defb,5925693e7513b4394bb716c41801711f757ff8f0ad0ea6e912ecb5eba216f47c,True
MZ_Air,R01,69,eas,set_param,set_param,accepted,16,17,bb9c6f06361baa734fa23d7082d5379b92c16e4f855e2c54e8e2c18521be7fcc,5d77e1ebcbe623337b82759c96d31311fedac33d2c7f21b48a343fb872f2890e,True
MZ_Air,R01,69,nor,replace_rule,replace_rule,accepted,18,19,e70fe2f30c8fa945ee7e2b3c748e1754018fd057f2ae3f6df76f58611a1df3ad,7e227c27e65143084c15b43d2861c76bba6316f8751be1cc89a911610ace1240,True
MZ_Air,R01,69,sou,replace_rule,replace_rule,accepted,14,15,26c82525873c1b41652cb97218b102835252c0fcad1ecc7a82d24cae9ddeda8f,bff5c13f33ad26dd6fd933afab3578c7dd9c68db6fa5b32ac0baad5783dd9603,True
MZ_Air,R01,69,wes,deterministic_rejection,replace_rule,rejected,20,20,ff0059a61f394a9052110e89218aa3d704dde3bca0858af714089e1999db873f,ff0059a61f394a9052110e89218aa3d704dde3bca0858af714089e1999db873f,True
MZ_Air,R01,70,cor,explicit_no_change,no_change,accepted,21,21,5925693e7513b4394bb716c41801711f757ff8f0ad0ea6e912ecb5eba216f47c,5925693e7513b4394bb716c41801711f757ff8f0ad0ea6e912ecb5eba216f47c,True
MZ_Air,R01,70,eas,deterministic_rejection,set_param,rejected,17,17,5d77e1ebcbe623337b82759c96d31311fedac33d2c7f21b48a343fb872f2890e,5d77e1ebcbe623337b82759c96d31311fedac33d2c7f21b48a343fb872f2890e,True
MZ_Air,R01,70,nor,deterministic_rejection,replace_rule,rejected,19,19,7e227c27e65143084c15b43d2861c76bba6316f8751be1cc89a911610ace1240,7e227c27e65143084c15b43d2861c76bba6316f8751be1cc89a911610ace1240,True
MZ_Air,R01,70,sou,explicit_no_change,no_change,accepted,15,15,bff5c13f33ad26dd6fd933afab3578c7dd9c68db6fa5b32ac0baad5783dd9603,bff5c13f33ad26dd6fd933afab3578c7dd9c68db6fa5b32ac0baad5783dd9603,True
MZ_Air,R01,70,wes,deterministic_rejection,replace_rule,rejected,20,20,ff0059a61f394a9052110e89218aa3d704dde3bca0858af714089e1999db873f,ff0059a61f394a9052110e89218aa3d704dde3bca0858af714089e1999db873f,True
MZ_Air,R01,71,cor,explicit_no_change,no_change,accepted,21,21,5925693e7513b4394bb716c41801711f757ff8f0ad0ea6e912ecb5eba216f47c,5925693e7513b4394bb716c41801711f757ff8f0ad0ea6e912ecb5eba216f47c,True
MZ_Air,R01,71,eas,deterministic_rejection,set_param,rejected,17,17,5d77e1ebcbe623337b82759c96d31311fedac33d2c7f21b48a343fb872f2890e,5d77e1ebcbe623337b82759c96d31311fedac33d2c7f21b48a343fb872f2890e,True
MZ_Air,R01,71,nor,deterministic_rejection,replace_rule,rejected,19,19,7e227c27e65143084c15b43d2861c76bba6316f8751be1cc89a911610ace1240,7e227c27e65143084c15b43d2861c76bba6316f8751be1cc89a911610ace1240,True
MZ_Air,R01,71,sou,explicit_no_change,no_change,accepted,15,15,bff5c13f33ad26dd6fd933afab3578c7dd9c68db6fa5b32ac0baad5783dd9603,bff5c13f33ad26dd6fd933afab3578c7dd9c68db6fa5b32ac0baad5783dd9603,True
MZ_Air,R01,71,wes,explicit_no_change,no_change,accepted,20,20,ff0059a61f394a9052110e89218aa3d704dde3bca0858af714089e1999db873f,ff0059a61f394a9052110e89218aa3d704dde3bca0858af714089e1999db873f,True
MZ_Air,R01,72,cor,explicit_no_change,no_change,accepted,21,21,5925693e7513b4394bb716c41801711f757ff8f0ad0ea6e912ecb5eba216f47c,5925693e7513b4394bb716c41801711f757ff8f0ad0ea6e912ecb5eba216f47c,True
MZ_Air,R01,72,eas,explicit_no_change,no_change,accepted,17,17,5d77e1ebcbe623337b82759c96d31311fedac33d2c7f21b48a343fb872f2890e,5d77e1ebcbe623337b82759c96d31311fedac33d2c7f21b48a343fb872f2890e,True
MZ_Air,R01,72,nor,deterministic_rejection,replace_rule,rejected,19,19,7e227c27e65143084c15b43d2861c76bba6316f8751be1cc89a911610ace1240,7e227c27e65143084c15b43d2861c76bba6316f8751be1cc89a911610ace1240,True
MZ_Air,R01,72,sou,explicit_no_change,no_change,accepted,15,15,bff5c13f33ad26dd6fd933afab3578c7dd9c68db6fa5b32ac0baad5783dd9603,bff5c13f33ad26dd6fd933afab3578c7dd9c68db6fa5b32ac0baad5783dd9603,True
MZ_Air,R01,72,wes,explicit_no_change,no_change,accepted,20,20,ff0059a61f394a9052110e89218aa3d704dde3bca0858af714089e1999db873f,ff0059a61f394a9052110e89218aa3d704dde3bca0858af714089e1999db873f,True
MZ_Air,R01,73,cor,explicit_no_change,no_change,accepted,21,21,5925693e7513b4394bb716c41801711f757ff8f0ad0ea6e912ecb5eba216f47c,5925693e7513b4394bb716c41801711f757ff8f0ad0ea6e912ecb5eba216f47c,True
MZ_Air,R01,73,nor,explicit_no_change,no_change,accepted,19,19,7e227c27e65143084c15b43d2861c76bba6316f8751be1cc89a911610ace1240,7e227c27e65143084c15b43d2861c76bba6316f8751be1cc89a911610ace1240,True
MZ_Air,R01,73,eas,explicit_no_change,no_change,accepted,17,17,5d77e1ebcbe623337b82759c96d31311fedac33d2c7f21b48a343fb872f2890e,5d77e1ebcbe623337b82759c96d31311fedac33d2c7f21b48a343fb872f2890e,True
MZ_Air,R01,73,sou,explicit_no_change,no_change,accepted,15,15,bff5c13f33ad26dd6fd933afab3578c7dd9c68db6fa5b32ac0baad5783dd9603,bff5c13f33ad26dd6fd933afab3578c7dd9c68db6fa5b32ac0baad5783dd9603,True
MZ_Air,R01,73,wes,explicit_no_change,no_change,accepted,20,20,ff0059a61f394a9052110e89218aa3d704dde3bca0858af714089e1999db873f,ff0059a61f394a9052110e89218aa3d704dde3bca0858af714089e1999db873f,True
MZ_Air,R01,74,cor,explicit_no_change,no_change,accepted,21,21,5925693e7513b4394bb716c41801711f757ff8f0ad0ea6e912ecb5eba216f47c,5925693e7513b4394bb716c41801711f757ff8f0ad0ea6e912ecb5eba216f47c,True
MZ_Air,R01,74,nor,explicit_no_change,no_change,accepted,19,19,7e227c27e65143084c15b43d2861c76bba6316f8751be1cc89a911610ace1240,7e227c27e65143084c15b43d2861c76bba6316f8751be1cc89a911610ace1240,True
MZ_Air,R01,74,eas,explicit_no_change,no_change,accepted,17,17,5d77e1ebcbe623337b82759c96d31311fedac33d2c7f21b48a343fb872f2890e,5d77e1ebcbe623337b82759c96d31311fedac33d2c7f21b48a343fb872f2890e,True
MZ_Air,R01,74,sou,explicit_no_change,no_change,accepted,15,15,bff5c13f33ad26dd6fd933afab3578c7dd9c68db6fa5b32ac0baad5783dd9603,bff5c13f33ad26dd6fd933afab3578c7dd9c68db6fa5b32ac0baad5783dd9603,True
MZ_Air,R01,74,wes,explicit_no_change,no_change,accepted,20,20,ff0059a61f394a9052110e89218aa3d704dde3bca0858af714089e1999db873f,ff0059a61f394a9052110e89218aa3d704dde3bca0858af714089e1999db873f,True
MZ_Air,R01,75,cor,explicit_no_change,no_change,accepted,21,21,5925693e7513b4394bb716c41801711f757ff8f0ad0ea6e912ecb5eba216f47c,5925693e7513b4394bb716c41801711f757ff8f0ad0ea6e912ecb5eba216f47c,True
MZ_Air,R01,75,nor,explicit_no_change,no_change,accepted,19,19,7e227c27e65143084c15b43d2861c76bba6316f8751be1cc89a911610ace1240,7e227c27e65143084c15b43d2861c76bba6316f8751be1cc89a911610ace1240,True
MZ_Air,R01,75,eas,explicit_no_change,no_change,accepted,17,17,5d77e1ebcbe623337b82759c96d31311fedac33d2c7f21b48a343fb872f2890e,5d77e1ebcbe623337b82759c96d31311fedac33d2c7f21b48a343fb872f2890e,True
MZ_Air,R01,75,sou,explicit_no_change,no_change,accepted,15,15,bff5c13f33ad26dd6fd933afab3578c7dd9c68db6fa5b32ac0baad5783dd9603,bff5c13f33ad26dd6fd933afab3578c7dd9c68db6fa5b32ac0baad5783dd9603,True
MZ_Air,R01,75,wes,explicit_no_change,no_change,accepted,20,20,ff0059a61f394a9052110e89218aa3d704dde3bca0858af714089e1999db873f,ff0059a61f394a9052110e89218aa3d704dde3bca0858af714089e1999db873f,True
MZ_Air,R01,76,cor,explicit_no_change,no_change,accepted,21,21,5925693e7513b4394bb716c41801711f757ff8f0ad0ea6e912ecb5eba216f47c,5925693e7513b4394bb716c41801711f757ff8f0ad0ea6e912ecb5eba216f47c,True
MZ_Air,R01,76,nor,explicit_no_change,no_change,accepted,19,19,7e227c27e65143084c15b43d2861c76bba6316f8751be1cc89a911610ace1240,7e227c27e65143084c15b43d2861c76bba6316f8751be1cc89a911610ace1240,True
MZ_Air,R01,76,eas,explicit_no_change,no_change,accepted,17,17,5d77e1ebcbe623337b82759c96d31311fedac33d2c7f21b48a343fb872f2890e,5d77e1ebcbe623337b82759c96d31311fedac33d2c7f21b48a343fb872f2890e,True
MZ_Air,R01,76,sou,explicit_no_change,no_change,accepted,15,15,bff5c13f33ad26dd6fd933afab3578c7dd9c68db6fa5b32ac0baad5783dd9603,bff5c13f33ad26dd6fd933afab3578c7dd9c68db6fa5b32ac0baad5783dd9603,True
MZ_Air,R01,76,wes,explicit_no_change,no_change,accepted,20,20,ff0059a61f394a9052110e89218aa3d704dde3bca0858af714089e1999db873f,ff0059a61f394a9052110e89218aa3d704dde3bca0858af714089e1999db873f,True
MZ_Air,R01,77,cor,explicit_no_change,no_change,accepted,21,21,5925693e7513b4394bb716c41801711f757ff8f0ad0ea6e912ecb5eba216f47c,5925693e7513b4394bb716c41801711f757ff8f0ad0ea6e912ecb5eba216f47c,True
MZ_Air,R01,77,nor,replace_rule,replace_rule,accepted,19,20,7e227c27e65143084c15b43d2861c76bba6316f8751be1cc89a911610ace1240,5815523403e6a593bd05e0e0680275e9dc12a81cdad0c7deb1eafdbffb89bf32,True
MZ_Air,R01,77,eas,explicit_no_change,no_change,accepted,17,17,5d77e1ebcbe623337b82759c96d31311fedac33d2c7f21b48a343fb872f2890e,5d77e1ebcbe623337b82759c96d31311fedac33d2c7f21b48a343fb872f2890e,True
MZ_Air,R01,77,sou,explicit_no_change,no_change,accepted,15,15,bff5c13f33ad26dd6fd933afab3578c7dd9c68db6fa5b32ac0baad5783dd9603,bff5c13f33ad26dd6fd933afab3578c7dd9c68db6fa5b32ac0baad5783dd9603,True
MZ_Air,R01,77,wes,explicit_no_change,no_change,accepted,20,20,ff0059a61f394a9052110e89218aa3d704dde3bca0858af714089e1999db873f,ff0059a61f394a9052110e89218aa3d704dde3bca0858af714089e1999db873f,True
MZ_Air,R01,78,cor,set_param,set_param,accepted,21,22,5925693e7513b4394bb716c41801711f757ff8f0ad0ea6e912ecb5eba216f47c,b648853f57bea3d143226f9d6d72ebcc0308d18c85b7526cd1bf10de8a0a5490,True
MZ_Air,R01,78,eas,replace_rule,replace_rule,accepted,17,18,5d77e1ebcbe623337b82759c96d31311fedac33d2c7f21b48a343fb872f2890e,ce97a4320988b14d9a4f99f7c12753d0106e01c0775da37789038be051c1a647,True
MZ_Air,R01,78,wes,explicit_no_change,no_change,accepted,20,20,ff0059a61f394a9052110e89218aa3d704dde3bca0858af714089e1999db873f,ff0059a61f394a9052110e89218aa3d704dde3bca0858af714089e1999db873f,True
MZ_Air,R01,78,sou,replace_rule,replace_rule,accepted,15,16,bff5c13f33ad26dd6fd933afab3578c7dd9c68db6fa5b32ac0baad5783dd9603,26c82525873c1b41652cb97218b102835252c0fcad1ecc7a82d24cae9ddeda8f,True
MZ_Air,R01,78,nor,replace_rule,replace_rule,accepted,20,21,5815523403e6a593bd05e0e0680275e9dc12a81cdad0c7deb1eafdbffb89bf32,c1f7a1119be15b88ca4a7ddf62b7187b05fda4c0abc190acb9618d56eee57b41,True
MZ_Air,R01,79,cor,deterministic_rejection,replace_rule,rejected,22,22,b648853f57bea3d143226f9d6d72ebcc0308d18c85b7526cd1bf10de8a0a5490,b648853f57bea3d143226f9d6d72ebcc0308d18c85b7526cd1bf10de8a0a5490,True
MZ_Air,R01,79,eas,explicit_no_change,no_change,accepted,18,18,ce97a4320988b14d9a4f99f7c12753d0106e01c0775da37789038be051c1a647,ce97a4320988b14d9a4f99f7c12753d0106e01c0775da37789038be051c1a647,True
MZ_Air,R01,79,sou,explicit_no_change,no_change,accepted,16,16,26c82525873c1b41652cb97218b102835252c0fcad1ecc7a82d24cae9ddeda8f,26c82525873c1b41652cb97218b102835252c0fcad1ecc7a82d24cae9ddeda8f,True
MZ_Air,R01,79,wes,explicit_no_change,no_change,accepted,20,20,ff0059a61f394a9052110e89218aa3d704dde3bca0858af714089e1999db873f,ff0059a61f394a9052110e89218aa3d704dde3bca0858af714089e1999db873f,True
MZ_Air,R01,79,nor,explicit_no_change,no_change,accepted,21,21,c1f7a1119be15b88ca4a7ddf62b7187b05fda4c0abc190acb9618d56eee57b41,c1f7a1119be15b88ca4a7ddf62b7187b05fda4c0abc190acb9618d56eee57b41,True
MZ_Air,R01,80,cor,explicit_no_change,no_change,accepted,22,22,b648853f57bea3d143226f9d6d72ebcc0308d18c85b7526cd1bf10de8a0a5490,b648853f57bea3d143226f9d6d72ebcc0308d18c85b7526cd1bf10de8a0a5490,True
MZ_Air,R01,80,eas,explicit_no_change,no_change,accepted,18,18,ce97a4320988b14d9a4f99f7c12753d0106e01c0775da37789038be051c1a647,ce97a4320988b14d9a4f99f7c12753d0106e01c0775da37789038be051c1a647,True
MZ_Air,R01,80,sou,explicit_no_change,no_change,accepted,16,16,26c82525873c1b41652cb97218b102835252c0fcad1ecc7a82d24cae9ddeda8f,26c82525873c1b41652cb97218b102835252c0fcad1ecc7a82d24cae9ddeda8f,True
MZ_Air,R01,80,wes,explicit_no_change,no_change,accepted,20,20,ff0059a61f394a9052110e89218aa3d704dde3bca0858af714089e1999db873f,ff0059a61f394a9052110e89218aa3d704dde3bca0858af714089e1999db873f,True
MZ_Air,R01,80,nor,replace_rule,replace_rule,accepted,21,22,c1f7a1119be15b88ca4a7ddf62b7187b05fda4c0abc190acb9618d56eee57b41,b8973368b675b3f1d429ba0740fb55d82cb09bdc226afaccb2ac9ce3f73dc65b,True
MZ_Air,R01,81,cor,replace_rule,replace_rule,accepted,22,23,b648853f57bea3d143226f9d6d72ebcc0308d18c85b7526cd1bf10de8a0a5490,f0ad04a25d9de88e194e8f8fd21972807b326acae695584b6c7e49dd12e10895,True
MZ_Air,R01,81,nor,replace_rule,replace_rule,accepted,22,23,b8973368b675b3f1d429ba0740fb55d82cb09bdc226afaccb2ac9ce3f73dc65b,34ff89f29de62c66518137ea22415e02336de1cf136c0d63f7a98bdc36f63087,True
MZ_Air,R01,81,sou,replace_rule,replace_rule,accepted,16,17,26c82525873c1b41652cb97218b102835252c0fcad1ecc7a82d24cae9ddeda8f,0d18212504a7845d16200c83e7c67ffedd37882c781d521744c36404e5e1c6cf,True
MZ_Air,R01,81,eas,replace_rule,replace_rule,accepted,18,19,ce97a4320988b14d9a4f99f7c12753d0106e01c0775da37789038be051c1a647,39e81cc6f6808edc0b4a71e08f5d779dd0fe6ccddcd2740f4b05e1e64920e1ae,True
MZ_Air,R01,81,wes,set_param,set_param,accepted,20,21,ff0059a61f394a9052110e89218aa3d704dde3bca0858af714089e1999db873f,a638468fb09341e9d096ab10503d5038373990f1ed863dc9dcb99c3f047f7980,True
MZ_Air,R01,82,cor,remove_rule,remove_rule,accepted,23,24,f0ad04a25d9de88e194e8f8fd21972807b326acae695584b6c7e49dd12e10895,95dd97da382e38a87e64e1448e1cf449665d6767de7671ad07474ee25c079c32,True
MZ_Air,R01,82,nor,deterministic_rejection,replace_rule,rejected,23,23,34ff89f29de62c66518137ea22415e02336de1cf136c0d63f7a98bdc36f63087,34ff89f29de62c66518137ea22415e02336de1cf136c0d63f7a98bdc36f63087,True
MZ_Air,R01,82,sou,deterministic_rejection,set_param,rejected,17,17,0d18212504a7845d16200c83e7c67ffedd37882c781d521744c36404e5e1c6cf,0d18212504a7845d16200c83e7c67ffedd37882c781d521744c36404e5e1c6cf,True
MZ_Air,R01,82,eas,deterministic_rejection,replace_rule,rejected,19,19,39e81cc6f6808edc0b4a71e08f5d779dd0fe6ccddcd2740f4b05e1e64920e1ae,39e81cc6f6808edc0b4a71e08f5d779dd0fe6ccddcd2740f4b05e1e64920e1ae,True
MZ_Air,R01,82,wes,replace_rule,replace_rule,accepted,21,22,a638468fb09341e9d096ab10503d5038373990f1ed863dc9dcb99c3f047f7980,fe9ba848e452a810cd385093b23b1737b3b857524a3c732ec38c91114f248a55,True
MZ_Air,R01,83,eas,deterministic_rejection,replace_rule,rejected,19,19,39e81cc6f6808edc0b4a71e08f5d779dd0fe6ccddcd2740f4b05e1e64920e1ae,39e81cc6f6808edc0b4a71e08f5d779dd0fe6ccddcd2740f4b05e1e64920e1ae,True
MZ_Air,R01,83,sou,deterministic_rejection,set_param,rejected,17,17,0d18212504a7845d16200c83e7c67ffedd37882c781d521744c36404e5e1c6cf,0d18212504a7845d16200c83e7c67ffedd37882c781d521744c36404e5e1c6cf,True
MZ_Air,R01,83,wes,replace_rule,replace_rule,accepted,22,23,fe9ba848e452a810cd385093b23b1737b3b857524a3c732ec38c91114f248a55,e3b78a5bcf21d7e1eb7fefa9b10c8d93b8507ceb4ef36ead9430849d745f907e,True
MZ_Air,R01,83,cor,replace_rule,replace_rule,accepted,24,25,95dd97da382e38a87e64e1448e1cf449665d6767de7671ad07474ee25c079c32,7e0478f36b5980acf3cd310ab6b3637289eeb685d55c822b1e8393b313c898c5,True
MZ_Air,R01,83,nor,schema_fallback,no_change,model_output_rejected,23,23,34ff89f29de62c66518137ea22415e02336de1cf136c0d63f7a98bdc36f63087,34ff89f29de62c66518137ea22415e02336de1cf136c0d63f7a98bdc36f63087,True
MZ_Air,R01,84,sou,replace_rule,replace_rule,accepted,17,18,0d18212504a7845d16200c83e7c67ffedd37882c781d521744c36404e5e1c6cf,faf0a4e0a6442da2e8e0e5537d7fb528a0560373f0cca0488d4ab7767faa960a,True
MZ_Air,R01,84,wes,deterministic_rejection,replace_rule,rejected,23,23,e3b78a5bcf21d7e1eb7fefa9b10c8d93b8507ceb4ef36ead9430849d745f907e,e3b78a5bcf21d7e1eb7fefa9b10c8d93b8507ceb4ef36ead9430849d745f907e,True
MZ_Air,R01,84,eas,deterministic_rejection,replace_rule,rejected,19,19,39e81cc6f6808edc0b4a71e08f5d779dd0fe6ccddcd2740f4b05e1e64920e1ae,39e81cc6f6808edc0b4a71e08f5d779dd0fe6ccddcd2740f4b05e1e64920e1ae,True
MZ_Air,R01,84,cor,add_rule,add_rule,accepted,25,26,7e0478f36b5980acf3cd310ab6b3637289eeb685d55c822b1e8393b313c898c5,0ac06ce9e872202b79662aea4df67fd72834e7905d577355641ecaaeebf0568c,True
MZ_Air,R01,84,nor,deterministic_rejection,replace_rule,rejected,23,23,34ff89f29de62c66518137ea22415e02336de1cf136c0d63f7a98bdc36f63087,34ff89f29de62c66518137ea22415e02336de1cf136c0d63f7a98bdc36f63087,True
MZ_Air,R01,85,sou,deterministic_rejection,replace_rule,rejected,18,18,faf0a4e0a6442da2e8e0e5537d7fb528a0560373f0cca0488d4ab7767faa960a,faf0a4e0a6442da2e8e0e5537d7fb528a0560373f0cca0488d4ab7767faa960a,True
MZ_Air,R01,85,wes,deterministic_rejection,replace_rule,rejected,23,23,e3b78a5bcf21d7e1eb7fefa9b10c8d93b8507ceb4ef36ead9430849d745f907e,e3b78a5bcf21d7e1eb7fefa9b10c8d93b8507ceb4ef36ead9430849d745f907e,True
MZ_Air,R01,85,eas,deterministic_rejection,replace_rule,rejected,19,19,39e81cc6f6808edc0b4a71e08f5d779dd0fe6ccddcd2740f4b05e1e64920e1ae,39e81cc6f6808edc0b4a71e08f5d779dd0fe6ccddcd2740f4b05e1e64920e1ae,True
MZ_Air,R01,85,cor,deterministic_rejection,replace_rule,rejected,26,26,0ac06ce9e872202b79662aea4df67fd72834e7905d577355641ecaaeebf0568c,0ac06ce9e872202b79662aea4df67fd72834e7905d577355641ecaaeebf0568c,True
MZ_Air,R01,85,nor,schema_fallback,no_change,model_output_rejected,23,23,34ff89f29de62c66518137ea22415e02336de1cf136c0d63f7a98bdc36f63087,34ff89f29de62c66518137ea22415e02336de1cf136c0d63f7a98bdc36f63087,True
MZ_Air,R01,86,sou,replace_rule,replace_rule,accepted,18,19,faf0a4e0a6442da2e8e0e5537d7fb528a0560373f0cca0488d4ab7767faa960a,7f8253154dc99a1654c26e2a10dbf7f7d92a055e3406ef139054d467eeb69ece,True
MZ_Air,R01,86,eas,deterministic_rejection,move_rule,rejected,19,19,39e81cc6f6808edc0b4a71e08f5d779dd0fe6ccddcd2740f4b05e1e64920e1ae,39e81cc6f6808edc0b4a71e08f5d779dd0fe6ccddcd2740f4b05e1e64920e1ae,True
MZ_Air,R01,86,wes,deterministic_rejection,replace_rule,rejected,23,23,e3b78a5bcf21d7e1eb7fefa9b10c8d93b8507ceb4ef36ead9430849d745f907e,e3b78a5bcf21d7e1eb7fefa9b10c8d93b8507ceb4ef36ead9430849d745f907e,True
MZ_Air,R01,86,cor,deterministic_rejection,replace_rule,rejected,26,26,0ac06ce9e872202b79662aea4df67fd72834e7905d577355641ecaaeebf0568c,0ac06ce9e872202b79662aea4df67fd72834e7905d577355641ecaaeebf0568c,True
MZ_Air,R01,86,nor,deterministic_rejection,set_param,rejected,23,23,34ff89f29de62c66518137ea22415e02336de1cf136c0d63f7a98bdc36f63087,34ff89f29de62c66518137ea22415e02336de1cf136c0d63f7a98bdc36f63087,True
MZ_Air,R01,87,sou,deterministic_rejection,replace_rule,rejected,19,19,7f8253154dc99a1654c26e2a10dbf7f7d92a055e3406ef139054d467eeb69ece,7f8253154dc99a1654c26e2a10dbf7f7d92a055e3406ef139054d467eeb69ece,True
MZ_Air,R01,87,wes,deterministic_rejection,replace_rule,rejected,23,23,e3b78a5bcf21d7e1eb7fefa9b10c8d93b8507ceb4ef36ead9430849d745f907e,e3b78a5bcf21d7e1eb7fefa9b10c8d93b8507ceb4ef36ead9430849d745f907e,True
MZ_Air,R01,87,eas,deterministic_rejection,replace_rule,rejected,19,19,39e81cc6f6808edc0b4a71e08f5d779dd0fe6ccddcd2740f4b05e1e64920e1ae,39e81cc6f6808edc0b4a71e08f5d779dd0fe6ccddcd2740f4b05e1e64920e1ae,True
MZ_Air,R01,87,cor,remove_rule,remove_rule,accepted,26,27,0ac06ce9e872202b79662aea4df67fd72834e7905d577355641ecaaeebf0568c,8bf986ff8d09ae648e8c0e61135cdb44761e548a41ffce59b82be7192b7d4fcb,True
MZ_Air,R01,87,nor,deterministic_rejection,add_rule,rejected,23,23,34ff89f29de62c66518137ea22415e02336de1cf136c0d63f7a98bdc36f63087,34ff89f29de62c66518137ea22415e02336de1cf136c0d63f7a98bdc36f63087,True
MZ_Air,R01,88,eas,explicit_no_change,no_change,accepted,19,19,39e81cc6f6808edc0b4a71e08f5d779dd0fe6ccddcd2740f4b05e1e64920e1ae,39e81cc6f6808edc0b4a71e08f5d779dd0fe6ccddcd2740f4b05e1e64920e1ae,True
MZ_Air,R01,88,sou,deterministic_rejection,replace_rule,rejected,19,19,7f8253154dc99a1654c26e2a10dbf7f7d92a055e3406ef139054d467eeb69ece,7f8253154dc99a1654c26e2a10dbf7f7d92a055e3406ef139054d467eeb69ece,True
MZ_Air,R01,88,wes,schema_fallback,no_change,model_output_rejected,23,23,e3b78a5bcf21d7e1eb7fefa9b10c8d93b8507ceb4ef36ead9430849d745f907e,e3b78a5bcf21d7e1eb7fefa9b10c8d93b8507ceb4ef36ead9430849d745f907e,True
MZ_Air,R01,88,cor,schema_fallback,no_change,model_output_rejected,27,27,8bf986ff8d09ae648e8c0e61135cdb44761e548a41ffce59b82be7192b7d4fcb,8bf986ff8d09ae648e8c0e61135cdb44761e548a41ffce59b82be7192b7d4fcb,True
MZ_Air,R01,88,nor,deterministic_rejection,set_param,rejected,23,23,34ff89f29de62c66518137ea22415e02336de1cf136c0d63f7a98bdc36f63087,34ff89f29de62c66518137ea22415e02336de1cf136c0d63f7a98bdc36f63087,True
MZ_Air,R01,89,nor,deterministic_rejection,add_rule,rejected,23,23,34ff89f29de62c66518137ea22415e02336de1cf136c0d63f7a98bdc36f63087,34ff89f29de62c66518137ea22415e02336de1cf136c0d63f7a98bdc36f63087,True
MZ_Air,R01,89,cor,deterministic_rejection,add_rule,rejected,27,27,8bf986ff8d09ae648e8c0e61135cdb44761e548a41ffce59b82be7192b7d4fcb,8bf986ff8d09ae648e8c0e61135cdb44761e548a41ffce59b82be7192b7d4fcb,True
MZ_Air,R01,89,sou,replace_rule,replace_rule,accepted,19,20,7f8253154dc99a1654c26e2a10dbf7f7d92a055e3406ef139054d467eeb69ece,025b3a93b1ccd91f89d77544a0415f9c1cc25f6212160585a2f6d50d57dfcd1c,True
MZ_Air,R01,89,wes,deterministic_rejection,replace_rule,rejected,23,23,e3b78a5bcf21d7e1eb7fefa9b10c8d93b8507ceb4ef36ead9430849d745f907e,e3b78a5bcf21d7e1eb7fefa9b10c8d93b8507ceb4ef36ead9430849d745f907e,True
MZ_Air,R01,89,eas,explicit_no_change,no_change,accepted,19,19,39e81cc6f6808edc0b4a71e08f5d779dd0fe6ccddcd2740f4b05e1e64920e1ae,39e81cc6f6808edc0b4a71e08f5d779dd0fe6ccddcd2740f4b05e1e64920e1ae,True
MZ_Air,R01,90,nor,deterministic_rejection,replace_rule,rejected,23,23,34ff89f29de62c66518137ea22415e02336de1cf136c0d63f7a98bdc36f63087,34ff89f29de62c66518137ea22415e02336de1cf136c0d63f7a98bdc36f63087,True
MZ_Air,R01,90,cor,remove_rule,remove_rule,accepted,27,28,8bf986ff8d09ae648e8c0e61135cdb44761e548a41ffce59b82be7192b7d4fcb,b6692dfad2c2725a9672b6d167d2c3a99dd0264ba53d8742d472a4b30655a67f,True
MZ_Air,R01,90,wes,replace_rule,replace_rule,accepted,23,24,e3b78a5bcf21d7e1eb7fefa9b10c8d93b8507ceb4ef36ead9430849d745f907e,f0221d016db23beecb9dde54e188c7b2ce327b86d3257c0e6be7cfd777ba4228,True
MZ_Air,R01,90,sou,explicit_no_change,no_change,accepted,20,20,025b3a93b1ccd91f89d77544a0415f9c1cc25f6212160585a2f6d50d57dfcd1c,025b3a93b1ccd91f89d77544a0415f9c1cc25f6212160585a2f6d50d57dfcd1c,True
MZ_Air,R01,90,eas,explicit_no_change,no_change,accepted,19,19,39e81cc6f6808edc0b4a71e08f5d779dd0fe6ccddcd2740f4b05e1e64920e1ae,39e81cc6f6808edc0b4a71e08f5d779dd0fe6ccddcd2740f4b05e1e64920e1ae,True
MZ_Air,R01,91,sou,explicit_no_change,no_change,accepted,20,20,025b3a93b1ccd91f89d77544a0415f9c1cc25f6212160585a2f6d50d57dfcd1c,025b3a93b1ccd91f89d77544a0415f9c1cc25f6212160585a2f6d50d57dfcd1c,True
MZ_Air,R01,91,wes,deterministic_rejection,replace_rule,rejected,24,24,f0221d016db23beecb9dde54e188c7b2ce327b86d3257c0e6be7cfd777ba4228,f0221d016db23beecb9dde54e188c7b2ce327b86d3257c0e6be7cfd777ba4228,True
MZ_Air,R01,91,eas,explicit_no_change,no_change,accepted,19,19,39e81cc6f6808edc0b4a71e08f5d779dd0fe6ccddcd2740f4b05e1e64920e1ae,39e81cc6f6808edc0b4a71e08f5d779dd0fe6ccddcd2740f4b05e1e64920e1ae,True
MZ_Air,R01,91,nor,add_rule,add_rule,accepted,23,24,34ff89f29de62c66518137ea22415e02336de1cf136c0d63f7a98bdc36f63087,9004321c0a6336bf7fcbb59f4f52fed67fe79ee028346a943fa8740a05f97660,True
MZ_Air,R01,91,cor,deterministic_rejection,replace_rule,rejected,28,28,b6692dfad2c2725a9672b6d167d2c3a99dd0264ba53d8742d472a4b30655a67f,b6692dfad2c2725a9672b6d167d2c3a99dd0264ba53d8742d472a4b30655a67f,True
MZ_Air,R01,92,nor,replace_rule,replace_rule,accepted,24,25,9004321c0a6336bf7fcbb59f4f52fed67fe79ee028346a943fa8740a05f97660,8d2bd267629694dbdc5999d0ebb888b17ab3985fe24b05b350723daa8250e542,True
MZ_Air,R01,92,cor,replace_rule,replace_rule,accepted,28,29,b6692dfad2c2725a9672b6d167d2c3a99dd0264ba53d8742d472a4b30655a67f,850306380dffd3ed3bd90f1ce2ee9d9ef64f751531d15c5de0afbc2c57341839,True
MZ_Air,R01,92,wes,deterministic_rejection,replace_rule,rejected,24,24,f0221d016db23beecb9dde54e188c7b2ce327b86d3257c0e6be7cfd777ba4228,f0221d016db23beecb9dde54e188c7b2ce327b86d3257c0e6be7cfd777ba4228,True
MZ_Air,R01,92,eas,replace_rule,replace_rule,accepted,19,20,39e81cc6f6808edc0b4a71e08f5d779dd0fe6ccddcd2740f4b05e1e64920e1ae,1e1f058f527a631c288574cf0817f3c6580cad56419b247eb30eb38a6564ee8f,True
MZ_Air,R01,92,sou,explicit_no_change,no_change,accepted,20,20,025b3a93b1ccd91f89d77544a0415f9c1cc25f6212160585a2f6d50d57dfcd1c,025b3a93b1ccd91f89d77544a0415f9c1cc25f6212160585a2f6d50d57dfcd1c,True
MZ_Air,R01,93,nor,explicit_no_change,no_change,accepted,25,25,8d2bd267629694dbdc5999d0ebb888b17ab3985fe24b05b350723daa8250e542,8d2bd267629694dbdc5999d0ebb888b17ab3985fe24b05b350723daa8250e542,True
MZ_Air,R01,93,cor,replace_rule,replace_rule,accepted,29,30,850306380dffd3ed3bd90f1ce2ee9d9ef64f751531d15c5de0afbc2c57341839,6da06acbcba65e419a21c589d3dbfc6d7dc8c65bc211742a8f942a92efebe918,True
MZ_Air,R01,93,wes,deterministic_rejection,replace_rule,rejected,24,24,f0221d016db23beecb9dde54e188c7b2ce327b86d3257c0e6be7cfd777ba4228,f0221d016db23beecb9dde54e188c7b2ce327b86d3257c0e6be7cfd777ba4228,True
MZ_Air,R01,93,eas,replace_rule,replace_rule,accepted,20,21,1e1f058f527a631c288574cf0817f3c6580cad56419b247eb30eb38a6564ee8f,7ada8252f1ff7eeb4ac68d68e545db532277cbf261879ddeae8a847b831162c5,True
MZ_Air,R01,93,sou,replace_rule,replace_rule,accepted,20,21,025b3a93b1ccd91f89d77544a0415f9c1cc25f6212160585a2f6d50d57dfcd1c,bf38e80112799942ca33a39ce219dbc4b546ea1df3c7b281bb11e00a5419700d,True
MZ_Air,R01,94,wes,deterministic_rejection,replace_rule,rejected,24,24,f0221d016db23beecb9dde54e188c7b2ce327b86d3257c0e6be7cfd777ba4228,f0221d016db23beecb9dde54e188c7b2ce327b86d3257c0e6be7cfd777ba4228,True
MZ_Air,R01,94,sou,deterministic_rejection,replace_rule,rejected,21,21,bf38e80112799942ca33a39ce219dbc4b546ea1df3c7b281bb11e00a5419700d,bf38e80112799942ca33a39ce219dbc4b546ea1df3c7b281bb11e00a5419700d,True
MZ_Air,R01,94,eas,replace_rule,replace_rule,accepted,21,22,7ada8252f1ff7eeb4ac68d68e545db532277cbf261879ddeae8a847b831162c5,614af1cb9e91f0130b05811bc0121edb12cdb2bc365e0cd2cfbee8328d562187,True
MZ_Air,R01,94,cor,replace_rule,replace_rule,accepted,30,31,6da06acbcba65e419a21c589d3dbfc6d7dc8c65bc211742a8f942a92efebe918,42ef1ac32931591a7e099785ba4b12f64dca14fe71bd0f8038155416d8d12405,True
MZ_Air,R01,94,nor,replace_rule,replace_rule,accepted,25,26,8d2bd267629694dbdc5999d0ebb888b17ab3985fe24b05b350723daa8250e542,501b30c77e36c2eabc01a0a129804e1fe5d5b1ec75a88469d194825907cb650d,True
MZ_Air,R01,95,sou,deterministic_rejection,replace_rule,rejected,21,21,bf38e80112799942ca33a39ce219dbc4b546ea1df3c7b281bb11e00a5419700d,bf38e80112799942ca33a39ce219dbc4b546ea1df3c7b281bb11e00a5419700d,True
MZ_Air,R01,95,wes,deterministic_rejection,replace_rule,rejected,24,24,f0221d016db23beecb9dde54e188c7b2ce327b86d3257c0e6be7cfd777ba4228,f0221d016db23beecb9dde54e188c7b2ce327b86d3257c0e6be7cfd777ba4228,True
MZ_Air,R01,95,eas,explicit_no_change,no_change,accepted,22,22,614af1cb9e91f0130b05811bc0121edb12cdb2bc365e0cd2cfbee8328d562187,614af1cb9e91f0130b05811bc0121edb12cdb2bc365e0cd2cfbee8328d562187,True
MZ_Air,R01,95,cor,explicit_no_change,no_change,accepted,31,31,42ef1ac32931591a7e099785ba4b12f64dca14fe71bd0f8038155416d8d12405,42ef1ac32931591a7e099785ba4b12f64dca14fe71bd0f8038155416d8d12405,True
MZ_Air,R01,95,nor,explicit_no_change,no_change,accepted,26,26,501b30c77e36c2eabc01a0a129804e1fe5d5b1ec75a88469d194825907cb650d,501b30c77e36c2eabc01a0a129804e1fe5d5b1ec75a88469d194825907cb650d,True
MZ_Air,R01,96,sou,explicit_no_change,no_change,accepted,21,21,bf38e80112799942ca33a39ce219dbc4b546ea1df3c7b281bb11e00a5419700d,bf38e80112799942ca33a39ce219dbc4b546ea1df3c7b281bb11e00a5419700d,True
MZ_Air,R01,96,wes,deterministic_rejection,replace_rule,rejected,24,24,f0221d016db23beecb9dde54e188c7b2ce327b86d3257c0e6be7cfd777ba4228,f0221d016db23beecb9dde54e188c7b2ce327b86d3257c0e6be7cfd777ba4228,True
MZ_Air,R01,96,eas,explicit_no_change,no_change,accepted,22,22,614af1cb9e91f0130b05811bc0121edb12cdb2bc365e0cd2cfbee8328d562187,614af1cb9e91f0130b05811bc0121edb12cdb2bc365e0cd2cfbee8328d562187,True
MZ_Air,R01,96,cor,explicit_no_change,no_change,accepted,31,31,42ef1ac32931591a7e099785ba4b12f64dca14fe71bd0f8038155416d8d12405,42ef1ac32931591a7e099785ba4b12f64dca14fe71bd0f8038155416d8d12405,True
MZ_Air,R01,96,nor,explicit_no_change,no_change,accepted,26,26,501b30c77e36c2eabc01a0a129804e1fe5d5b1ec75a88469d194825907cb650d,501b30c77e36c2eabc01a0a129804e1fe5d5b1ec75a88469d194825907cb650d,True
MZ_Air,R01,97,sou,explicit_no_change,no_change,accepted,21,21,bf38e80112799942ca33a39ce219dbc4b546ea1df3c7b281bb11e00a5419700d,bf38e80112799942ca33a39ce219dbc4b546ea1df3c7b281bb11e00a5419700d,True
MZ_Air,R01,97,wes,explicit_no_change,no_change,accepted,24,24,f0221d016db23beecb9dde54e188c7b2ce327b86d3257c0e6be7cfd777ba4228,f0221d016db23beecb9dde54e188c7b2ce327b86d3257c0e6be7cfd777ba4228,True
MZ_Air,R01,97,eas,explicit_no_change,no_change,accepted,22,22,614af1cb9e91f0130b05811bc0121edb12cdb2bc365e0cd2cfbee8328d562187,614af1cb9e91f0130b05811bc0121edb12cdb2bc365e0cd2cfbee8328d562187,True
MZ_Air,R01,97,cor,explicit_no_change,no_change,accepted,31,31,42ef1ac32931591a7e099785ba4b12f64dca14fe71bd0f8038155416d8d12405,42ef1ac32931591a7e099785ba4b12f64dca14fe71bd0f8038155416d8d12405,True
MZ_Air,R01,97,nor,explicit_no_change,no_change,accepted,26,26,501b30c77e36c2eabc01a0a129804e1fe5d5b1ec75a88469d194825907cb650d,501b30c77e36c2eabc01a0a129804e1fe5d5b1ec75a88469d194825907cb650d,True
MZ_Air,R01,98,sou,explicit_no_change,no_change,accepted,21,21,bf38e80112799942ca33a39ce219dbc4b546ea1df3c7b281bb11e00a5419700d,bf38e80112799942ca33a39ce219dbc4b546ea1df3c7b281bb11e00a5419700d,True
MZ_Air,R01,98,wes,explicit_no_change,no_change,accepted,24,24,f0221d016db23beecb9dde54e188c7b2ce327b86d3257c0e6be7cfd777ba4228,f0221d016db23beecb9dde54e188c7b2ce327b86d3257c0e6be7cfd777ba4228,True
MZ_Air,R01,98,eas,explicit_no_change,no_change,accepted,22,22,614af1cb9e91f0130b05811bc0121edb12cdb2bc365e0cd2cfbee8328d562187,614af1cb9e91f0130b05811bc0121edb12cdb2bc365e0cd2cfbee8328d562187,True
MZ_Air,R01,98,cor,explicit_no_change,no_change,accepted,31,31,42ef1ac32931591a7e099785ba4b12f64dca14fe71bd0f8038155416d8d12405,42ef1ac32931591a7e099785ba4b12f64dca14fe71bd0f8038155416d8d12405,True
MZ_Air,R01,98,nor,explicit_no_change,no_change,accepted,26,26,501b30c77e36c2eabc01a0a129804e1fe5d5b1ec75a88469d194825907cb650d,501b30c77e36c2eabc01a0a129804e1fe5d5b1ec75a88469d194825907cb650d,True
MZ_Air,R01,99,sou,explicit_no_change,no_change,accepted,21,21,bf38e80112799942ca33a39ce219dbc4b546ea1df3c7b281bb11e00a5419700d,bf38e80112799942ca33a39ce219dbc4b546ea1df3c7b281bb11e00a5419700d,True
MZ_Air,R01,99,wes,explicit_no_change,no_change,accepted,24,24,f0221d016db23beecb9dde54e188c7b2ce327b86d3257c0e6be7cfd777ba4228,f0221d016db23beecb9dde54e188c7b2ce327b86d3257c0e6be7cfd777ba4228,True
MZ_Air,R01,99,eas,explicit_no_change,no_change,accepted,22,22,614af1cb9e91f0130b05811bc0121edb12cdb2bc365e0cd2cfbee8328d562187,614af1cb9e91f0130b05811bc0121edb12cdb2bc365e0cd2cfbee8328d562187,True
MZ_Air,R01,99,cor,explicit_no_change,no_change,accepted,31,31,42ef1ac32931591a7e099785ba4b12f64dca14fe71bd0f8038155416d8d12405,42ef1ac32931591a7e099785ba4b12f64dca14fe71bd0f8038155416d8d12405,True
MZ_Air,R01,99,nor,deterministic_rejection,set_param,rejected,26,26,501b30c77e36c2eabc01a0a129804e1fe5d5b1ec75a88469d194825907cb650d,501b30c77e36c2eabc01a0a129804e1fe5d5b1ec75a88469d194825907cb650d,True
MZ_Air,R01,100,sou,explicit_no_change,no_change,accepted,21,21,bf38e80112799942ca33a39ce219dbc4b546ea1df3c7b281bb11e00a5419700d,bf38e80112799942ca33a39ce219dbc4b546ea1df3c7b281bb11e00a5419700d,True
MZ_Air,R01,100,wes,explicit_no_change,no_change,accepted,24,24,f0221d016db23beecb9dde54e188c7b2ce327b86d3257c0e6be7cfd777ba4228,f0221d016db23beecb9dde54e188c7b2ce327b86d3257c0e6be7cfd777ba4228,True
MZ_Air,R01,100,eas,explicit_no_change,no_change,accepted,22,22,614af1cb9e91f0130b05811bc0121edb12cdb2bc365e0cd2cfbee8328d562187,614af1cb9e91f0130b05811bc0121edb12cdb2bc365e0cd2cfbee8328d562187,True
MZ_Air,R01,100,cor,explicit_no_change,no_change,accepted,31,31,42ef1ac32931591a7e099785ba4b12f64dca14fe71bd0f8038155416d8d12405,42ef1ac32931591a7e099785ba4b12f64dca14fe71bd0f8038155416d8d12405,True
MZ_Air,R01,100,nor,deterministic_rejection,set_param,rejected,26,26,501b30c77e36c2eabc01a0a129804e1fe5d5b1ec75a88469d194825907cb650d,501b30c77e36c2eabc01a0a129804e1fe5d5b1ec75a88469d194825907cb650d,True
MZ_Air,R01,101,sou,explicit_no_change,no_change,accepted,21,21,bf38e80112799942ca33a39ce219dbc4b546ea1df3c7b281bb11e00a5419700d,bf38e80112799942ca33a39ce219dbc4b546ea1df3c7b281bb11e00a5419700d,True
MZ_Air,R01,101,wes,explicit_no_change,no_change,accepted,24,24,f0221d016db23beecb9dde54e188c7b2ce327b86d3257c0e6be7cfd777ba4228,f0221d016db23beecb9dde54e188c7b2ce327b86d3257c0e6be7cfd777ba4228,True
MZ_Air,R01,101,eas,explicit_no_change,no_change,accepted,22,22,614af1cb9e91f0130b05811bc0121edb12cdb2bc365e0cd2cfbee8328d562187,614af1cb9e91f0130b05811bc0121edb12cdb2bc365e0cd2cfbee8328d562187,True
MZ_Air,R01,101,cor,explicit_no_change,no_change,accepted,31,31,42ef1ac32931591a7e099785ba4b12f64dca14fe71bd0f8038155416d8d12405,42ef1ac32931591a7e099785ba4b12f64dca14fe71bd0f8038155416d8d12405,True
MZ_Air,R01,101,nor,deterministic_rejection,set_param,rejected,26,26,501b30c77e36c2eabc01a0a129804e1fe5d5b1ec75a88469d194825907cb650d,501b30c77e36c2eabc01a0a129804e1fe5d5b1ec75a88469d194825907cb650d,True
MZ_Air,R01,102,cor,set_param,set_param,accepted,31,32,42ef1ac32931591a7e099785ba4b12f64dca14fe71bd0f8038155416d8d12405,fc0e2d3161c0312197a35f191917d8706d9e052818c55d9bbae014f82baec86c,True
MZ_Air,R01,102,nor,replace_rule,replace_rule,accepted,26,27,501b30c77e36c2eabc01a0a129804e1fe5d5b1ec75a88469d194825907cb650d,86dbfe0d09508885e2409d2fbbacfe07f0da8d750d0360230bb8a93946adadc7,True
MZ_Air,R01,102,eas,replace_rule,replace_rule,accepted,22,23,614af1cb9e91f0130b05811bc0121edb12cdb2bc365e0cd2cfbee8328d562187,39e81cc6f6808edc0b4a71e08f5d779dd0fe6ccddcd2740f4b05e1e64920e1ae,True
MZ_Air,R01,102,wes,explicit_no_change,no_change,accepted,24,24,f0221d016db23beecb9dde54e188c7b2ce327b86d3257c0e6be7cfd777ba4228,f0221d016db23beecb9dde54e188c7b2ce327b86d3257c0e6be7cfd777ba4228,True
MZ_Air,R01,102,sou,explicit_no_change,no_change,accepted,21,21,bf38e80112799942ca33a39ce219dbc4b546ea1df3c7b281bb11e00a5419700d,bf38e80112799942ca33a39ce219dbc4b546ea1df3c7b281bb11e00a5419700d,True
MZ_Air,R01,103,cor,deterministic_rejection,add_rule,rejected,32,32,fc0e2d3161c0312197a35f191917d8706d9e052818c55d9bbae014f82baec86c,fc0e2d3161c0312197a35f191917d8706d9e052818c55d9bbae014f82baec86c,True
MZ_Air,R01,103,nor,explicit_no_change,no_change,accepted,27,27,86dbfe0d09508885e2409d2fbbacfe07f0da8d750d0360230bb8a93946adadc7,86dbfe0d09508885e2409d2fbbacfe07f0da8d750d0360230bb8a93946adadc7,True
MZ_Air,R01,103,eas,explicit_no_change,no_change,accepted,23,23,39e81cc6f6808edc0b4a71e08f5d779dd0fe6ccddcd2740f4b05e1e64920e1ae,39e81cc6f6808edc0b4a71e08f5d779dd0fe6ccddcd2740f4b05e1e64920e1ae,True
MZ_Air,R01,103,wes,explicit_no_change,no_change,accepted,24,24,f0221d016db23beecb9dde54e188c7b2ce327b86d3257c0e6be7cfd777ba4228,f0221d016db23beecb9dde54e188c7b2ce327b86d3257c0e6be7cfd777ba4228,True
MZ_Air,R01,103,sou,explicit_no_change,no_change,accepted,21,21,bf38e80112799942ca33a39ce219dbc4b546ea1df3c7b281bb11e00a5419700d,bf38e80112799942ca33a39ce219dbc4b546ea1df3c7b281bb11e00a5419700d,True
MZ_Air,R01,104,cor,add_rule,add_rule,accepted,32,33,fc0e2d3161c0312197a35f191917d8706d9e052818c55d9bbae014f82baec86c,f6dcb41298c47ab2f52d7d34084ff057b905febc6bd251731900e87c7aaa92ba,True
MZ_Air,R01,104,nor,replace_rule,replace_rule,accepted,27,28,86dbfe0d09508885e2409d2fbbacfe07f0da8d750d0360230bb8a93946adadc7,995411227f28a2a95122e74e4e101e17d7d7e7d1ef8768b20884dea89d03abee,True
MZ_Air,R01,104,wes,replace_rule,replace_rule,accepted,24,25,f0221d016db23beecb9dde54e188c7b2ce327b86d3257c0e6be7cfd777ba4228,abca7c9fab291aab28866f97b5dc360b2c04d6d8413317563237e62be86544dc,True
MZ_Air,R01,104,eas,explicit_no_change,no_change,accepted,23,23,39e81cc6f6808edc0b4a71e08f5d779dd0fe6ccddcd2740f4b05e1e64920e1ae,39e81cc6f6808edc0b4a71e08f5d779dd0fe6ccddcd2740f4b05e1e64920e1ae,True
MZ_Air,R01,104,sou,explicit_no_change,no_change,accepted,21,21,bf38e80112799942ca33a39ce219dbc4b546ea1df3c7b281bb11e00a5419700d,bf38e80112799942ca33a39ce219dbc4b546ea1df3c7b281bb11e00a5419700d,True
MZ_Air,R01,105,eas,deterministic_rejection,replace_rule,rejected,23,23,39e81cc6f6808edc0b4a71e08f5d779dd0fe6ccddcd2740f4b05e1e64920e1ae,39e81cc6f6808edc0b4a71e08f5d779dd0fe6ccddcd2740f4b05e1e64920e1ae,True
MZ_Air,R01,105,cor,deterministic_rejection,set_param,rejected,33,33,f6dcb41298c47ab2f52d7d34084ff057b905febc6bd251731900e87c7aaa92ba,f6dcb41298c47ab2f52d7d34084ff057b905febc6bd251731900e87c7aaa92ba,True
MZ_Air,R01,105,nor,replace_rule,replace_rule,accepted,28,29,995411227f28a2a95122e74e4e101e17d7d7e7d1ef8768b20884dea89d03abee,6c6c4663d950514bb1fb2d4bc8cc9ef3268034dba33ea6624a074b74e755ef1d,True
MZ_Air,R01,105,sou,replace_rule,replace_rule,accepted,21,22,bf38e80112799942ca33a39ce219dbc4b546ea1df3c7b281bb11e00a5419700d,b970038f91cfa037ff10e493f0da2c2f67a3cd6e2803308e77a5a77d49f9aae4,True
MZ_Air,R01,105,wes,replace_rule,replace_rule,accepted,25,26,abca7c9fab291aab28866f97b5dc360b2c04d6d8413317563237e62be86544dc,42eb1a77872652cde17d37b8726b7b4ccc91faef82002a37de89d3e724732f5f,True
MZ_Air,R01,106,sou,deterministic_rejection,replace_rule,rejected,22,22,b970038f91cfa037ff10e493f0da2c2f67a3cd6e2803308e77a5a77d49f9aae4,b970038f91cfa037ff10e493f0da2c2f67a3cd6e2803308e77a5a77d49f9aae4,True
MZ_Air,R01,106,eas,deterministic_rejection,replace_rule,rejected,23,23,39e81cc6f6808edc0b4a71e08f5d779dd0fe6ccddcd2740f4b05e1e64920e1ae,39e81cc6f6808edc0b4a71e08f5d779dd0fe6ccddcd2740f4b05e1e64920e1ae,True
MZ_Air,R01,106,nor,deterministic_rejection,set_param,rejected,29,29,6c6c4663d950514bb1fb2d4bc8cc9ef3268034dba33ea6624a074b74e755ef1d,6c6c4663d950514bb1fb2d4bc8cc9ef3268034dba33ea6624a074b74e755ef1d,True
MZ_Air,R01,106,wes,deterministic_rejection,replace_rule,rejected,26,26,42eb1a77872652cde17d37b8726b7b4ccc91faef82002a37de89d3e724732f5f,42eb1a77872652cde17d37b8726b7b4ccc91faef82002a37de89d3e724732f5f,True
MZ_Air,R01,106,cor,deterministic_rejection,replace_rule,rejected,33,33,f6dcb41298c47ab2f52d7d34084ff057b905febc6bd251731900e87c7aaa92ba,f6dcb41298c47ab2f52d7d34084ff057b905febc6bd251731900e87c7aaa92ba,True
MZ_Air,R01,107,cor,replace_rule,replace_rule,accepted,33,34,f6dcb41298c47ab2f52d7d34084ff057b905febc6bd251731900e87c7aaa92ba,046ed8394a6fe0b3758070d5bf079460b2a2758cabaf8ab44c041884b705b415,True
MZ_Air,R01,107,wes,replace_rule,replace_rule,accepted,26,27,42eb1a77872652cde17d37b8726b7b4ccc91faef82002a37de89d3e724732f5f,abca7c9fab291aab28866f97b5dc360b2c04d6d8413317563237e62be86544dc,True
MZ_Air,R01,107,nor,deterministic_rejection,add_rule,rejected,29,29,6c6c4663d950514bb1fb2d4bc8cc9ef3268034dba33ea6624a074b74e755ef1d,6c6c4663d950514bb1fb2d4bc8cc9ef3268034dba33ea6624a074b74e755ef1d,True
MZ_Air,R01,107,sou,deterministic_rejection,set_param,rejected,22,22,b970038f91cfa037ff10e493f0da2c2f67a3cd6e2803308e77a5a77d49f9aae4,b970038f91cfa037ff10e493f0da2c2f67a3cd6e2803308e77a5a77d49f9aae4,True
MZ_Air,R01,107,eas,deterministic_rejection,replace_rule,rejected,23,23,39e81cc6f6808edc0b4a71e08f5d779dd0fe6ccddcd2740f4b05e1e64920e1ae,39e81cc6f6808edc0b4a71e08f5d779dd0fe6ccddcd2740f4b05e1e64920e1ae,True
MZ_Air,R01,108,sou,replace_rule,replace_rule,accepted,22,23,b970038f91cfa037ff10e493f0da2c2f67a3cd6e2803308e77a5a77d49f9aae4,c8228a403e4929fbfc1ea2f5c99d1b783ad635f0c11454d87f9cb2ef3c538f1c,True
MZ_Air,R01,108,wes,set_param,set_param,accepted,27,28,abca7c9fab291aab28866f97b5dc360b2c04d6d8413317563237e62be86544dc,28ea72a015649ca17973f9077756ee3cd151027f8bac17bb7efddb5621fcf383,True
MZ_Air,R01,108,nor,deterministic_rejection,add_rule,rejected,29,29,6c6c4663d950514bb1fb2d4bc8cc9ef3268034dba33ea6624a074b74e755ef1d,6c6c4663d950514bb1fb2d4bc8cc9ef3268034dba33ea6624a074b74e755ef1d,True
MZ_Air,R01,108,eas,deterministic_rejection,replace_rule,rejected,23,23,39e81cc6f6808edc0b4a71e08f5d779dd0fe6ccddcd2740f4b05e1e64920e1ae,39e81cc6f6808edc0b4a71e08f5d779dd0fe6ccddcd2740f4b05e1e64920e1ae,True
MZ_Air,R01,108,cor,replace_rule,replace_rule,accepted,34,35,046ed8394a6fe0b3758070d5bf079460b2a2758cabaf8ab44c041884b705b415,6051bf2c894c9bd38b3f91693aadecf49008d92f70b35ad6678812dc4229b00c,True
MZ_Air,R01,109,sou,replace_rule,replace_rule,accepted,23,24,c8228a403e4929fbfc1ea2f5c99d1b783ad635f0c11454d87f9cb2ef3c538f1c,dd24165c89e9c9e0872ffcf9a695168e61086e9dc4743f25e65efa4e03e93c6b,True
MZ_Air,R01,109,wes,set_param,set_param,accepted,28,29,28ea72a015649ca17973f9077756ee3cd151027f8bac17bb7efddb5621fcf383,7d0e14da9507172ffdb2a1437a3d809bd58a39fc2fb3a7df6a782f1e844f99e6,True
MZ_Air,R01,109,eas,explicit_no_change,no_change,accepted,23,23,39e81cc6f6808edc0b4a71e08f5d779dd0fe6ccddcd2740f4b05e1e64920e1ae,39e81cc6f6808edc0b4a71e08f5d779dd0fe6ccddcd2740f4b05e1e64920e1ae,True
MZ_Air,R01,109,nor,replace_rule,replace_rule,accepted,29,30,6c6c4663d950514bb1fb2d4bc8cc9ef3268034dba33ea6624a074b74e755ef1d,dfa0f6df286a68ff1aed24616ec0f3309ecaa6fc56c6e59bc3c88583268ecd9c,True
MZ_Air,R01,109,cor,replace_rule,replace_rule,accepted,35,36,6051bf2c894c9bd38b3f91693aadecf49008d92f70b35ad6678812dc4229b00c,f44ad01608ce4a0e98aa592d4541e0a564e4282dab4cd1f39a7b2933ded991bd,True
MZ_Air,R01,110,wes,set_param,set_param,accepted,29,30,7d0e14da9507172ffdb2a1437a3d809bd58a39fc2fb3a7df6a782f1e844f99e6,b19e9d91ccc33ea83bcea804eb75f54cde59508d7e6c10c01d2bb23193f84773,True
MZ_Air,R01,110,nor,set_param,set_param,accepted,30,31,dfa0f6df286a68ff1aed24616ec0f3309ecaa6fc56c6e59bc3c88583268ecd9c,7dd3a87d8015e9b88d51f7ffea71b206f906510394b1945e4774c4fb75c3556a,True
MZ_Air,R01,110,eas,explicit_no_change,no_change,accepted,23,23,39e81cc6f6808edc0b4a71e08f5d779dd0fe6ccddcd2740f4b05e1e64920e1ae,39e81cc6f6808edc0b4a71e08f5d779dd0fe6ccddcd2740f4b05e1e64920e1ae,True
MZ_Air,R01,110,sou,replace_rule,replace_rule,accepted,24,25,dd24165c89e9c9e0872ffcf9a695168e61086e9dc4743f25e65efa4e03e93c6b,f73f4d45e036a6c3ee7fd7909718a3920891727db607900e01f867b4f6583f6c,True
MZ_Air,R01,110,cor,replace_rule,replace_rule,accepted,36,37,f44ad01608ce4a0e98aa592d4541e0a564e4282dab4cd1f39a7b2933ded991bd,c2a57ed045dc0532e504536ebfe012be786e7fa1eaea6783866d26a2bd6ac27c,True
MZ_Air,R01,111,sou,replace_rule,replace_rule,accepted,25,26,f73f4d45e036a6c3ee7fd7909718a3920891727db607900e01f867b4f6583f6c,692c09091da70114a5962bb6c9bce711d574b492a91abb3bc31d52b112b23566,True
MZ_Air,R01,111,wes,set_param,set_param,accepted,30,31,b19e9d91ccc33ea83bcea804eb75f54cde59508d7e6c10c01d2bb23193f84773,494410dff66d760db3bce1abe552571566b69d67cc2963a3fc7cb74a7a1473dd,True
MZ_Air,R01,111,eas,deterministic_rejection,replace_rule,rejected,23,23,39e81cc6f6808edc0b4a71e08f5d779dd0fe6ccddcd2740f4b05e1e64920e1ae,39e81cc6f6808edc0b4a71e08f5d779dd0fe6ccddcd2740f4b05e1e64920e1ae,True
MZ_Air,R01,111,nor,deterministic_rejection,add_rule,rejected,31,31,7dd3a87d8015e9b88d51f7ffea71b206f906510394b1945e4774c4fb75c3556a,7dd3a87d8015e9b88d51f7ffea71b206f906510394b1945e4774c4fb75c3556a,True
MZ_Air,R01,111,cor,explicit_no_change,no_change,accepted,37,37,c2a57ed045dc0532e504536ebfe012be786e7fa1eaea6783866d26a2bd6ac27c,c2a57ed045dc0532e504536ebfe012be786e7fa1eaea6783866d26a2bd6ac27c,True
MZ_Air,R01,112,eas,deterministic_rejection,replace_rule,rejected,23,23,39e81cc6f6808edc0b4a71e08f5d779dd0fe6ccddcd2740f4b05e1e64920e1ae,39e81cc6f6808edc0b4a71e08f5d779dd0fe6ccddcd2740f4b05e1e64920e1ae,True
MZ_Air,R01,112,wes,deterministic_rejection,set_param,rejected,31,31,494410dff66d760db3bce1abe552571566b69d67cc2963a3fc7cb74a7a1473dd,494410dff66d760db3bce1abe552571566b69d67cc2963a3fc7cb74a7a1473dd,True
MZ_Air,R01,112,sou,replace_rule,replace_rule,accepted,26,27,692c09091da70114a5962bb6c9bce711d574b492a91abb3bc31d52b112b23566,da96038a6656893980ee69a01b334f33c90b547a074ff168bcb1de5eb3fc0a17,True
MZ_Air,R01,112,nor,explicit_no_change,no_change,accepted,31,31,7dd3a87d8015e9b88d51f7ffea71b206f906510394b1945e4774c4fb75c3556a,7dd3a87d8015e9b88d51f7ffea71b206f906510394b1945e4774c4fb75c3556a,True
MZ_Air,R01,112,cor,explicit_no_change,no_change,accepted,37,37,c2a57ed045dc0532e504536ebfe012be786e7fa1eaea6783866d26a2bd6ac27c,c2a57ed045dc0532e504536ebfe012be786e7fa1eaea6783866d26a2bd6ac27c,True
MZ_Air,R01,113,eas,explicit_no_change,no_change,accepted,23,23,39e81cc6f6808edc0b4a71e08f5d779dd0fe6ccddcd2740f4b05e1e64920e1ae,39e81cc6f6808edc0b4a71e08f5d779dd0fe6ccddcd2740f4b05e1e64920e1ae,True
MZ_Air,R01,113,sou,explicit_no_change,no_change,accepted,27,27,da96038a6656893980ee69a01b334f33c90b547a074ff168bcb1de5eb3fc0a17,da96038a6656893980ee69a01b334f33c90b547a074ff168bcb1de5eb3fc0a17,True
MZ_Air,R01,113,wes,replace_rule,replace_rule,accepted,31,32,494410dff66d760db3bce1abe552571566b69d67cc2963a3fc7cb74a7a1473dd,8a7b684977ec383af83da09705c279a19282ce46d88c318f258330f67d400d80,True
MZ_Air,R01,113,nor,deterministic_rejection,replace_rule,rejected,31,31,7dd3a87d8015e9b88d51f7ffea71b206f906510394b1945e4774c4fb75c3556a,7dd3a87d8015e9b88d51f7ffea71b206f906510394b1945e4774c4fb75c3556a,True
MZ_Air,R01,113,cor,explicit_no_change,no_change,accepted,37,37,c2a57ed045dc0532e504536ebfe012be786e7fa1eaea6783866d26a2bd6ac27c,c2a57ed045dc0532e504536ebfe012be786e7fa1eaea6783866d26a2bd6ac27c,True
MZ_Air,R01,114,eas,explicit_no_change,no_change,accepted,23,23,39e81cc6f6808edc0b4a71e08f5d779dd0fe6ccddcd2740f4b05e1e64920e1ae,39e81cc6f6808edc0b4a71e08f5d779dd0fe6ccddcd2740f4b05e1e64920e1ae,True
MZ_Air,R01,114,sou,deterministic_rejection,replace_rule,rejected,27,27,da96038a6656893980ee69a01b334f33c90b547a074ff168bcb1de5eb3fc0a17,da96038a6656893980ee69a01b334f33c90b547a074ff168bcb1de5eb3fc0a17,True
MZ_Air,R01,114,wes,remove_rule,remove_rule,accepted,32,33,8a7b684977ec383af83da09705c279a19282ce46d88c318f258330f67d400d80,75c9fea77a7256e60bef61134fb3cadf199a5c04415c0aa33d90bbd715bc6e18,True
MZ_Air,R01,114,nor,deterministic_rejection,replace_rule,rejected,31,31,7dd3a87d8015e9b88d51f7ffea71b206f906510394b1945e4774c4fb75c3556a,7dd3a87d8015e9b88d51f7ffea71b206f906510394b1945e4774c4fb75c3556a,True
MZ_Air,R01,114,cor,explicit_no_change,no_change,accepted,37,37,c2a57ed045dc0532e504536ebfe012be786e7fa1eaea6783866d26a2bd6ac27c,c2a57ed045dc0532e504536ebfe012be786e7fa1eaea6783866d26a2bd6ac27c,True
MZ_Air,R01,115,sou,replace_rule,replace_rule,accepted,27,28,da96038a6656893980ee69a01b334f33c90b547a074ff168bcb1de5eb3fc0a17,692c09091da70114a5962bb6c9bce711d574b492a91abb3bc31d52b112b23566,True
MZ_Air,R01,115,wes,explicit_no_change,no_change,accepted,33,33,75c9fea77a7256e60bef61134fb3cadf199a5c04415c0aa33d90bbd715bc6e18,75c9fea77a7256e60bef61134fb3cadf199a5c04415c0aa33d90bbd715bc6e18,True
MZ_Air,R01,115,nor,deterministic_rejection,add_rule,rejected,31,31,7dd3a87d8015e9b88d51f7ffea71b206f906510394b1945e4774c4fb75c3556a,7dd3a87d8015e9b88d51f7ffea71b206f906510394b1945e4774c4fb75c3556a,True
MZ_Air,R01,115,eas,replace_rule,replace_rule,accepted,23,24,39e81cc6f6808edc0b4a71e08f5d779dd0fe6ccddcd2740f4b05e1e64920e1ae,2efda0c782f07081bd4bddfa3b7c9b95d8a03550440aa354966e7a64adc9fe22,True
MZ_Air,R01,115,cor,replace_rule,replace_rule,accepted,37,38,c2a57ed045dc0532e504536ebfe012be786e7fa1eaea6783866d26a2bd6ac27c,204c500267fd59aeb3d9a0c651485128b601e677a5dcc49e2adbc09d91d6bb0c,True
MZ_Air,R01,116,nor,explicit_no_change,no_change,accepted,31,31,7dd3a87d8015e9b88d51f7ffea71b206f906510394b1945e4774c4fb75c3556a,7dd3a87d8015e9b88d51f7ffea71b206f906510394b1945e4774c4fb75c3556a,True
MZ_Air,R01,116,sou,explicit_no_change,no_change,accepted,28,28,692c09091da70114a5962bb6c9bce711d574b492a91abb3bc31d52b112b23566,692c09091da70114a5962bb6c9bce711d574b492a91abb3bc31d52b112b23566,True
MZ_Air,R01,116,wes,deterministic_rejection,add_rule,rejected,33,33,75c9fea77a7256e60bef61134fb3cadf199a5c04415c0aa33d90bbd715bc6e18,75c9fea77a7256e60bef61134fb3cadf199a5c04415c0aa33d90bbd715bc6e18,True
MZ_Air,R01,116,eas,explicit_no_change,no_change,accepted,24,24,2efda0c782f07081bd4bddfa3b7c9b95d8a03550440aa354966e7a64adc9fe22,2efda0c782f07081bd4bddfa3b7c9b95d8a03550440aa354966e7a64adc9fe22,True
MZ_Air,R01,116,cor,explicit_no_change,no_change,accepted,38,38,204c500267fd59aeb3d9a0c651485128b601e677a5dcc49e2adbc09d91d6bb0c,204c500267fd59aeb3d9a0c651485128b601e677a5dcc49e2adbc09d91d6bb0c,True
MZ_Air,R01,117,cor,explicit_no_change,no_change,accepted,38,38,204c500267fd59aeb3d9a0c651485128b601e677a5dcc49e2adbc09d91d6bb0c,204c500267fd59aeb3d9a0c651485128b601e677a5dcc49e2adbc09d91d6bb0c,True
MZ_Air,R01,117,eas,explicit_no_change,no_change,accepted,24,24,2efda0c782f07081bd4bddfa3b7c9b95d8a03550440aa354966e7a64adc9fe22,2efda0c782f07081bd4bddfa3b7c9b95d8a03550440aa354966e7a64adc9fe22,True
MZ_Air,R01,117,nor,deterministic_rejection,replace_rule,rejected,31,31,7dd3a87d8015e9b88d51f7ffea71b206f906510394b1945e4774c4fb75c3556a,7dd3a87d8015e9b88d51f7ffea71b206f906510394b1945e4774c4fb75c3556a,True
MZ_Air,R01,117,sou,deterministic_rejection,replace_rule,rejected,28,28,692c09091da70114a5962bb6c9bce711d574b492a91abb3bc31d52b112b23566,692c09091da70114a5962bb6c9bce711d574b492a91abb3bc31d52b112b23566,True
MZ_Air,R01,117,wes,explicit_no_change,no_change,accepted,33,33,75c9fea77a7256e60bef61134fb3cadf199a5c04415c0aa33d90bbd715bc6e18,75c9fea77a7256e60bef61134fb3cadf199a5c04415c0aa33d90bbd715bc6e18,True
MZ_Air,R01,118,sou,deterministic_rejection,replace_rule,rejected,28,28,692c09091da70114a5962bb6c9bce711d574b492a91abb3bc31d52b112b23566,692c09091da70114a5962bb6c9bce711d574b492a91abb3bc31d52b112b23566,True
MZ_Air,R01,118,cor,explicit_no_change,no_change,accepted,38,38,204c500267fd59aeb3d9a0c651485128b601e677a5dcc49e2adbc09d91d6bb0c,204c500267fd59aeb3d9a0c651485128b601e677a5dcc49e2adbc09d91d6bb0c,True
MZ_Air,R01,118,eas,explicit_no_change,no_change,accepted,24,24,2efda0c782f07081bd4bddfa3b7c9b95d8a03550440aa354966e7a64adc9fe22,2efda0c782f07081bd4bddfa3b7c9b95d8a03550440aa354966e7a64adc9fe22,True
MZ_Air,R01,118,nor,explicit_no_change,no_change,accepted,31,31,7dd3a87d8015e9b88d51f7ffea71b206f906510394b1945e4774c4fb75c3556a,7dd3a87d8015e9b88d51f7ffea71b206f906510394b1945e4774c4fb75c3556a,True
MZ_Air,R01,118,wes,explicit_no_change,no_change,accepted,33,33,75c9fea77a7256e60bef61134fb3cadf199a5c04415c0aa33d90bbd715bc6e18,75c9fea77a7256e60bef61134fb3cadf199a5c04415c0aa33d90bbd715bc6e18,True
MZ_Air,R01,119,sou,deterministic_rejection,replace_rule,rejected,28,28,692c09091da70114a5962bb6c9bce711d574b492a91abb3bc31d52b112b23566,692c09091da70114a5962bb6c9bce711d574b492a91abb3bc31d52b112b23566,True
MZ_Air,R01,119,cor,explicit_no_change,no_change,accepted,38,38,204c500267fd59aeb3d9a0c651485128b601e677a5dcc49e2adbc09d91d6bb0c,204c500267fd59aeb3d9a0c651485128b601e677a5dcc49e2adbc09d91d6bb0c,True
MZ_Air,R01,119,eas,explicit_no_change,no_change,accepted,24,24,2efda0c782f07081bd4bddfa3b7c9b95d8a03550440aa354966e7a64adc9fe22,2efda0c782f07081bd4bddfa3b7c9b95d8a03550440aa354966e7a64adc9fe22,True
MZ_Air,R01,119,nor,explicit_no_change,no_change,accepted,31,31,7dd3a87d8015e9b88d51f7ffea71b206f906510394b1945e4774c4fb75c3556a,7dd3a87d8015e9b88d51f7ffea71b206f906510394b1945e4774c4fb75c3556a,True
MZ_Air,R01,119,wes,explicit_no_change,no_change,accepted,33,33,75c9fea77a7256e60bef61134fb3cadf199a5c04415c0aa33d90bbd715bc6e18,75c9fea77a7256e60bef61134fb3cadf199a5c04415c0aa33d90bbd715bc6e18,True
MZ_Air,R01,120,sou,deterministic_rejection,replace_rule,rejected,28,28,692c09091da70114a5962bb6c9bce711d574b492a91abb3bc31d52b112b23566,692c09091da70114a5962bb6c9bce711d574b492a91abb3bc31d52b112b23566,True
MZ_Air,R01,120,cor,explicit_no_change,no_change,accepted,38,38,204c500267fd59aeb3d9a0c651485128b601e677a5dcc49e2adbc09d91d6bb0c,204c500267fd59aeb3d9a0c651485128b601e677a5dcc49e2adbc09d91d6bb0c,True
MZ_Air,R01,120,eas,explicit_no_change,no_change,accepted,24,24,2efda0c782f07081bd4bddfa3b7c9b95d8a03550440aa354966e7a64adc9fe22,2efda0c782f07081bd4bddfa3b7c9b95d8a03550440aa354966e7a64adc9fe22,True
MZ_Air,R01,120,nor,explicit_no_change,no_change,accepted,31,31,7dd3a87d8015e9b88d51f7ffea71b206f906510394b1945e4774c4fb75c3556a,7dd3a87d8015e9b88d51f7ffea71b206f906510394b1945e4774c4fb75c3556a,True
MZ_Air,R01,120,wes,explicit_no_change,no_change,accepted,33,33,75c9fea77a7256e60bef61134fb3cadf199a5c04415c0aa33d90bbd715bc6e18,75c9fea77a7256e60bef61134fb3cadf199a5c04415c0aa33d90bbd715bc6e18,True
MZ_Air,R01,121,sou,deterministic_rejection,replace_rule,rejected,28,28,692c09091da70114a5962bb6c9bce711d574b492a91abb3bc31d52b112b23566,692c09091da70114a5962bb6c9bce711d574b492a91abb3bc31d52b112b23566,True
MZ_Air,R01,121,cor,replace_rule,replace_rule,accepted,38,39,204c500267fd59aeb3d9a0c651485128b601e677a5dcc49e2adbc09d91d6bb0c,abfd7fd755d736e367fdb06c5a02621a39943c4edad0d216b21ffdcd6d003088,True
MZ_Air,R01,121,eas,replace_rule,replace_rule,accepted,24,25,2efda0c782f07081bd4bddfa3b7c9b95d8a03550440aa354966e7a64adc9fe22,c07a7445d03039ec77ed410c1b23dbdb7ed0189be3c81722b4a1a6193cc1da85,True
MZ_Air,R01,121,nor,deterministic_rejection,add_rule,rejected,31,31,7dd3a87d8015e9b88d51f7ffea71b206f906510394b1945e4774c4fb75c3556a,7dd3a87d8015e9b88d51f7ffea71b206f906510394b1945e4774c4fb75c3556a,True
MZ_Air,R01,121,wes,add_rule,add_rule,accepted,33,34,75c9fea77a7256e60bef61134fb3cadf199a5c04415c0aa33d90bbd715bc6e18,e2288c75c7dda940786c2ae712741a7bdad0e722ae9a7261f982e3550029355f,True
MZ_Air,R01,122,sou,deterministic_rejection,replace_rule,rejected,28,28,692c09091da70114a5962bb6c9bce711d574b492a91abb3bc31d52b112b23566,692c09091da70114a5962bb6c9bce711d574b492a91abb3bc31d52b112b23566,True
MZ_Air,R01,122,cor,explicit_no_change,no_change,accepted,39,39,abfd7fd755d736e367fdb06c5a02621a39943c4edad0d216b21ffdcd6d003088,abfd7fd755d736e367fdb06c5a02621a39943c4edad0d216b21ffdcd6d003088,True
MZ_Air,R01,122,eas,explicit_no_change,no_change,accepted,25,25,c07a7445d03039ec77ed410c1b23dbdb7ed0189be3c81722b4a1a6193cc1da85,c07a7445d03039ec77ed410c1b23dbdb7ed0189be3c81722b4a1a6193cc1da85,True
MZ_Air,R01,122,nor,explicit_no_change,no_change,accepted,31,31,7dd3a87d8015e9b88d51f7ffea71b206f906510394b1945e4774c4fb75c3556a,7dd3a87d8015e9b88d51f7ffea71b206f906510394b1945e4774c4fb75c3556a,True
MZ_Air,R01,122,wes,explicit_no_change,no_change,accepted,34,34,e2288c75c7dda940786c2ae712741a7bdad0e722ae9a7261f982e3550029355f,e2288c75c7dda940786c2ae712741a7bdad0e722ae9a7261f982e3550029355f,True
MZ_Air,R01,123,sou,deterministic_rejection,replace_rule,rejected,28,28,692c09091da70114a5962bb6c9bce711d574b492a91abb3bc31d52b112b23566,692c09091da70114a5962bb6c9bce711d574b492a91abb3bc31d52b112b23566,True
MZ_Air,R01,123,cor,explicit_no_change,no_change,accepted,39,39,abfd7fd755d736e367fdb06c5a02621a39943c4edad0d216b21ffdcd6d003088,abfd7fd755d736e367fdb06c5a02621a39943c4edad0d216b21ffdcd6d003088,True
MZ_Air,R01,123,eas,explicit_no_change,no_change,accepted,25,25,c07a7445d03039ec77ed410c1b23dbdb7ed0189be3c81722b4a1a6193cc1da85,c07a7445d03039ec77ed410c1b23dbdb7ed0189be3c81722b4a1a6193cc1da85,True
MZ_Air,R01,123,nor,explicit_no_change,no_change,accepted,31,31,7dd3a87d8015e9b88d51f7ffea71b206f906510394b1945e4774c4fb75c3556a,7dd3a87d8015e9b88d51f7ffea71b206f906510394b1945e4774c4fb75c3556a,True
MZ_Air,R01,123,wes,explicit_no_change,no_change,accepted,34,34,e2288c75c7dda940786c2ae712741a7bdad0e722ae9a7261f982e3550029355f,e2288c75c7dda940786c2ae712741a7bdad0e722ae9a7261f982e3550029355f,True
MZ_Air,R01,124,sou,deterministic_rejection,replace_rule,rejected,28,28,692c09091da70114a5962bb6c9bce711d574b492a91abb3bc31d52b112b23566,692c09091da70114a5962bb6c9bce711d574b492a91abb3bc31d52b112b23566,True
MZ_Air,R01,124,cor,explicit_no_change,no_change,accepted,39,39,abfd7fd755d736e367fdb06c5a02621a39943c4edad0d216b21ffdcd6d003088,abfd7fd755d736e367fdb06c5a02621a39943c4edad0d216b21ffdcd6d003088,True
MZ_Air,R01,124,eas,explicit_no_change,no_change,accepted,25,25,c07a7445d03039ec77ed410c1b23dbdb7ed0189be3c81722b4a1a6193cc1da85,c07a7445d03039ec77ed410c1b23dbdb7ed0189be3c81722b4a1a6193cc1da85,True
MZ_Air,R01,124,nor,explicit_no_change,no_change,accepted,31,31,7dd3a87d8015e9b88d51f7ffea71b206f906510394b1945e4774c4fb75c3556a,7dd3a87d8015e9b88d51f7ffea71b206f906510394b1945e4774c4fb75c3556a,True
MZ_Air,R01,124,wes,explicit_no_change,no_change,accepted,34,34,e2288c75c7dda940786c2ae712741a7bdad0e722ae9a7261f982e3550029355f,e2288c75c7dda940786c2ae712741a7bdad0e722ae9a7261f982e3550029355f,True
MZ_Air,R01,125,sou,deterministic_rejection,replace_rule,rejected,28,28,692c09091da70114a5962bb6c9bce711d574b492a91abb3bc31d52b112b23566,692c09091da70114a5962bb6c9bce711d574b492a91abb3bc31d52b112b23566,True
MZ_Air,R01,125,cor,explicit_no_change,no_change,accepted,39,39,abfd7fd755d736e367fdb06c5a02621a39943c4edad0d216b21ffdcd6d003088,abfd7fd755d736e367fdb06c5a02621a39943c4edad0d216b21ffdcd6d003088,True
MZ_Air,R01,125,eas,explicit_no_change,no_change,accepted,25,25,c07a7445d03039ec77ed410c1b23dbdb7ed0189be3c81722b4a1a6193cc1da85,c07a7445d03039ec77ed410c1b23dbdb7ed0189be3c81722b4a1a6193cc1da85,True
MZ_Air,R01,125,nor,explicit_no_change,no_change,accepted,31,31,7dd3a87d8015e9b88d51f7ffea71b206f906510394b1945e4774c4fb75c3556a,7dd3a87d8015e9b88d51f7ffea71b206f906510394b1945e4774c4fb75c3556a,True
MZ_Air,R01,125,wes,explicit_no_change,no_change,accepted,34,34,e2288c75c7dda940786c2ae712741a7bdad0e722ae9a7261f982e3550029355f,e2288c75c7dda940786c2ae712741a7bdad0e722ae9a7261f982e3550029355f,True
MZ_Air,R01,126,cor,explicit_no_change,no_change,accepted,39,39,abfd7fd755d736e367fdb06c5a02621a39943c4edad0d216b21ffdcd6d003088,abfd7fd755d736e367fdb06c5a02621a39943c4edad0d216b21ffdcd6d003088,True
MZ_Air,R01,126,wes,explicit_no_change,no_change,accepted,34,34,e2288c75c7dda940786c2ae712741a7bdad0e722ae9a7261f982e3550029355f,e2288c75c7dda940786c2ae712741a7bdad0e722ae9a7261f982e3550029355f,True
MZ_Air,R01,126,eas,explicit_no_change,no_change,accepted,25,25,c07a7445d03039ec77ed410c1b23dbdb7ed0189be3c81722b4a1a6193cc1da85,c07a7445d03039ec77ed410c1b23dbdb7ed0189be3c81722b4a1a6193cc1da85,True
MZ_Air,R01,126,sou,deterministic_rejection,replace_rule,rejected,28,28,692c09091da70114a5962bb6c9bce711d574b492a91abb3bc31d52b112b23566,692c09091da70114a5962bb6c9bce711d574b492a91abb3bc31d52b112b23566,True
MZ_Air,R01,126,nor,explicit_no_change,no_change,accepted,31,31,7dd3a87d8015e9b88d51f7ffea71b206f906510394b1945e4774c4fb75c3556a,7dd3a87d8015e9b88d51f7ffea71b206f906510394b1945e4774c4fb75c3556a,True
MZ_Air,R01,127,cor,add_rule,add_rule,accepted,39,40,abfd7fd755d736e367fdb06c5a02621a39943c4edad0d216b21ffdcd6d003088,5c9228d7b36011880fca292fa6d71b2674b2cac6096183fd5eb083898c19ba9e,True
MZ_Air,R01,127,nor,explicit_no_change,no_change,accepted,31,31,7dd3a87d8015e9b88d51f7ffea71b206f906510394b1945e4774c4fb75c3556a,7dd3a87d8015e9b88d51f7ffea71b206f906510394b1945e4774c4fb75c3556a,True
MZ_Air,R01,127,wes,explicit_no_change,no_change,accepted,34,34,e2288c75c7dda940786c2ae712741a7bdad0e722ae9a7261f982e3550029355f,e2288c75c7dda940786c2ae712741a7bdad0e722ae9a7261f982e3550029355f,True
MZ_Air,R01,127,eas,explicit_no_change,no_change,accepted,25,25,c07a7445d03039ec77ed410c1b23dbdb7ed0189be3c81722b4a1a6193cc1da85,c07a7445d03039ec77ed410c1b23dbdb7ed0189be3c81722b4a1a6193cc1da85,True
MZ_Air,R01,127,sou,deterministic_rejection,replace_rule,rejected,28,28,692c09091da70114a5962bb6c9bce711d574b492a91abb3bc31d52b112b23566,692c09091da70114a5962bb6c9bce711d574b492a91abb3bc31d52b112b23566,True
MZ_Air,R01,128,cor,explicit_no_change,no_change,accepted,40,40,5c9228d7b36011880fca292fa6d71b2674b2cac6096183fd5eb083898c19ba9e,5c9228d7b36011880fca292fa6d71b2674b2cac6096183fd5eb083898c19ba9e,True
MZ_Air,R01,128,sou,deterministic_rejection,replace_rule,rejected,28,28,692c09091da70114a5962bb6c9bce711d574b492a91abb3bc31d52b112b23566,692c09091da70114a5962bb6c9bce711d574b492a91abb3bc31d52b112b23566,True
MZ_Air,R01,128,eas,explicit_no_change,no_change,accepted,25,25,c07a7445d03039ec77ed410c1b23dbdb7ed0189be3c81722b4a1a6193cc1da85,c07a7445d03039ec77ed410c1b23dbdb7ed0189be3c81722b4a1a6193cc1da85,True
MZ_Air,R01,128,nor,explicit_no_change,no_change,accepted,31,31,7dd3a87d8015e9b88d51f7ffea71b206f906510394b1945e4774c4fb75c3556a,7dd3a87d8015e9b88d51f7ffea71b206f906510394b1945e4774c4fb75c3556a,True
MZ_Air,R01,128,wes,remove_rule,remove_rule,accepted,34,35,e2288c75c7dda940786c2ae712741a7bdad0e722ae9a7261f982e3550029355f,75c9fea77a7256e60bef61134fb3cadf199a5c04415c0aa33d90bbd715bc6e18,True
MZ_Air,R01,129,cor,replace_rule,replace_rule,accepted,40,41,5c9228d7b36011880fca292fa6d71b2674b2cac6096183fd5eb083898c19ba9e,9b6699f166e8e4a976f6ad84b12036dee446688c087bd4311435814d723b1b60,True
MZ_Air,R01,129,sou,set_param,set_param,accepted,28,29,692c09091da70114a5962bb6c9bce711d574b492a91abb3bc31d52b112b23566,80ce4047e35780b9d8c0182e4e6e7badcafa5a206b0b68e6745e58cf05979525,True
MZ_Air,R01,129,eas,set_param,set_param,accepted,25,26,c07a7445d03039ec77ed410c1b23dbdb7ed0189be3c81722b4a1a6193cc1da85,a17421ea3241a2e95c6d1a1dfebe77373fb72944343a940c7eda47fd6ec5d408,True
MZ_Air,R01,129,nor,replace_rule,replace_rule,accepted,31,32,7dd3a87d8015e9b88d51f7ffea71b206f906510394b1945e4774c4fb75c3556a,3960804a9f3caf8302af158068f5fa432fc3d0d6b2c06b0f0df48c89b10c95aa,True
MZ_Air,R01,129,wes,replace_rule,replace_rule,accepted,35,36,75c9fea77a7256e60bef61134fb3cadf199a5c04415c0aa33d90bbd715bc6e18,3b87346e011943f59c952f633e4da3fb18441ba9e94618fdcdb73b9a358fe7bd,True
MZ_Air,R01,130,sou,replace_rule,replace_rule,accepted,29,30,80ce4047e35780b9d8c0182e4e6e7badcafa5a206b0b68e6745e58cf05979525,8e2d5ffb2f0ba5ca5a2f984a07c222b43577d6d15cfb0941519021fcc2aa4098,True
MZ_Air,R01,130,nor,explicit_no_change,no_change,accepted,32,32,3960804a9f3caf8302af158068f5fa432fc3d0d6b2c06b0f0df48c89b10c95aa,3960804a9f3caf8302af158068f5fa432fc3d0d6b2c06b0f0df48c89b10c95aa,True
MZ_Air,R01,130,eas,deterministic_rejection,set_param,rejected,26,26,a17421ea3241a2e95c6d1a1dfebe77373fb72944343a940c7eda47fd6ec5d408,a17421ea3241a2e95c6d1a1dfebe77373fb72944343a940c7eda47fd6ec5d408,True
MZ_Air,R01,130,wes,deterministic_rejection,replace_rule,rejected,36,36,3b87346e011943f59c952f633e4da3fb18441ba9e94618fdcdb73b9a358fe7bd,3b87346e011943f59c952f633e4da3fb18441ba9e94618fdcdb73b9a358fe7bd,True
MZ_Air,R01,130,cor,deterministic_rejection,replace_rule,rejected,41,41,9b6699f166e8e4a976f6ad84b12036dee446688c087bd4311435814d723b1b60,9b6699f166e8e4a976f6ad84b12036dee446688c087bd4311435814d723b1b60,True
MZ_Air,R01,131,nor,deterministic_rejection,set_param,rejected,32,32,3960804a9f3caf8302af158068f5fa432fc3d0d6b2c06b0f0df48c89b10c95aa,3960804a9f3caf8302af158068f5fa432fc3d0d6b2c06b0f0df48c89b10c95aa,True
MZ_Air,R01,131,eas,deterministic_rejection,replace_rule,rejected,26,26,a17421ea3241a2e95c6d1a1dfebe77373fb72944343a940c7eda47fd6ec5d408,a17421ea3241a2e95c6d1a1dfebe77373fb72944343a940c7eda47fd6ec5d408,True
MZ_Air,R01,131,sou,replace_rule,replace_rule,accepted,30,31,8e2d5ffb2f0ba5ca5a2f984a07c222b43577d6d15cfb0941519021fcc2aa4098,394f389f15faf803be8bc644cceb1256d8dbade6272c8ce7e3a2376a1b3b532f,True
MZ_Air,R01,131,cor,deterministic_rejection,replace_rule,rejected,41,41,9b6699f166e8e4a976f6ad84b12036dee446688c087bd4311435814d723b1b60,9b6699f166e8e4a976f6ad84b12036dee446688c087bd4311435814d723b1b60,True
MZ_Air,R01,131,wes,replace_rule,replace_rule,accepted,36,37,3b87346e011943f59c952f633e4da3fb18441ba9e94618fdcdb73b9a358fe7bd,ebae522b0d063c93deb5b3fcdf2fa73d6e0d786bc1d98a57aa0a1da206572054,True
MZ_Air,R01,132,sou,replace_rule,replace_rule,accepted,31,32,394f389f15faf803be8bc644cceb1256d8dbade6272c8ce7e3a2376a1b3b532f,3ebbcab84605a222347e624d0e827a21e89159a8faa734829472f4d3ebcc090f,True
MZ_Air,R01,132,nor,add_rule,add_rule,accepted,32,33,3960804a9f3caf8302af158068f5fa432fc3d0d6b2c06b0f0df48c89b10c95aa,d32882841e9a9da76bd866e0c69a71365fdd59ada89cb19cde97b1626b890116,True
MZ_Air,R01,132,eas,deterministic_rejection,replace_rule,rejected,26,26,a17421ea3241a2e95c6d1a1dfebe77373fb72944343a940c7eda47fd6ec5d408,a17421ea3241a2e95c6d1a1dfebe77373fb72944343a940c7eda47fd6ec5d408,True
MZ_Air,R01,132,cor,explicit_no_change,no_change,accepted,41,41,9b6699f166e8e4a976f6ad84b12036dee446688c087bd4311435814d723b1b60,9b6699f166e8e4a976f6ad84b12036dee446688c087bd4311435814d723b1b60,True
MZ_Air,R01,132,wes,deterministic_rejection,replace_rule,rejected,37,37,ebae522b0d063c93deb5b3fcdf2fa73d6e0d786bc1d98a57aa0a1da206572054,ebae522b0d063c93deb5b3fcdf2fa73d6e0d786bc1d98a57aa0a1da206572054,True
MZ_Air,R01,133,sou,replace_rule,replace_rule,accepted,32,33,3ebbcab84605a222347e624d0e827a21e89159a8faa734829472f4d3ebcc090f,7b31b2cfa37f686533339e47f014e9abcd5e110f2d0ef2cfb6a9c26002bbf465,True
MZ_Air,R01,133,eas,replace_rule,replace_rule,accepted,26,27,a17421ea3241a2e95c6d1a1dfebe77373fb72944343a940c7eda47fd6ec5d408,ad40a9f0bd6e577158a403a124c789cb1d92481c73d7d3c16ff6093cfad7f911,True
MZ_Air,R01,133,nor,remove_rule,remove_rule,accepted,33,34,d32882841e9a9da76bd866e0c69a71365fdd59ada89cb19cde97b1626b890116,3960804a9f3caf8302af158068f5fa432fc3d0d6b2c06b0f0df48c89b10c95aa,True
MZ_Air,R01,133,cor,explicit_no_change,no_change,accepted,41,41,9b6699f166e8e4a976f6ad84b12036dee446688c087bd4311435814d723b1b60,9b6699f166e8e4a976f6ad84b12036dee446688c087bd4311435814d723b1b60,True
MZ_Air,R01,133,wes,deterministic_rejection,replace_rule,rejected,37,37,ebae522b0d063c93deb5b3fcdf2fa73d6e0d786bc1d98a57aa0a1da206572054,ebae522b0d063c93deb5b3fcdf2fa73d6e0d786bc1d98a57aa0a1da206572054,True
MZ_Air,R01,134,nor,set_param,set_param,accepted,34,35,3960804a9f3caf8302af158068f5fa432fc3d0d6b2c06b0f0df48c89b10c95aa,a2c309c195de064cce38f1eb5870b8cb4608c445b1664d40482de40cb11daaf9,True
MZ_Air,R01,134,wes,add_rule,add_rule,accepted,37,38,ebae522b0d063c93deb5b3fcdf2fa73d6e0d786bc1d98a57aa0a1da206572054,d8e5c81ca35f0409d64a2fbd4ee09c9aa2f8a6c4c38ac47a78c5dc5a08e2b6b2,True
MZ_Air,R01,134,eas,remove_rule,remove_rule,accepted,27,28,ad40a9f0bd6e577158a403a124c789cb1d92481c73d7d3c16ff6093cfad7f911,03bfe4ec78debbb8097d45ea8f657080b0c2ce2308cb39f2d75346013caace2c,True
MZ_Air,R01,134,cor,replace_rule,replace_rule,accepted,41,42,9b6699f166e8e4a976f6ad84b12036dee446688c087bd4311435814d723b1b60,67e8e3b2a040e684f61962dd9971cfb75710e67a849b50b80bbdd6de3cfa80f0,True
MZ_Air,R01,134,sou,remove_rule,remove_rule,accepted,33,34,7b31b2cfa37f686533339e47f014e9abcd5e110f2d0ef2cfb6a9c26002bbf465,0812a64b609e998b41d2b20d8c80acc6606daa921fdb0cab77212492eb9e6f81,True
MZ_Air,R01,135,sou,add_rule,add_rule,accepted,34,35,0812a64b609e998b41d2b20d8c80acc6606daa921fdb0cab77212492eb9e6f81,7f1f3973a1a1d770ed567b5205e7d9704db6a763f88e76cc1a86c63894c5a522,True
MZ_Air,R01,135,wes,explicit_no_change,no_change,accepted,38,38,d8e5c81ca35f0409d64a2fbd4ee09c9aa2f8a6c4c38ac47a78c5dc5a08e2b6b2,d8e5c81ca35f0409d64a2fbd4ee09c9aa2f8a6c4c38ac47a78c5dc5a08e2b6b2,True
MZ_Air,R01,135,cor,replace_rule,replace_rule,accepted,42,43,67e8e3b2a040e684f61962dd9971cfb75710e67a849b50b80bbdd6de3cfa80f0,57d4b874d7860f4444dd30db984fad7b39936479fe1b5eebbbd9b75ad6e83ef9,True
MZ_Air,R01,135,eas,deterministic_rejection,add_rule,rejected,28,28,03bfe4ec78debbb8097d45ea8f657080b0c2ce2308cb39f2d75346013caace2c,03bfe4ec78debbb8097d45ea8f657080b0c2ce2308cb39f2d75346013caace2c,True
MZ_Air,R01,135,nor,replace_rule,replace_rule,accepted,35,36,a2c309c195de064cce38f1eb5870b8cb4608c445b1664d40482de40cb11daaf9,baf76427530b44bdd4315ab73596b1c7aa61e5cf821652ce4965fd4435229577,True
MZ_Air,R01,136,sou,explicit_no_change,no_change,accepted,35,35,7f1f3973a1a1d770ed567b5205e7d9704db6a763f88e76cc1a86c63894c5a522,7f1f3973a1a1d770ed567b5205e7d9704db6a763f88e76cc1a86c63894c5a522,True
MZ_Air,R01,136,wes,explicit_no_change,no_change,accepted,38,38,d8e5c81ca35f0409d64a2fbd4ee09c9aa2f8a6c4c38ac47a78c5dc5a08e2b6b2,d8e5c81ca35f0409d64a2fbd4ee09c9aa2f8a6c4c38ac47a78c5dc5a08e2b6b2,True
MZ_Air,R01,136,cor,explicit_no_change,no_change,accepted,43,43,57d4b874d7860f4444dd30db984fad7b39936479fe1b5eebbbd9b75ad6e83ef9,57d4b874d7860f4444dd30db984fad7b39936479fe1b5eebbbd9b75ad6e83ef9,True
MZ_Air,R01,136,eas,deterministic_rejection,replace_rule,rejected,28,28,03bfe4ec78debbb8097d45ea8f657080b0c2ce2308cb39f2d75346013caace2c,03bfe4ec78debbb8097d45ea8f657080b0c2ce2308cb39f2d75346013caace2c,True
MZ_Air,R01,136,nor,replace_rule,replace_rule,accepted,36,37,baf76427530b44bdd4315ab73596b1c7aa61e5cf821652ce4965fd4435229577,a51a0ab783b1f7c4517c4602ee62ecb174dc8520dc6f9db72e5ec84f6b4a3ef8,True
MZ_Air,R01,137,wes,deterministic_rejection,replace_rule,rejected,38,38,d8e5c81ca35f0409d64a2fbd4ee09c9aa2f8a6c4c38ac47a78c5dc5a08e2b6b2,d8e5c81ca35f0409d64a2fbd4ee09c9aa2f8a6c4c38ac47a78c5dc5a08e2b6b2,True
MZ_Air,R01,137,sou,deterministic_rejection,replace_rule,rejected,35,35,7f1f3973a1a1d770ed567b5205e7d9704db6a763f88e76cc1a86c63894c5a522,7f1f3973a1a1d770ed567b5205e7d9704db6a763f88e76cc1a86c63894c5a522,True
MZ_Air,R01,137,nor,add_rule,add_rule,accepted,37,38,a51a0ab783b1f7c4517c4602ee62ecb174dc8520dc6f9db72e5ec84f6b4a3ef8,5dc8741451f5582c1c8843f8e01ac00c7d2fa84d8cb8dfd78af9bff8e382c517,True
MZ_Air,R01,137,eas,deterministic_rejection,replace_rule,rejected,28,28,03bfe4ec78debbb8097d45ea8f657080b0c2ce2308cb39f2d75346013caace2c,03bfe4ec78debbb8097d45ea8f657080b0c2ce2308cb39f2d75346013caace2c,True
MZ_Air,R01,137,cor,explicit_no_change,no_change,accepted,43,43,57d4b874d7860f4444dd30db984fad7b39936479fe1b5eebbbd9b75ad6e83ef9,57d4b874d7860f4444dd30db984fad7b39936479fe1b5eebbbd9b75ad6e83ef9,True
MZ_Air,R01,138,wes,remove_rule,remove_rule,accepted,38,39,d8e5c81ca35f0409d64a2fbd4ee09c9aa2f8a6c4c38ac47a78c5dc5a08e2b6b2,9226dfde551f680547004bd591bbfcf77700de9db13b60cad5b376a606aa37dc,True
MZ_Air,R01,138,sou,remove_rule,remove_rule,accepted,35,36,7f1f3973a1a1d770ed567b5205e7d9704db6a763f88e76cc1a86c63894c5a522,0812a64b609e998b41d2b20d8c80acc6606daa921fdb0cab77212492eb9e6f81,True
MZ_Air,R01,138,eas,deterministic_rejection,replace_rule,rejected,28,28,03bfe4ec78debbb8097d45ea8f657080b0c2ce2308cb39f2d75346013caace2c,03bfe4ec78debbb8097d45ea8f657080b0c2ce2308cb39f2d75346013caace2c,True
MZ_Air,R01,138,nor,set_param,set_param,accepted,38,39,5dc8741451f5582c1c8843f8e01ac00c7d2fa84d8cb8dfd78af9bff8e382c517,9e3888287d5da906e0062a5519295e490afcb2b2fa98bea0d3447eae1d79d993,True
MZ_Air,R01,138,cor,replace_rule,replace_rule,accepted,43,44,57d4b874d7860f4444dd30db984fad7b39936479fe1b5eebbbd9b75ad6e83ef9,d88de98293258dcdd3822f43a55db11bb681dc6f0a12e4d936534260acd0c046,True
MZ_Air,R01,139,nor,set_param,set_param,accepted,39,40,9e3888287d5da906e0062a5519295e490afcb2b2fa98bea0d3447eae1d79d993,8a6eb01298ee00e72e137c848e0520e1ab4b429311da53b886ce976a847dbc76,True
MZ_Air,R01,139,sou,explicit_no_change,no_change,accepted,36,36,0812a64b609e998b41d2b20d8c80acc6606daa921fdb0cab77212492eb9e6f81,0812a64b609e998b41d2b20d8c80acc6606daa921fdb0cab77212492eb9e6f81,True
MZ_Air,R01,139,wes,add_rule,add_rule,accepted,39,40,9226dfde551f680547004bd591bbfcf77700de9db13b60cad5b376a606aa37dc,9b50a566f7ea8ee3024c6819f7dda9ea2aa776b55c9c288c70c87cd09b16c14f,True
MZ_Air,R01,139,eas,add_rule,add_rule,accepted,28,29,03bfe4ec78debbb8097d45ea8f657080b0c2ce2308cb39f2d75346013caace2c,9313c78bcf7a9ab64578efb3a04eb231099ae250f97d1b6852b1baf92d04b608,True
MZ_Air,R01,139,cor,replace_rule,replace_rule,accepted,44,45,d88de98293258dcdd3822f43a55db11bb681dc6f0a12e4d936534260acd0c046,9b03063abfaac330e555aee5aa500fa1f9502e9789ce62983a20a47962024858,True
MZ_Air,R01,140,nor,explicit_no_change,no_change,accepted,40,40,8a6eb01298ee00e72e137c848e0520e1ab4b429311da53b886ce976a847dbc76,8a6eb01298ee00e72e137c848e0520e1ab4b429311da53b886ce976a847dbc76,True
MZ_Air,R01,140,sou,explicit_no_change,no_change,accepted,36,36,0812a64b609e998b41d2b20d8c80acc6606daa921fdb0cab77212492eb9e6f81,0812a64b609e998b41d2b20d8c80acc6606daa921fdb0cab77212492eb9e6f81,True
MZ_Air,R01,140,wes,replace_rule,replace_rule,accepted,40,41,9b50a566f7ea8ee3024c6819f7dda9ea2aa776b55c9c288c70c87cd09b16c14f,85cf91eba8223c1a15d1e73a87038dca123a8e74a680d5fb4d6207e68ef27117,True
MZ_Air,R01,140,eas,deterministic_rejection,replace_rule,rejected,29,29,9313c78bcf7a9ab64578efb3a04eb231099ae250f97d1b6852b1baf92d04b608,9313c78bcf7a9ab64578efb3a04eb231099ae250f97d1b6852b1baf92d04b608,True
MZ_Air,R01,140,cor,deterministic_rejection,replace_rule,rejected,45,45,9b03063abfaac330e555aee5aa500fa1f9502e9789ce62983a20a47962024858,9b03063abfaac330e555aee5aa500fa1f9502e9789ce62983a20a47962024858,True
MZ_Air,R01,141,nor,explicit_no_change,no_change,accepted,40,40,8a6eb01298ee00e72e137c848e0520e1ab4b429311da53b886ce976a847dbc76,8a6eb01298ee00e72e137c848e0520e1ab4b429311da53b886ce976a847dbc76,True
MZ_Air,R01,141,eas,explicit_no_change,no_change,accepted,29,29,9313c78bcf7a9ab64578efb3a04eb231099ae250f97d1b6852b1baf92d04b608,9313c78bcf7a9ab64578efb3a04eb231099ae250f97d1b6852b1baf92d04b608,True
MZ_Air,R01,141,wes,replace_rule,replace_rule,accepted,41,42,85cf91eba8223c1a15d1e73a87038dca123a8e74a680d5fb4d6207e68ef27117,b02e3e40635f18497283022e42dcb4fa2a8eb0349f61e301509a8f30c4f830fe,True
MZ_Air,R01,141,sou,explicit_no_change,no_change,accepted,36,36,0812a64b609e998b41d2b20d8c80acc6606daa921fdb0cab77212492eb9e6f81,0812a64b609e998b41d2b20d8c80acc6606daa921fdb0cab77212492eb9e6f81,True
MZ_Air,R01,141,cor,explicit_no_change,no_change,accepted,45,45,9b03063abfaac330e555aee5aa500fa1f9502e9789ce62983a20a47962024858,9b03063abfaac330e555aee5aa500fa1f9502e9789ce62983a20a47962024858,True
MZ_Air,R01,142,nor,explicit_no_change,no_change,accepted,40,40,8a6eb01298ee00e72e137c848e0520e1ab4b429311da53b886ce976a847dbc76,8a6eb01298ee00e72e137c848e0520e1ab4b429311da53b886ce976a847dbc76,True
MZ_Air,R01,142,eas,replace_rule,replace_rule,accepted,29,30,9313c78bcf7a9ab64578efb3a04eb231099ae250f97d1b6852b1baf92d04b608,b842663cf44ca52a47fe590fec580e4d80fc923cc6d7838df228d99a7b5ffd31,True
MZ_Air,R01,142,wes,replace_rule,replace_rule,accepted,42,43,b02e3e40635f18497283022e42dcb4fa2a8eb0349f61e301509a8f30c4f830fe,85cf91eba8223c1a15d1e73a87038dca123a8e74a680d5fb4d6207e68ef27117,True
MZ_Air,R01,142,sou,replace_rule,replace_rule,accepted,36,37,0812a64b609e998b41d2b20d8c80acc6606daa921fdb0cab77212492eb9e6f81,14e58e22070c34141c9fd76bb672401359608488efe2db9ba87fe8a437e52338,True
MZ_Air,R01,142,cor,explicit_no_change,no_change,accepted,45,45,9b03063abfaac330e555aee5aa500fa1f9502e9789ce62983a20a47962024858,9b03063abfaac330e555aee5aa500fa1f9502e9789ce62983a20a47962024858,True
MZ_Air,R01,143,cor,explicit_no_change,no_change,accepted,45,45,9b03063abfaac330e555aee5aa500fa1f9502e9789ce62983a20a47962024858,9b03063abfaac330e555aee5aa500fa1f9502e9789ce62983a20a47962024858,True
MZ_Air,R01,143,eas,explicit_no_change,no_change,accepted,30,30,b842663cf44ca52a47fe590fec580e4d80fc923cc6d7838df228d99a7b5ffd31,b842663cf44ca52a47fe590fec580e4d80fc923cc6d7838df228d99a7b5ffd31,True
MZ_Air,R01,143,nor,explicit_no_change,no_change,accepted,40,40,8a6eb01298ee00e72e137c848e0520e1ab4b429311da53b886ce976a847dbc76,8a6eb01298ee00e72e137c848e0520e1ab4b429311da53b886ce976a847dbc76,True
MZ_Air,R01,143,sou,explicit_no_change,no_change,accepted,37,37,14e58e22070c34141c9fd76bb672401359608488efe2db9ba87fe8a437e52338,14e58e22070c34141c9fd76bb672401359608488efe2db9ba87fe8a437e52338,True
MZ_Air,R01,143,wes,explicit_no_change,no_change,accepted,43,43,85cf91eba8223c1a15d1e73a87038dca123a8e74a680d5fb4d6207e68ef27117,85cf91eba8223c1a15d1e73a87038dca123a8e74a680d5fb4d6207e68ef27117,True
MZ_Air,R01,144,cor,explicit_no_change,no_change,accepted,45,45,9b03063abfaac330e555aee5aa500fa1f9502e9789ce62983a20a47962024858,9b03063abfaac330e555aee5aa500fa1f9502e9789ce62983a20a47962024858,True
MZ_Air,R01,144,eas,explicit_no_change,no_change,accepted,30,30,b842663cf44ca52a47fe590fec580e4d80fc923cc6d7838df228d99a7b5ffd31,b842663cf44ca52a47fe590fec580e4d80fc923cc6d7838df228d99a7b5ffd31,True
MZ_Air,R01,144,nor,explicit_no_change,no_change,accepted,40,40,8a6eb01298ee00e72e137c848e0520e1ab4b429311da53b886ce976a847dbc76,8a6eb01298ee00e72e137c848e0520e1ab4b429311da53b886ce976a847dbc76,True
MZ_Air,R01,144,sou,explicit_no_change,no_change,accepted,37,37,14e58e22070c34141c9fd76bb672401359608488efe2db9ba87fe8a437e52338,14e58e22070c34141c9fd76bb672401359608488efe2db9ba87fe8a437e52338,True
MZ_Air,R01,144,wes,replace_rule,replace_rule,accepted,43,44,85cf91eba8223c1a15d1e73a87038dca123a8e74a680d5fb4d6207e68ef27117,b02e3e40635f18497283022e42dcb4fa2a8eb0349f61e301509a8f30c4f830fe,True
MZ_Air,R01,145,cor,explicit_no_change,no_change,accepted,45,45,9b03063abfaac330e555aee5aa500fa1f9502e9789ce62983a20a47962024858,9b03063abfaac330e555aee5aa500fa1f9502e9789ce62983a20a47962024858,True
MZ_Air,R01,145,eas,explicit_no_change,no_change,accepted,30,30,b842663cf44ca52a47fe590fec580e4d80fc923cc6d7838df228d99a7b5ffd31,b842663cf44ca52a47fe590fec580e4d80fc923cc6d7838df228d99a7b5ffd31,True
MZ_Air,R01,145,nor,explicit_no_change,no_change,accepted,40,40,8a6eb01298ee00e72e137c848e0520e1ab4b429311da53b886ce976a847dbc76,8a6eb01298ee00e72e137c848e0520e1ab4b429311da53b886ce976a847dbc76,True
MZ_Air,R01,145,sou,explicit_no_change,no_change,accepted,37,37,14e58e22070c34141c9fd76bb672401359608488efe2db9ba87fe8a437e52338,14e58e22070c34141c9fd76bb672401359608488efe2db9ba87fe8a437e52338,True
MZ_Air,R01,145,wes,explicit_no_change,no_change,accepted,44,44,b02e3e40635f18497283022e42dcb4fa2a8eb0349f61e301509a8f30c4f830fe,b02e3e40635f18497283022e42dcb4fa2a8eb0349f61e301509a8f30c4f830fe,True
MZ_Air,R01,146,cor,explicit_no_change,no_change,accepted,45,45,9b03063abfaac330e555aee5aa500fa1f9502e9789ce62983a20a47962024858,9b03063abfaac330e555aee5aa500fa1f9502e9789ce62983a20a47962024858,True
MZ_Air,R01,146,eas,replace_rule,replace_rule,accepted,30,31,b842663cf44ca52a47fe590fec580e4d80fc923cc6d7838df228d99a7b5ffd31,d997ded3beac9721aa597c23c45c980d765b025248552e60631420c4c9d89e4c,True
MZ_Air,R01,146,nor,explicit_no_change,no_change,accepted,40,40,8a6eb01298ee00e72e137c848e0520e1ab4b429311da53b886ce976a847dbc76,8a6eb01298ee00e72e137c848e0520e1ab4b429311da53b886ce976a847dbc76,True
MZ_Air,R01,146,sou,explicit_no_change,no_change,accepted,37,37,14e58e22070c34141c9fd76bb672401359608488efe2db9ba87fe8a437e52338,14e58e22070c34141c9fd76bb672401359608488efe2db9ba87fe8a437e52338,True
MZ_Air,R01,146,wes,replace_rule,replace_rule,accepted,44,45,b02e3e40635f18497283022e42dcb4fa2a8eb0349f61e301509a8f30c4f830fe,9ca7da5e22fea576d0698dba615712c0fca9f06b724fd1ca8957c245d9843f56,True
MZ_Air,R01,147,wes,replace_rule,replace_rule,accepted,45,46,9ca7da5e22fea576d0698dba615712c0fca9f06b724fd1ca8957c245d9843f56,85cf91eba8223c1a15d1e73a87038dca123a8e74a680d5fb4d6207e68ef27117,True
MZ_Air,R01,147,nor,explicit_no_change,no_change,accepted,40,40,8a6eb01298ee00e72e137c848e0520e1ab4b429311da53b886ce976a847dbc76,8a6eb01298ee00e72e137c848e0520e1ab4b429311da53b886ce976a847dbc76,True
MZ_Air,R01,147,sou,explicit_no_change,no_change,accepted,37,37,14e58e22070c34141c9fd76bb672401359608488efe2db9ba87fe8a437e52338,14e58e22070c34141c9fd76bb672401359608488efe2db9ba87fe8a437e52338,True
MZ_Air,R01,147,eas,replace_rule,replace_rule,accepted,31,32,d997ded3beac9721aa597c23c45c980d765b025248552e60631420c4c9d89e4c,9313c78bcf7a9ab64578efb3a04eb231099ae250f97d1b6852b1baf92d04b608,True
MZ_Air,R01,147,cor,explicit_no_change,no_change,accepted,45,45,9b03063abfaac330e555aee5aa500fa1f9502e9789ce62983a20a47962024858,9b03063abfaac330e555aee5aa500fa1f9502e9789ce62983a20a47962024858,True
MZ_Air,R01,148,wes,explicit_no_change,no_change,accepted,46,46,85cf91eba8223c1a15d1e73a87038dca123a8e74a680d5fb4d6207e68ef27117,85cf91eba8223c1a15d1e73a87038dca123a8e74a680d5fb4d6207e68ef27117,True
MZ_Air,R01,148,nor,explicit_no_change,no_change,accepted,40,40,8a6eb01298ee00e72e137c848e0520e1ab4b429311da53b886ce976a847dbc76,8a6eb01298ee00e72e137c848e0520e1ab4b429311da53b886ce976a847dbc76,True
MZ_Air,R01,148,sou,explicit_no_change,no_change,accepted,37,37,14e58e22070c34141c9fd76bb672401359608488efe2db9ba87fe8a437e52338,14e58e22070c34141c9fd76bb672401359608488efe2db9ba87fe8a437e52338,True
MZ_Air,R01,148,eas,explicit_no_change,no_change,accepted,32,32,9313c78bcf7a9ab64578efb3a04eb231099ae250f97d1b6852b1baf92d04b608,9313c78bcf7a9ab64578efb3a04eb231099ae250f97d1b6852b1baf92d04b608,True
MZ_Air,R01,148,cor,replace_rule,replace_rule,accepted,45,46,9b03063abfaac330e555aee5aa500fa1f9502e9789ce62983a20a47962024858,513d18b0eed06be0d5ddee268bd3b83af3b0671d05a8145dde3b26b583de6046,True
MZ_Air,R01,149,wes,explicit_no_change,no_change,accepted,46,46,85cf91eba8223c1a15d1e73a87038dca123a8e74a680d5fb4d6207e68ef27117,85cf91eba8223c1a15d1e73a87038dca123a8e74a680d5fb4d6207e68ef27117,True
MZ_Air,R01,149,nor,explicit_no_change,no_change,accepted,40,40,8a6eb01298ee00e72e137c848e0520e1ab4b429311da53b886ce976a847dbc76,8a6eb01298ee00e72e137c848e0520e1ab4b429311da53b886ce976a847dbc76,True
MZ_Air,R01,149,sou,explicit_no_change,no_change,accepted,37,37,14e58e22070c34141c9fd76bb672401359608488efe2db9ba87fe8a437e52338,14e58e22070c34141c9fd76bb672401359608488efe2db9ba87fe8a437e52338,True
MZ_Air,R01,149,eas,explicit_no_change,no_change,accepted,32,32,9313c78bcf7a9ab64578efb3a04eb231099ae250f97d1b6852b1baf92d04b608,9313c78bcf7a9ab64578efb3a04eb231099ae250f97d1b6852b1baf92d04b608,True
MZ_Air,R01,149,cor,explicit_no_change,no_change,accepted,46,46,513d18b0eed06be0d5ddee268bd3b83af3b0671d05a8145dde3b26b583de6046,513d18b0eed06be0d5ddee268bd3b83af3b0671d05a8145dde3b26b583de6046,True
MZ_Air,R01,150,cor,set_param,set_param,accepted,46,47,513d18b0eed06be0d5ddee268bd3b83af3b0671d05a8145dde3b26b583de6046,fb5359606b7aa609913d623dc849e288591092066dcd1d58bf985906effd7be0,True
MZ_Air,R01,150,wes,explicit_no_change,no_change,accepted,46,46,85cf91eba8223c1a15d1e73a87038dca123a8e74a680d5fb4d6207e68ef27117,85cf91eba8223c1a15d1e73a87038dca123a8e74a680d5fb4d6207e68ef27117,True
MZ_Air,R01,150,nor,explicit_no_change,no_change,accepted,40,40,8a6eb01298ee00e72e137c848e0520e1ab4b429311da53b886ce976a847dbc76,8a6eb01298ee00e72e137c848e0520e1ab4b429311da53b886ce976a847dbc76,True
MZ_Air,R01,150,sou,explicit_no_change,no_change,accepted,37,37,14e58e22070c34141c9fd76bb672401359608488efe2db9ba87fe8a437e52338,14e58e22070c34141c9fd76bb672401359608488efe2db9ba87fe8a437e52338,True
MZ_Air,R01,150,eas,explicit_no_change,no_change,accepted,32,32,9313c78bcf7a9ab64578efb3a04eb231099ae250f97d1b6852b1baf92d04b608,9313c78bcf7a9ab64578efb3a04eb231099ae250f97d1b6852b1baf92d04b608,True
MZ_Air,R01,151,cor,replace_rule,replace_rule,accepted,47,48,fb5359606b7aa609913d623dc849e288591092066dcd1d58bf985906effd7be0,5e669d1f879666ded9d8a284ddfe875e1e12124dc37fe3fd47967afdff1dbb33,True
MZ_Air,R01,151,wes,explicit_no_change,no_change,accepted,46,46,85cf91eba8223c1a15d1e73a87038dca123a8e74a680d5fb4d6207e68ef27117,85cf91eba8223c1a15d1e73a87038dca123a8e74a680d5fb4d6207e68ef27117,True
MZ_Air,R01,151,nor,explicit_no_change,no_change,accepted,40,40,8a6eb01298ee00e72e137c848e0520e1ab4b429311da53b886ce976a847dbc76,8a6eb01298ee00e72e137c848e0520e1ab4b429311da53b886ce976a847dbc76,True
MZ_Air,R01,151,sou,explicit_no_change,no_change,accepted,37,37,14e58e22070c34141c9fd76bb672401359608488efe2db9ba87fe8a437e52338,14e58e22070c34141c9fd76bb672401359608488efe2db9ba87fe8a437e52338,True
MZ_Air,R01,151,eas,explicit_no_change,no_change,accepted,32,32,9313c78bcf7a9ab64578efb3a04eb231099ae250f97d1b6852b1baf92d04b608,9313c78bcf7a9ab64578efb3a04eb231099ae250f97d1b6852b1baf92d04b608,True
MZ_Air,R01,152,cor,replace_rule,replace_rule,accepted,48,49,5e669d1f879666ded9d8a284ddfe875e1e12124dc37fe3fd47967afdff1dbb33,f2b3832263c87d4a2403cc1fa11761357afc804c0f74367f5286d524fd8b6b00,True
MZ_Air,R01,152,wes,replace_rule,replace_rule,accepted,46,47,85cf91eba8223c1a15d1e73a87038dca123a8e74a680d5fb4d6207e68ef27117,b02e3e40635f18497283022e42dcb4fa2a8eb0349f61e301509a8f30c4f830fe,True
MZ_Air,R01,152,nor,explicit_no_change,no_change,accepted,40,40,8a6eb01298ee00e72e137c848e0520e1ab4b429311da53b886ce976a847dbc76,8a6eb01298ee00e72e137c848e0520e1ab4b429311da53b886ce976a847dbc76,True
MZ_Air,R01,152,sou,explicit_no_change,no_change,accepted,37,37,14e58e22070c34141c9fd76bb672401359608488efe2db9ba87fe8a437e52338,14e58e22070c34141c9fd76bb672401359608488efe2db9ba87fe8a437e52338,True
MZ_Air,R01,152,eas,explicit_no_change,no_change,accepted,32,32,9313c78bcf7a9ab64578efb3a04eb231099ae250f97d1b6852b1baf92d04b608,9313c78bcf7a9ab64578efb3a04eb231099ae250f97d1b6852b1baf92d04b608,True
MZ_Air,R01,153,cor,deterministic_rejection,replace_rule,rejected,49,49,f2b3832263c87d4a2403cc1fa11761357afc804c0f74367f5286d524fd8b6b00,f2b3832263c87d4a2403cc1fa11761357afc804c0f74367f5286d524fd8b6b00,True
MZ_Air,R01,153,nor,replace_rule,replace_rule,accepted,40,41,8a6eb01298ee00e72e137c848e0520e1ab4b429311da53b886ce976a847dbc76,bcaab78ff37a062c767215b22ec70499852a5ead901653da4f7d8b1ce0043e26,True
MZ_Air,R01,153,sou,set_param,set_param,accepted,37,38,14e58e22070c34141c9fd76bb672401359608488efe2db9ba87fe8a437e52338,448fc85777c9f13d068e4b9c3f5faf451d94df6ad48a3f51bd002240466f532b,True
MZ_Air,R01,153,eas,schema_fallback,no_change,model_output_rejected,32,32,9313c78bcf7a9ab64578efb3a04eb231099ae250f97d1b6852b1baf92d04b608,9313c78bcf7a9ab64578efb3a04eb231099ae250f97d1b6852b1baf92d04b608,True
MZ_Air,R01,153,wes,set_param,set_param,accepted,47,48,b02e3e40635f18497283022e42dcb4fa2a8eb0349f61e301509a8f30c4f830fe,eb589911cbe28128260f5b5d819e6e198d7e6e7f638956a4f325c33667435c2d,True
MZ_Air,R01,154,cor,deterministic_rejection,replace_rule,rejected,49,49,f2b3832263c87d4a2403cc1fa11761357afc804c0f74367f5286d524fd8b6b00,f2b3832263c87d4a2403cc1fa11761357afc804c0f74367f5286d524fd8b6b00,True
MZ_Air,R01,154,sou,replace_rule,replace_rule,accepted,38,39,448fc85777c9f13d068e4b9c3f5faf451d94df6ad48a3f51bd002240466f532b,6aa1a7711ef315d4232612148869ab34dfbecdee1d49428e763d68801b9ec52a,True
MZ_Air,R01,154,nor,deterministic_rejection,set_param,rejected,41,41,bcaab78ff37a062c767215b22ec70499852a5ead901653da4f7d8b1ce0043e26,bcaab78ff37a062c767215b22ec70499852a5ead901653da4f7d8b1ce0043e26,True
MZ_Air,R01,154,eas,deterministic_rejection,set_param,rejected,32,32,9313c78bcf7a9ab64578efb3a04eb231099ae250f97d1b6852b1baf92d04b608,9313c78bcf7a9ab64578efb3a04eb231099ae250f97d1b6852b1baf92d04b608,True
MZ_Air,R01,154,wes,deterministic_rejection,replace_rule,rejected,48,48,eb589911cbe28128260f5b5d819e6e198d7e6e7f638956a4f325c33667435c2d,eb589911cbe28128260f5b5d819e6e198d7e6e7f638956a4f325c33667435c2d,True
MZ_Air,R01,155,wes,deterministic_rejection,replace_rule,rejected,48,48,eb589911cbe28128260f5b5d819e6e198d7e6e7f638956a4f325c33667435c2d,eb589911cbe28128260f5b5d819e6e198d7e6e7f638956a4f325c33667435c2d,True
MZ_Air,R01,155,cor,explicit_no_change,no_change,accepted,49,49,f2b3832263c87d4a2403cc1fa11761357afc804c0f74367f5286d524fd8b6b00,f2b3832263c87d4a2403cc1fa11761357afc804c0f74367f5286d524fd8b6b00,True
MZ_Air,R01,155,sou,deterministic_rejection,replace_rule,rejected,39,39,6aa1a7711ef315d4232612148869ab34dfbecdee1d49428e763d68801b9ec52a,6aa1a7711ef315d4232612148869ab34dfbecdee1d49428e763d68801b9ec52a,True
MZ_Air,R01,155,nor,replace_rule,replace_rule,accepted,41,42,bcaab78ff37a062c767215b22ec70499852a5ead901653da4f7d8b1ce0043e26,51ac3c675200efdcd114772f7834dd927867cb72df9dc51160a8570aff57335b,True
MZ_Air,R01,155,eas,deterministic_rejection,replace_rule,rejected,32,32,9313c78bcf7a9ab64578efb3a04eb231099ae250f97d1b6852b1baf92d04b608,9313c78bcf7a9ab64578efb3a04eb231099ae250f97d1b6852b1baf92d04b608,True
MZ_Air,R01,156,nor,replace_rule,replace_rule,accepted,42,43,51ac3c675200efdcd114772f7834dd927867cb72df9dc51160a8570aff57335b,7de65a014829119013cae2dafa929326c9ea56ea40a37439607da80829fee1e6,True
MZ_Air,R01,156,eas,deterministic_rejection,replace_rule,rejected,32,32,9313c78bcf7a9ab64578efb3a04eb231099ae250f97d1b6852b1baf92d04b608,9313c78bcf7a9ab64578efb3a04eb231099ae250f97d1b6852b1baf92d04b608,True
MZ_Air,R01,156,wes,deterministic_rejection,replace_rule,rejected,48,48,eb589911cbe28128260f5b5d819e6e198d7e6e7f638956a4f325c33667435c2d,eb589911cbe28128260f5b5d819e6e198d7e6e7f638956a4f325c33667435c2d,True
MZ_Air,R01,156,sou,explicit_no_change,no_change,accepted,39,39,6aa1a7711ef315d4232612148869ab34dfbecdee1d49428e763d68801b9ec52a,6aa1a7711ef315d4232612148869ab34dfbecdee1d49428e763d68801b9ec52a,True
MZ_Air,R01,156,cor,deterministic_rejection,replace_rule,rejected,49,49,f2b3832263c87d4a2403cc1fa11761357afc804c0f74367f5286d524fd8b6b00,f2b3832263c87d4a2403cc1fa11761357afc804c0f74367f5286d524fd8b6b00,True
MZ_Air,R01,157,wes,deterministic_rejection,replace_rule,rejected,48,48,eb589911cbe28128260f5b5d819e6e198d7e6e7f638956a4f325c33667435c2d,eb589911cbe28128260f5b5d819e6e198d7e6e7f638956a4f325c33667435c2d,True
MZ_Air,R01,157,nor,replace_rule,replace_rule,accepted,43,44,7de65a014829119013cae2dafa929326c9ea56ea40a37439607da80829fee1e6,f8ac65a988631053e5e0689014b63e809d7e962d26ec4f62ee623df692764f5e,True
MZ_Air,R01,157,eas,deterministic_rejection,replace_rule,rejected,32,32,9313c78bcf7a9ab64578efb3a04eb231099ae250f97d1b6852b1baf92d04b608,9313c78bcf7a9ab64578efb3a04eb231099ae250f97d1b6852b1baf92d04b608,True
MZ_Air,R01,157,sou,replace_rule,replace_rule,accepted,39,40,6aa1a7711ef315d4232612148869ab34dfbecdee1d49428e763d68801b9ec52a,671463b95f95060364f1ed200a1b3824a43337c22a6c8b5fcd1193470effbeaa,True
MZ_Air,R01,157,cor,schema_fallback,no_change,model_output_rejected,49,49,f2b3832263c87d4a2403cc1fa11761357afc804c0f74367f5286d524fd8b6b00,f2b3832263c87d4a2403cc1fa11761357afc804c0f74367f5286d524fd8b6b00,True
MZ_Air,R01,158,wes,schema_fallback,no_change,model_output_rejected,48,48,eb589911cbe28128260f5b5d819e6e198d7e6e7f638956a4f325c33667435c2d,eb589911cbe28128260f5b5d819e6e198d7e6e7f638956a4f325c33667435c2d,True
MZ_Air,R01,158,sou,add_rule,add_rule,accepted,40,41,671463b95f95060364f1ed200a1b3824a43337c22a6c8b5fcd1193470effbeaa,379ea0cc3d4bbae47e278f93abeef20d7289df9713ead22ed53579f2f9b6c22e,True
MZ_Air,R01,158,nor,replace_rule,replace_rule,accepted,44,45,f8ac65a988631053e5e0689014b63e809d7e962d26ec4f62ee623df692764f5e,0bf6f19063119a774a4327463e7838ef161a2f9c9a546a59045211ca6ee60c76,True
MZ_Air,R01,158,eas,deterministic_rejection,replace_rule,rejected,32,32,9313c78bcf7a9ab64578efb3a04eb231099ae250f97d1b6852b1baf92d04b608,9313c78bcf7a9ab64578efb3a04eb231099ae250f97d1b6852b1baf92d04b608,True
MZ_Air,R01,158,cor,deterministic_rejection,replace_rule,rejected,49,49,f2b3832263c87d4a2403cc1fa11761357afc804c0f74367f5286d524fd8b6b00,f2b3832263c87d4a2403cc1fa11761357afc804c0f74367f5286d524fd8b6b00,True
MZ_Air,R01,159,wes,explicit_no_change,no_change,accepted,48,48,eb589911cbe28128260f5b5d819e6e198d7e6e7f638956a4f325c33667435c2d,eb589911cbe28128260f5b5d819e6e198d7e6e7f638956a4f325c33667435c2d,True
MZ_Air,R01,159,sou,remove_rule,remove_rule,accepted,41,42,379ea0cc3d4bbae47e278f93abeef20d7289df9713ead22ed53579f2f9b6c22e,671463b95f95060364f1ed200a1b3824a43337c22a6c8b5fcd1193470effbeaa,True
MZ_Air,R01,159,nor,replace_rule,replace_rule,accepted,45,46,0bf6f19063119a774a4327463e7838ef161a2f9c9a546a59045211ca6ee60c76,7de65a014829119013cae2dafa929326c9ea56ea40a37439607da80829fee1e6,True
MZ_Air,R01,159,eas,deterministic_rejection,set_param,rejected,32,32,9313c78bcf7a9ab64578efb3a04eb231099ae250f97d1b6852b1baf92d04b608,9313c78bcf7a9ab64578efb3a04eb231099ae250f97d1b6852b1baf92d04b608,True
MZ_Air,R01,159,cor,explicit_no_change,no_change,accepted,49,49,f2b3832263c87d4a2403cc1fa11761357afc804c0f74367f5286d524fd8b6b00,f2b3832263c87d4a2403cc1fa11761357afc804c0f74367f5286d524fd8b6b00,True
MZ_Air,R01,160,wes,explicit_no_change,no_change,accepted,48,48,eb589911cbe28128260f5b5d819e6e198d7e6e7f638956a4f325c33667435c2d,eb589911cbe28128260f5b5d819e6e198d7e6e7f638956a4f325c33667435c2d,True
MZ_Air,R01,160,nor,replace_rule,replace_rule,accepted,46,47,7de65a014829119013cae2dafa929326c9ea56ea40a37439607da80829fee1e6,2254c295d32e6d6a143b3f7ba95d10d82a0b2f0836df9d208e0f1bff24b0c8c9,True
MZ_Air,R01,160,sou,replace_rule,replace_rule,accepted,42,43,671463b95f95060364f1ed200a1b3824a43337c22a6c8b5fcd1193470effbeaa,448fc85777c9f13d068e4b9c3f5faf451d94df6ad48a3f51bd002240466f532b,True
MZ_Air,R01,160,cor,explicit_no_change,no_change,accepted,49,49,f2b3832263c87d4a2403cc1fa11761357afc804c0f74367f5286d524fd8b6b00,f2b3832263c87d4a2403cc1fa11761357afc804c0f74367f5286d524fd8b6b00,True
MZ_Air,R01,160,eas,move_rule,move_rule,accepted,32,33,9313c78bcf7a9ab64578efb3a04eb231099ae250f97d1b6852b1baf92d04b608,77ae00f5cae428e4817e77fe19e5532debe87194601f64d71f0efb0cb187ce03,True
MZ_Air,R01,161,wes,explicit_no_change,no_change,accepted,48,48,eb589911cbe28128260f5b5d819e6e198d7e6e7f638956a4f325c33667435c2d,eb589911cbe28128260f5b5d819e6e198d7e6e7f638956a4f325c33667435c2d,True
MZ_Air,R01,161,eas,deterministic_rejection,set_param,rejected,33,33,77ae00f5cae428e4817e77fe19e5532debe87194601f64d71f0efb0cb187ce03,77ae00f5cae428e4817e77fe19e5532debe87194601f64d71f0efb0cb187ce03,True
MZ_Air,R01,161,sou,deterministic_rejection,replace_rule,rejected,43,43,448fc85777c9f13d068e4b9c3f5faf451d94df6ad48a3f51bd002240466f532b,448fc85777c9f13d068e4b9c3f5faf451d94df6ad48a3f51bd002240466f532b,True
MZ_Air,R01,161,nor,deterministic_rejection,replace_rule,rejected,47,47,2254c295d32e6d6a143b3f7ba95d10d82a0b2f0836df9d208e0f1bff24b0c8c9,2254c295d32e6d6a143b3f7ba95d10d82a0b2f0836df9d208e0f1bff24b0c8c9,True
MZ_Air,R01,161,cor,explicit_no_change,no_change,accepted,49,49,f2b3832263c87d4a2403cc1fa11761357afc804c0f74367f5286d524fd8b6b00,f2b3832263c87d4a2403cc1fa11761357afc804c0f74367f5286d524fd8b6b00,True
MZ_Air,R01,162,wes,deterministic_rejection,replace_rule,rejected,48,48,eb589911cbe28128260f5b5d819e6e198d7e6e7f638956a4f325c33667435c2d,eb589911cbe28128260f5b5d819e6e198d7e6e7f638956a4f325c33667435c2d,True
MZ_Air,R01,162,eas,deterministic_rejection,replace_rule,rejected,33,33,77ae00f5cae428e4817e77fe19e5532debe87194601f64d71f0efb0cb187ce03,77ae00f5cae428e4817e77fe19e5532debe87194601f64d71f0efb0cb187ce03,True
MZ_Air,R01,162,sou,deterministic_rejection,replace_rule,rejected,43,43,448fc85777c9f13d068e4b9c3f5faf451d94df6ad48a3f51bd002240466f532b,448fc85777c9f13d068e4b9c3f5faf451d94df6ad48a3f51bd002240466f532b,True
MZ_Air,R01,162,nor,deterministic_rejection,replace_rule,rejected,47,47,2254c295d32e6d6a143b3f7ba95d10d82a0b2f0836df9d208e0f1bff24b0c8c9,2254c295d32e6d6a143b3f7ba95d10d82a0b2f0836df9d208e0f1bff24b0c8c9,True
MZ_Air,R01,162,cor,explicit_no_change,no_change,accepted,49,49,f2b3832263c87d4a2403cc1fa11761357afc804c0f74367f5286d524fd8b6b00,f2b3832263c87d4a2403cc1fa11761357afc804c0f74367f5286d524fd8b6b00,True
MZ_Air,R01,163,cor,explicit_no_change,no_change,accepted,49,49,f2b3832263c87d4a2403cc1fa11761357afc804c0f74367f5286d524fd8b6b00,f2b3832263c87d4a2403cc1fa11761357afc804c0f74367f5286d524fd8b6b00,True
MZ_Air,R01,163,nor,deterministic_rejection,replace_rule,rejected,47,47,2254c295d32e6d6a143b3f7ba95d10d82a0b2f0836df9d208e0f1bff24b0c8c9,2254c295d32e6d6a143b3f7ba95d10d82a0b2f0836df9d208e0f1bff24b0c8c9,True
MZ_Air,R01,163,sou,deterministic_rejection,replace_rule,rejected,43,43,448fc85777c9f13d068e4b9c3f5faf451d94df6ad48a3f51bd002240466f532b,448fc85777c9f13d068e4b9c3f5faf451d94df6ad48a3f51bd002240466f532b,True
MZ_Air,R01,163,eas,deterministic_rejection,replace_rule,rejected,33,33,77ae00f5cae428e4817e77fe19e5532debe87194601f64d71f0efb0cb187ce03,77ae00f5cae428e4817e77fe19e5532debe87194601f64d71f0efb0cb187ce03,True
MZ_Air,R01,163,wes,schema_fallback,no_change,model_output_rejected,48,48,eb589911cbe28128260f5b5d819e6e198d7e6e7f638956a4f325c33667435c2d,eb589911cbe28128260f5b5d819e6e198d7e6e7f638956a4f325c33667435c2d,True
MZ_Air,R01,164,cor,explicit_no_change,no_change,accepted,49,49,f2b3832263c87d4a2403cc1fa11761357afc804c0f74367f5286d524fd8b6b00,f2b3832263c87d4a2403cc1fa11761357afc804c0f74367f5286d524fd8b6b00,True
MZ_Air,R01,164,eas,replace_rule,replace_rule,accepted,33,34,77ae00f5cae428e4817e77fe19e5532debe87194601f64d71f0efb0cb187ce03,7087c20973577b91b916bce94ae2ee817fe3c426c0e7c5801244bcab882bfb69,True
MZ_Air,R01,164,nor,deterministic_rejection,replace_rule,rejected,47,47,2254c295d32e6d6a143b3f7ba95d10d82a0b2f0836df9d208e0f1bff24b0c8c9,2254c295d32e6d6a143b3f7ba95d10d82a0b2f0836df9d208e0f1bff24b0c8c9,True
MZ_Air,R01,164,sou,replace_rule,replace_rule,accepted,43,44,448fc85777c9f13d068e4b9c3f5faf451d94df6ad48a3f51bd002240466f532b,a5e9c0619c73bdcfee46aab898443d19f3ff79eae0f9570c9d1d67d090db2eee,True
MZ_Air,R01,164,wes,explicit_no_change,no_change,accepted,48,48,eb589911cbe28128260f5b5d819e6e198d7e6e7f638956a4f325c33667435c2d,eb589911cbe28128260f5b5d819e6e198d7e6e7f638956a4f325c33667435c2d,True
MZ_Air,R01,165,cor,explicit_no_change,no_change,accepted,49,49,f2b3832263c87d4a2403cc1fa11761357afc804c0f74367f5286d524fd8b6b00,f2b3832263c87d4a2403cc1fa11761357afc804c0f74367f5286d524fd8b6b00,True
MZ_Air,R01,165,eas,explicit_no_change,no_change,accepted,34,34,7087c20973577b91b916bce94ae2ee817fe3c426c0e7c5801244bcab882bfb69,7087c20973577b91b916bce94ae2ee817fe3c426c0e7c5801244bcab882bfb69,True
MZ_Air,R01,165,nor,deterministic_rejection,replace_rule,rejected,47,47,2254c295d32e6d6a143b3f7ba95d10d82a0b2f0836df9d208e0f1bff24b0c8c9,2254c295d32e6d6a143b3f7ba95d10d82a0b2f0836df9d208e0f1bff24b0c8c9,True
MZ_Air,R01,165,sou,deterministic_rejection,replace_rule,rejected,44,44,a5e9c0619c73bdcfee46aab898443d19f3ff79eae0f9570c9d1d67d090db2eee,a5e9c0619c73bdcfee46aab898443d19f3ff79eae0f9570c9d1d67d090db2eee,True
MZ_Air,R01,165,wes,explicit_no_change,no_change,accepted,48,48,eb589911cbe28128260f5b5d819e6e198d7e6e7f638956a4f325c33667435c2d,eb589911cbe28128260f5b5d819e6e198d7e6e7f638956a4f325c33667435c2d,True
MZ_Air,R01,166,nor,deterministic_rejection,replace_rule,rejected,47,47,2254c295d32e6d6a143b3f7ba95d10d82a0b2f0836df9d208e0f1bff24b0c8c9,2254c295d32e6d6a143b3f7ba95d10d82a0b2f0836df9d208e0f1bff24b0c8c9,True
MZ_Air,R01,166,sou,explicit_no_change,no_change,accepted,44,44,a5e9c0619c73bdcfee46aab898443d19f3ff79eae0f9570c9d1d67d090db2eee,a5e9c0619c73bdcfee46aab898443d19f3ff79eae0f9570c9d1d67d090db2eee,True
MZ_Air,R01,166,eas,explicit_no_change,no_change,accepted,34,34,7087c20973577b91b916bce94ae2ee817fe3c426c0e7c5801244bcab882bfb69,7087c20973577b91b916bce94ae2ee817fe3c426c0e7c5801244bcab882bfb69,True
MZ_Air,R01,166,cor,explicit_no_change,no_change,accepted,49,49,f2b3832263c87d4a2403cc1fa11761357afc804c0f74367f5286d524fd8b6b00,f2b3832263c87d4a2403cc1fa11761357afc804c0f74367f5286d524fd8b6b00,True
MZ_Air,R01,166,wes,replace_rule,replace_rule,accepted,48,49,eb589911cbe28128260f5b5d819e6e198d7e6e7f638956a4f325c33667435c2d,0907ba0108b332c12de553e6d923ce14d83126ba7c59b132a178077edf3933a6,True
MZ_Air,R01,167,nor,explicit_no_change,no_change,accepted,47,47,2254c295d32e6d6a143b3f7ba95d10d82a0b2f0836df9d208e0f1bff24b0c8c9,2254c295d32e6d6a143b3f7ba95d10d82a0b2f0836df9d208e0f1bff24b0c8c9,True
MZ_Air,R01,167,sou,explicit_no_change,no_change,accepted,44,44,a5e9c0619c73bdcfee46aab898443d19f3ff79eae0f9570c9d1d67d090db2eee,a5e9c0619c73bdcfee46aab898443d19f3ff79eae0f9570c9d1d67d090db2eee,True
MZ_Air,R01,167,eas,explicit_no_change,no_change,accepted,34,34,7087c20973577b91b916bce94ae2ee817fe3c426c0e7c5801244bcab882bfb69,7087c20973577b91b916bce94ae2ee817fe3c426c0e7c5801244bcab882bfb69,True
MZ_Air,R01,167,cor,explicit_no_change,no_change,accepted,49,49,f2b3832263c87d4a2403cc1fa11761357afc804c0f74367f5286d524fd8b6b00,f2b3832263c87d4a2403cc1fa11761357afc804c0f74367f5286d524fd8b6b00,True
MZ_Air,R01,167,wes,explicit_no_change,no_change,accepted,49,49,0907ba0108b332c12de553e6d923ce14d83126ba7c59b132a178077edf3933a6,0907ba0108b332c12de553e6d923ce14d83126ba7c59b132a178077edf3933a6,True
MZ_Air,R01,168,nor,explicit_no_change,no_change,accepted,47,47,2254c295d32e6d6a143b3f7ba95d10d82a0b2f0836df9d208e0f1bff24b0c8c9,2254c295d32e6d6a143b3f7ba95d10d82a0b2f0836df9d208e0f1bff24b0c8c9,True
MZ_Air,R01,168,sou,explicit_no_change,no_change,accepted,44,44,a5e9c0619c73bdcfee46aab898443d19f3ff79eae0f9570c9d1d67d090db2eee,a5e9c0619c73bdcfee46aab898443d19f3ff79eae0f9570c9d1d67d090db2eee,True
MZ_Air,R01,168,eas,replace_rule,replace_rule,accepted,34,35,7087c20973577b91b916bce94ae2ee817fe3c426c0e7c5801244bcab882bfb69,77ae00f5cae428e4817e77fe19e5532debe87194601f64d71f0efb0cb187ce03,True
MZ_Air,R01,168,cor,explicit_no_change,no_change,accepted,49,49,f2b3832263c87d4a2403cc1fa11761357afc804c0f74367f5286d524fd8b6b00,f2b3832263c87d4a2403cc1fa11761357afc804c0f74367f5286d524fd8b6b00,True
MZ_Air,R01,168,wes,explicit_no_change,no_change,accepted,49,49,0907ba0108b332c12de553e6d923ce14d83126ba7c59b132a178077edf3933a6,0907ba0108b332c12de553e6d923ce14d83126ba7c59b132a178077edf3933a6,True
MZ_Air,R02,1,cor,set_param,set_param,accepted,0,1,148991b618bd78876809d302dfbcf3b2564abb5dd76b40327e4181f49b773ba8,903b9f3d5093e6681223a04b9d01e66582d668cd92229d8fb3ccc6cf5ec9129c,True
MZ_Air,R02,1,eas,explicit_no_change,no_change,accepted,0,0,148991b618bd78876809d302dfbcf3b2564abb5dd76b40327e4181f49b773ba8,148991b618bd78876809d302dfbcf3b2564abb5dd76b40327e4181f49b773ba8,True
MZ_Air,R02,1,nor,explicit_no_change,no_change,accepted,0,0,148991b618bd78876809d302dfbcf3b2564abb5dd76b40327e4181f49b773ba8,148991b618bd78876809d302dfbcf3b2564abb5dd76b40327e4181f49b773ba8,True
MZ_Air,R02,1,sou,explicit_no_change,no_change,accepted,0,0,148991b618bd78876809d302dfbcf3b2564abb5dd76b40327e4181f49b773ba8,148991b618bd78876809d302dfbcf3b2564abb5dd76b40327e4181f49b773ba8,True
MZ_Air,R02,1,wes,explicit_no_change,no_change,accepted,0,0,148991b618bd78876809d302dfbcf3b2564abb5dd76b40327e4181f49b773ba8,148991b618bd78876809d302dfbcf3b2564abb5dd76b40327e4181f49b773ba8,True
MZ_Air,R02,2,wes,explicit_no_change,no_change,accepted,0,0,148991b618bd78876809d302dfbcf3b2564abb5dd76b40327e4181f49b773ba8,148991b618bd78876809d302dfbcf3b2564abb5dd76b40327e4181f49b773ba8,True
MZ_Air,R02,2,sou,explicit_no_change,no_change,accepted,0,0,148991b618bd78876809d302dfbcf3b2564abb5dd76b40327e4181f49b773ba8,148991b618bd78876809d302dfbcf3b2564abb5dd76b40327e4181f49b773ba8,True
MZ_Air,R02,2,eas,explicit_no_change,no_change,accepted,0,0,148991b618bd78876809d302dfbcf3b2564abb5dd76b40327e4181f49b773ba8,148991b618bd78876809d302dfbcf3b2564abb5dd76b40327e4181f49b773ba8,True
MZ_Air,R02,2,nor,explicit_no_change,no_change,accepted,0,0,148991b618bd78876809d302dfbcf3b2564abb5dd76b40327e4181f49b773ba8,148991b618bd78876809d302dfbcf3b2564abb5dd76b40327e4181f49b773ba8,True
MZ_Air,R02,2,cor,explicit_no_change,no_change,accepted,1,1,903b9f3d5093e6681223a04b9d01e66582d668cd92229d8fb3ccc6cf5ec9129c,903b9f3d5093e6681223a04b9d01e66582d668cd92229d8fb3ccc6cf5ec9129c,True
MZ_Air,R02,3,wes,explicit_no_change,no_change,accepted,0,0,148991b618bd78876809d302dfbcf3b2564abb5dd76b40327e4181f49b773ba8,148991b618bd78876809d302dfbcf3b2564abb5dd76b40327e4181f49b773ba8,True
MZ_Air,R02,3,sou,explicit_no_change,no_change,accepted,0,0,148991b618bd78876809d302dfbcf3b2564abb5dd76b40327e4181f49b773ba8,148991b618bd78876809d302dfbcf3b2564abb5dd76b40327e4181f49b773ba8,True
MZ_Air,R02,3,eas,explicit_no_change,no_change,accepted,0,0,148991b618bd78876809d302dfbcf3b2564abb5dd76b40327e4181f49b773ba8,148991b618bd78876809d302dfbcf3b2564abb5dd76b40327e4181f49b773ba8,True
MZ_Air,R02,3,nor,explicit_no_change,no_change,accepted,0,0,148991b618bd78876809d302dfbcf3b2564abb5dd76b40327e4181f49b773ba8,148991b618bd78876809d302dfbcf3b2564abb5dd76b40327e4181f49b773ba8,True
MZ_Air,R02,3,cor,explicit_no_change,no_change,accepted,1,1,903b9f3d5093e6681223a04b9d01e66582d668cd92229d8fb3ccc6cf5ec9129c,903b9f3d5093e6681223a04b9d01e66582d668cd92229d8fb3ccc6cf5ec9129c,True
MZ_Air,R02,4,wes,explicit_no_change,no_change,accepted,0,0,148991b618bd78876809d302dfbcf3b2564abb5dd76b40327e4181f49b773ba8,148991b618bd78876809d302dfbcf3b2564abb5dd76b40327e4181f49b773ba8,True
MZ_Air,R02,4,sou,explicit_no_change,no_change,accepted,0,0,148991b618bd78876809d302dfbcf3b2564abb5dd76b40327e4181f49b773ba8,148991b618bd78876809d302dfbcf3b2564abb5dd76b40327e4181f49b773ba8,True
MZ_Air,R02,4,eas,explicit_no_change,no_change,accepted,0,0,148991b618bd78876809d302dfbcf3b2564abb5dd76b40327e4181f49b773ba8,148991b618bd78876809d302dfbcf3b2564abb5dd76b40327e4181f49b773ba8,True
MZ_Air,R02,4,nor,explicit_no_change,no_change,accepted,0,0,148991b618bd78876809d302dfbcf3b2564abb5dd76b40327e4181f49b773ba8,148991b618bd78876809d302dfbcf3b2564abb5dd76b40327e4181f49b773ba8,True
MZ_Air,R02,4,cor,explicit_no_change,no_change,accepted,1,1,903b9f3d5093e6681223a04b9d01e66582d668cd92229d8fb3ccc6cf5ec9129c,903b9f3d5093e6681223a04b9d01e66582d668cd92229d8fb3ccc6cf5ec9129c,True
MZ_Air,R02,5,wes,explicit_no_change,no_change,accepted,0,0,148991b618bd78876809d302dfbcf3b2564abb5dd76b40327e4181f49b773ba8,148991b618bd78876809d302dfbcf3b2564abb5dd76b40327e4181f49b773ba8,True
MZ_Air,R02,5,sou,explicit_no_change,no_change,accepted,0,0,148991b618bd78876809d302dfbcf3b2564abb5dd76b40327e4181f49b773ba8,148991b618bd78876809d302dfbcf3b2564abb5dd76b40327e4181f49b773ba8,True
MZ_Air,R02,5,eas,explicit_no_change,no_change,accepted,0,0,148991b618bd78876809d302dfbcf3b2564abb5dd76b40327e4181f49b773ba8,148991b618bd78876809d302dfbcf3b2564abb5dd76b40327e4181f49b773ba8,True
MZ_Air,R02,5,nor,explicit_no_change,no_change,accepted,0,0,148991b618bd78876809d302dfbcf3b2564abb5dd76b40327e4181f49b773ba8,148991b618bd78876809d302dfbcf3b2564abb5dd76b40327e4181f49b773ba8,True
MZ_Air,R02,5,cor,explicit_no_change,no_change,accepted,1,1,903b9f3d5093e6681223a04b9d01e66582d668cd92229d8fb3ccc6cf5ec9129c,903b9f3d5093e6681223a04b9d01e66582d668cd92229d8fb3ccc6cf5ec9129c,True
MZ_Air,R02,6,cor,deterministic_rejection,add_rule,rejected,1,1,903b9f3d5093e6681223a04b9d01e66582d668cd92229d8fb3ccc6cf5ec9129c,903b9f3d5093e6681223a04b9d01e66582d668cd92229d8fb3ccc6cf5ec9129c,True
MZ_Air,R02,6,wes,explicit_no_change,no_change,accepted,0,0,148991b618bd78876809d302dfbcf3b2564abb5dd76b40327e4181f49b773ba8,148991b618bd78876809d302dfbcf3b2564abb5dd76b40327e4181f49b773ba8,True
MZ_Air,R02,6,sou,explicit_no_change,no_change,accepted,0,0,148991b618bd78876809d302dfbcf3b2564abb5dd76b40327e4181f49b773ba8,148991b618bd78876809d302dfbcf3b2564abb5dd76b40327e4181f49b773ba8,True
MZ_Air,R02,6,eas,explicit_no_change,no_change,accepted,0,0,148991b618bd78876809d302dfbcf3b2564abb5dd76b40327e4181f49b773ba8,148991b618bd78876809d302dfbcf3b2564abb5dd76b40327e4181f49b773ba8,True
MZ_Air,R02,6,nor,explicit_no_change,no_change,accepted,0,0,148991b618bd78876809d302dfbcf3b2564abb5dd76b40327e4181f49b773ba8,148991b618bd78876809d302dfbcf3b2564abb5dd76b40327e4181f49b773ba8,True
MZ_Air,R02,7,cor,explicit_no_change,no_change,accepted,1,1,903b9f3d5093e6681223a04b9d01e66582d668cd92229d8fb3ccc6cf5ec9129c,903b9f3d5093e6681223a04b9d01e66582d668cd92229d8fb3ccc6cf5ec9129c,True
MZ_Air,R02,7,wes,set_param,set_param,accepted,0,1,148991b618bd78876809d302dfbcf3b2564abb5dd76b40327e4181f49b773ba8,903b9f3d5093e6681223a04b9d01e66582d668cd92229d8fb3ccc6cf5ec9129c,True
MZ_Air,R02,7,sou,explicit_no_change,no_change,accepted,0,0,148991b618bd78876809d302dfbcf3b2564abb5dd76b40327e4181f49b773ba8,148991b618bd78876809d302dfbcf3b2564abb5dd76b40327e4181f49b773ba8,True
MZ_Air,R02,7,eas,explicit_no_change,no_change,accepted,0,0,148991b618bd78876809d302dfbcf3b2564abb5dd76b40327e4181f49b773ba8,148991b618bd78876809d302dfbcf3b2564abb5dd76b40327e4181f49b773ba8,True
MZ_Air,R02,7,nor,deterministic_rejection,add_rule,rejected,0,0,148991b618bd78876809d302dfbcf3b2564abb5dd76b40327e4181f49b773ba8,148991b618bd78876809d302dfbcf3b2564abb5dd76b40327e4181f49b773ba8,True
MZ_Air,R02,8,cor,deterministic_rejection,set_param,rejected,1,1,903b9f3d5093e6681223a04b9d01e66582d668cd92229d8fb3ccc6cf5ec9129c,903b9f3d5093e6681223a04b9d01e66582d668cd92229d8fb3ccc6cf5ec9129c,True
MZ_Air,R02,8,wes,explicit_no_change,no_change,accepted,1,1,903b9f3d5093e6681223a04b9d01e66582d668cd92229d8fb3ccc6cf5ec9129c,903b9f3d5093e6681223a04b9d01e66582d668cd92229d8fb3ccc6cf5ec9129c,True
MZ_Air,R02,8,sou,explicit_no_change,no_change,accepted,0,0,148991b618bd78876809d302dfbcf3b2564abb5dd76b40327e4181f49b773ba8,148991b618bd78876809d302dfbcf3b2564abb5dd76b40327e4181f49b773ba8,True
MZ_Air,R02,8,eas,explicit_no_change,no_change,accepted,0,0,148991b618bd78876809d302dfbcf3b2564abb5dd76b40327e4181f49b773ba8,148991b618bd78876809d302dfbcf3b2564abb5dd76b40327e4181f49b773ba8,True
MZ_Air,R02,8,nor,explicit_no_change,no_change,accepted,0,0,148991b618bd78876809d302dfbcf3b2564abb5dd76b40327e4181f49b773ba8,148991b618bd78876809d302dfbcf3b2564abb5dd76b40327e4181f49b773ba8,True
MZ_Air,R02,9,cor,set_param,set_param,accepted,1,2,903b9f3d5093e6681223a04b9d01e66582d668cd92229d8fb3ccc6cf5ec9129c,c95cede6b37a6285e628071aad8dbd6649f6eb15fce2551560142961fbee83e3,True
MZ_Air,R02,9,nor,deterministic_rejection,set_param,rejected,0,0,148991b618bd78876809d302dfbcf3b2564abb5dd76b40327e4181f49b773ba8,148991b618bd78876809d302dfbcf3b2564abb5dd76b40327e4181f49b773ba8,True
MZ_Air,R02,9,sou,replace_rule,replace_rule,accepted,0,1,148991b618bd78876809d302dfbcf3b2564abb5dd76b40327e4181f49b773ba8,fc5511c4f6c279ee7a9ff8b79b08925f9f3e19c0dc40f10b59163fdab682c514,True
MZ_Air,R02,9,eas,set_param,set_param,accepted,0,1,148991b618bd78876809d302dfbcf3b2564abb5dd76b40327e4181f49b773ba8,903b9f3d5093e6681223a04b9d01e66582d668cd92229d8fb3ccc6cf5ec9129c,True
MZ_Air,R02,9,wes,explicit_no_change,no_change,accepted,1,1,903b9f3d5093e6681223a04b9d01e66582d668cd92229d8fb3ccc6cf5ec9129c,903b9f3d5093e6681223a04b9d01e66582d668cd92229d8fb3ccc6cf5ec9129c,True
MZ_Air,R02,10,cor,set_param,set_param,accepted,2,3,c95cede6b37a6285e628071aad8dbd6649f6eb15fce2551560142961fbee83e3,b70169f2173e0c6040bd1fc5311fa2f0a05831978ab372277ebd7aa2973cd5f0,True
MZ_Air,R02,10,nor,schema_fallback,no_change,model_output_rejected,0,0,148991b618bd78876809d302dfbcf3b2564abb5dd76b40327e4181f49b773ba8,148991b618bd78876809d302dfbcf3b2564abb5dd76b40327e4181f49b773ba8,True
MZ_Air,R02,10,sou,deterministic_rejection,add_rule,rejected,1,1,fc5511c4f6c279ee7a9ff8b79b08925f9f3e19c0dc40f10b59163fdab682c514,fc5511c4f6c279ee7a9ff8b79b08925f9f3e19c0dc40f10b59163fdab682c514,True
MZ_Air,R02,10,eas,set_param,set_param,accepted,1,2,903b9f3d5093e6681223a04b9d01e66582d668cd92229d8fb3ccc6cf5ec9129c,c95cede6b37a6285e628071aad8dbd6649f6eb15fce2551560142961fbee83e3,True
MZ_Air,R02,10,wes,set_param,set_param,accepted,1,2,903b9f3d5093e6681223a04b9d01e66582d668cd92229d8fb3ccc6cf5ec9129c,c95cede6b37a6285e628071aad8dbd6649f6eb15fce2551560142961fbee83e3,True
MZ_Air,R02,11,eas,deterministic_rejection,set_param,rejected,2,2,c95cede6b37a6285e628071aad8dbd6649f6eb15fce2551560142961fbee83e3,c95cede6b37a6285e628071aad8dbd6649f6eb15fce2551560142961fbee83e3,True
MZ_Air,R02,11,sou,set_param,set_param,accepted,1,2,fc5511c4f6c279ee7a9ff8b79b08925f9f3e19c0dc40f10b59163fdab682c514,bfe09cd7cc2048f368e1b741b7282bb6f47bf6811acf0b47790f6530be26a4a6,True
MZ_Air,R02,11,wes,set_param,set_param,accepted,2,3,c95cede6b37a6285e628071aad8dbd6649f6eb15fce2551560142961fbee83e3,c8736337c83f03723dfd6a019a0f8030fea65c7002739a58c65a1dddcfa2cdea,True
MZ_Air,R02,11,nor,add_rule,add_rule,accepted,0,1,148991b618bd78876809d302dfbcf3b2564abb5dd76b40327e4181f49b773ba8,860ed8dde6decb2f703596fcc8663f7039c74f860e04888479e0a7f3f12472a2,True
MZ_Air,R02,11,cor,explicit_no_change,no_change,accepted,3,3,b70169f2173e0c6040bd1fc5311fa2f0a05831978ab372277ebd7aa2973cd5f0,b70169f2173e0c6040bd1fc5311fa2f0a05831978ab372277ebd7aa2973cd5f0,True
MZ_Air,R02,12,eas,deterministic_rejection,add_rule,rejected,2,2,c95cede6b37a6285e628071aad8dbd6649f6eb15fce2551560142961fbee83e3,c95cede6b37a6285e628071aad8dbd6649f6eb15fce2551560142961fbee83e3,True
MZ_Air,R02,12,sou,add_rule,add_rule,accepted,2,3,bfe09cd7cc2048f368e1b741b7282bb6f47bf6811acf0b47790f6530be26a4a6,f1f91408ee3c955bdd2a0e7a489549e5256c688abd2379cdbb8741badd591675,True
MZ_Air,R02,12,wes,deterministic_rejection,set_param,rejected,3,3,c8736337c83f03723dfd6a019a0f8030fea65c7002739a58c65a1dddcfa2cdea,c8736337c83f03723dfd6a019a0f8030fea65c7002739a58c65a1dddcfa2cdea,True
MZ_Air,R02,12,nor,remove_rule,remove_rule,accepted,1,2,860ed8dde6decb2f703596fcc8663f7039c74f860e04888479e0a7f3f12472a2,148991b618bd78876809d302dfbcf3b2564abb5dd76b40327e4181f49b773ba8,True
MZ_Air,R02,12,cor,explicit_no_change,no_change,accepted,3,3,b70169f2173e0c6040bd1fc5311fa2f0a05831978ab372277ebd7aa2973cd5f0,b70169f2173e0c6040bd1fc5311fa2f0a05831978ab372277ebd7aa2973cd5f0,True
MZ_Air,R02,13,sou,replace_rule,replace_rule,accepted,3,4,f1f91408ee3c955bdd2a0e7a489549e5256c688abd2379cdbb8741badd591675,8027ec26191a6cc0d235c1802c5822ae67d9e62cc65f060b24ff483d8437b255,True
MZ_Air,R02,13,eas,add_rule,add_rule,accepted,2,3,c95cede6b37a6285e628071aad8dbd6649f6eb15fce2551560142961fbee83e3,c0b5e532ea15846cd8513c5e1aa11109dfc57a2d461585c8034c2ccf57bd708c,True
MZ_Air,R02,13,wes,set_param,set_param,accepted,3,4,c8736337c83f03723dfd6a019a0f8030fea65c7002739a58c65a1dddcfa2cdea,154f1c33f38fe2afb2d79a02549f34d2e6859663d9be08e3f54bfdd6070cfa2a,True
MZ_Air,R02,13,nor,set_param,set_param,accepted,2,3,148991b618bd78876809d302dfbcf3b2564abb5dd76b40327e4181f49b773ba8,903b9f3d5093e6681223a04b9d01e66582d668cd92229d8fb3ccc6cf5ec9129c,True
MZ_Air,R02,13,cor,explicit_no_change,no_change,accepted,3,3,b70169f2173e0c6040bd1fc5311fa2f0a05831978ab372277ebd7aa2973cd5f0,b70169f2173e0c6040bd1fc5311fa2f0a05831978ab372277ebd7aa2973cd5f0,True
MZ_Air,R02,14,wes,set_param,set_param,accepted,4,5,154f1c33f38fe2afb2d79a02549f34d2e6859663d9be08e3f54bfdd6070cfa2a,6979c7810711a57b3c1f6c9c5d3894a0081918dc640e3cd550a77b76d69d9f91,True
MZ_Air,R02,14,eas,deterministic_rejection,set_param,rejected,3,3,c0b5e532ea15846cd8513c5e1aa11109dfc57a2d461585c8034c2ccf57bd708c,c0b5e532ea15846cd8513c5e1aa11109dfc57a2d461585c8034c2ccf57bd708c,True
MZ_Air,R02,14,sou,replace_rule,replace_rule,accepted,4,5,8027ec26191a6cc0d235c1802c5822ae67d9e62cc65f060b24ff483d8437b255,057c2d2817b7df92a6c2b0adc94ac331c8ff0c32ccb12ba1c0ceed4a38576928,True
MZ_Air,R02,14,nor,set_param,set_param,accepted,3,4,903b9f3d5093e6681223a04b9d01e66582d668cd92229d8fb3ccc6cf5ec9129c,c95cede6b37a6285e628071aad8dbd6649f6eb15fce2551560142961fbee83e3,True
MZ_Air,R02,14,cor,explicit_no_change,no_change,accepted,3,3,b70169f2173e0c6040bd1fc5311fa2f0a05831978ab372277ebd7aa2973cd5f0,b70169f2173e0c6040bd1fc5311fa2f0a05831978ab372277ebd7aa2973cd5f0,True
MZ_Air,R02,15,wes,deterministic_rejection,set_param,rejected,5,5,6979c7810711a57b3c1f6c9c5d3894a0081918dc640e3cd550a77b76d69d9f91,6979c7810711a57b3c1f6c9c5d3894a0081918dc640e3cd550a77b76d69d9f91,True
MZ_Air,R02,15,nor,set_param,set_param,accepted,4,5,c95cede6b37a6285e628071aad8dbd6649f6eb15fce2551560142961fbee83e3,1709a3faa0cb135326b11050cb467e499ca96b8fd5974cdfe5da5816d7f00b75,True
MZ_Air,R02,15,eas,deterministic_rejection,replace_rule,rejected,3,3,c0b5e532ea15846cd8513c5e1aa11109dfc57a2d461585c8034c2ccf57bd708c,c0b5e532ea15846cd8513c5e1aa11109dfc57a2d461585c8034c2ccf57bd708c,True
MZ_Air,R02,15,sou,schema_fallback,no_change,model_output_rejected,5,5,057c2d2817b7df92a6c2b0adc94ac331c8ff0c32ccb12ba1c0ceed4a38576928,057c2d2817b7df92a6c2b0adc94ac331c8ff0c32ccb12ba1c0ceed4a38576928,True
MZ_Air,R02,15,cor,explicit_no_change,no_change,accepted,3,3,b70169f2173e0c6040bd1fc5311fa2f0a05831978ab372277ebd7aa2973cd5f0,b70169f2173e0c6040bd1fc5311fa2f0a05831978ab372277ebd7aa2973cd5f0,True
MZ_Air,R02,16,wes,replace_rule,replace_rule,accepted,5,6,6979c7810711a57b3c1f6c9c5d3894a0081918dc640e3cd550a77b76d69d9f91,7df1366afa37f4543bad08836cbf81bc7fa8ee111ae1edd26222fbbb42f5977b,True
MZ_Air,R02,16,nor,set_param,set_param,accepted,5,6,1709a3faa0cb135326b11050cb467e499ca96b8fd5974cdfe5da5816d7f00b75,c95cede6b37a6285e628071aad8dbd6649f6eb15fce2551560142961fbee83e3,True
MZ_Air,R02,16,eas,schema_fallback,no_change,model_output_rejected,3,3,c0b5e532ea15846cd8513c5e1aa11109dfc57a2d461585c8034c2ccf57bd708c,c0b5e532ea15846cd8513c5e1aa11109dfc57a2d461585c8034c2ccf57bd708c,True
MZ_Air,R02,16,sou,deterministic_rejection,replace_rule,rejected,5,5,057c2d2817b7df92a6c2b0adc94ac331c8ff0c32ccb12ba1c0ceed4a38576928,057c2d2817b7df92a6c2b0adc94ac331c8ff0c32ccb12ba1c0ceed4a38576928,True
MZ_Air,R02,16,cor,explicit_no_change,no_change,accepted,3,3,b70169f2173e0c6040bd1fc5311fa2f0a05831978ab372277ebd7aa2973cd5f0,b70169f2173e0c6040bd1fc5311fa2f0a05831978ab372277ebd7aa2973cd5f0,True
MZ_Air,R02,17,wes,replace_rule,replace_rule,accepted,6,7,7df1366afa37f4543bad08836cbf81bc7fa8ee111ae1edd26222fbbb42f5977b,6979c7810711a57b3c1f6c9c5d3894a0081918dc640e3cd550a77b76d69d9f91,True
MZ_Air,R02,17,nor,explicit_no_change,no_change,accepted,6,6,c95cede6b37a6285e628071aad8dbd6649f6eb15fce2551560142961fbee83e3,c95cede6b37a6285e628071aad8dbd6649f6eb15fce2551560142961fbee83e3,True
MZ_Air,R02,17,eas,replace_rule,replace_rule,accepted,3,4,c0b5e532ea15846cd8513c5e1aa11109dfc57a2d461585c8034c2ccf57bd708c,3a0a503d623cab3c16acf792d09b9f3a43c66c82b33bbc0a2a10ab6cf40c8d84,True
MZ_Air,R02,17,sou,explicit_no_change,no_change,accepted,5,5,057c2d2817b7df92a6c2b0adc94ac331c8ff0c32ccb12ba1c0ceed4a38576928,057c2d2817b7df92a6c2b0adc94ac331c8ff0c32ccb12ba1c0ceed4a38576928,True
MZ_Air,R02,17,cor,explicit_no_change,no_change,accepted,3,3,b70169f2173e0c6040bd1fc5311fa2f0a05831978ab372277ebd7aa2973cd5f0,b70169f2173e0c6040bd1fc5311fa2f0a05831978ab372277ebd7aa2973cd5f0,True
MZ_Air,R02,18,eas,deterministic_rejection,set_param,rejected,4,4,3a0a503d623cab3c16acf792d09b9f3a43c66c82b33bbc0a2a10ab6cf40c8d84,3a0a503d623cab3c16acf792d09b9f3a43c66c82b33bbc0a2a10ab6cf40c8d84,True
MZ_Air,R02,18,wes,set_param,set_param,accepted,7,8,6979c7810711a57b3c1f6c9c5d3894a0081918dc640e3cd550a77b76d69d9f91,c8736337c83f03723dfd6a019a0f8030fea65c7002739a58c65a1dddcfa2cdea,True
MZ_Air,R02,18,nor,explicit_no_change,no_change,accepted,6,6,c95cede6b37a6285e628071aad8dbd6649f6eb15fce2551560142961fbee83e3,c95cede6b37a6285e628071aad8dbd6649f6eb15fce2551560142961fbee83e3,True
MZ_Air,R02,18,sou,deterministic_rejection,add_rule,rejected,5,5,057c2d2817b7df92a6c2b0adc94ac331c8ff0c32ccb12ba1c0ceed4a38576928,057c2d2817b7df92a6c2b0adc94ac331c8ff0c32ccb12ba1c0ceed4a38576928,True
MZ_Air,R02,18,cor,set_param,set_param,accepted,3,4,b70169f2173e0c6040bd1fc5311fa2f0a05831978ab372277ebd7aa2973cd5f0,903b9f3d5093e6681223a04b9d01e66582d668cd92229d8fb3ccc6cf5ec9129c,True
MZ_Air,R02,19,wes,explicit_no_change,no_change,accepted,8,8,c8736337c83f03723dfd6a019a0f8030fea65c7002739a58c65a1dddcfa2cdea,c8736337c83f03723dfd6a019a0f8030fea65c7002739a58c65a1dddcfa2cdea,True
MZ_Air,R02,19,eas,replace_rule,replace_rule,accepted,4,5,3a0a503d623cab3c16acf792d09b9f3a43c66c82b33bbc0a2a10ab6cf40c8d84,1ee6240f72eced199c4686632172ace2000d17caacd62a4ebc54acc37275ca95,True
MZ_Air,R02,19,nor,deterministic_rejection,set_param,rejected,6,6,c95cede6b37a6285e628071aad8dbd6649f6eb15fce2551560142961fbee83e3,c95cede6b37a6285e628071aad8dbd6649f6eb15fce2551560142961fbee83e3,True
MZ_Air,R02,19,sou,schema_fallback,no_change,model_output_rejected,5,5,057c2d2817b7df92a6c2b0adc94ac331c8ff0c32ccb12ba1c0ceed4a38576928,057c2d2817b7df92a6c2b0adc94ac331c8ff0c32ccb12ba1c0ceed4a38576928,True
MZ_Air,R02,19,cor,set_param,set_param,accepted,4,5,903b9f3d5093e6681223a04b9d01e66582d668cd92229d8fb3ccc6cf5ec9129c,4fc0a8f1458d0f707b0e8ec53f27c0c22c924df5b7bc4c8d88d3098b8f884390,True
MZ_Air,R02,20,cor,explicit_no_change,no_change,accepted,5,5,4fc0a8f1458d0f707b0e8ec53f27c0c22c924df5b7bc4c8d88d3098b8f884390,4fc0a8f1458d0f707b0e8ec53f27c0c22c924df5b7bc4c8d88d3098b8f884390,True
MZ_Air,R02,20,eas,replace_rule,replace_rule,accepted,5,6,1ee6240f72eced199c4686632172ace2000d17caacd62a4ebc54acc37275ca95,e156975c9a2efe3aca0cf05c04b98efcf7f86986b1f39313c137953f5538fb74,True
MZ_Air,R02,20,nor,set_param,set_param,accepted,6,7,c95cede6b37a6285e628071aad8dbd6649f6eb15fce2551560142961fbee83e3,c8736337c83f03723dfd6a019a0f8030fea65c7002739a58c65a1dddcfa2cdea,True
MZ_Air,R02,20,sou,explicit_no_change,no_change,accepted,5,5,057c2d2817b7df92a6c2b0adc94ac331c8ff0c32ccb12ba1c0ceed4a38576928,057c2d2817b7df92a6c2b0adc94ac331c8ff0c32ccb12ba1c0ceed4a38576928,True
MZ_Air,R02,20,wes,explicit_no_change,no_change,accepted,8,8,c8736337c83f03723dfd6a019a0f8030fea65c7002739a58c65a1dddcfa2cdea,c8736337c83f03723dfd6a019a0f8030fea65c7002739a58c65a1dddcfa2cdea,True
MZ_Air,R02,21,eas,explicit_no_change,no_change,accepted,6,6,e156975c9a2efe3aca0cf05c04b98efcf7f86986b1f39313c137953f5538fb74,e156975c9a2efe3aca0cf05c04b98efcf7f86986b1f39313c137953f5538fb74,True
MZ_Air,R02,21,cor,explicit_no_change,no_change,accepted,5,5,4fc0a8f1458d0f707b0e8ec53f27c0c22c924df5b7bc4c8d88d3098b8f884390,4fc0a8f1458d0f707b0e8ec53f27c0c22c924df5b7bc4c8d88d3098b8f884390,True
MZ_Air,R02,21,nor,add_rule,add_rule,accepted,7,8,c8736337c83f03723dfd6a019a0f8030fea65c7002739a58c65a1dddcfa2cdea,ee1f0d906491a01af453e07bb8742f4d362e1ebacb55d19d1e2f13d9f264e08a,True
MZ_Air,R02,21,sou,add_rule,add_rule,accepted,5,6,057c2d2817b7df92a6c2b0adc94ac331c8ff0c32ccb12ba1c0ceed4a38576928,d8f3616e8e4066406f298c53e4299aa17c799a95cf850dc21924fc4f2ba523c4,True
MZ_Air,R02,21,wes,replace_rule,replace_rule,accepted,8,9,c8736337c83f03723dfd6a019a0f8030fea65c7002739a58c65a1dddcfa2cdea,240eaf18dfafa3d253d079d09de5ff2a49ca76e70ec0a0df7151f69b28af23d1,True
MZ_Air,R02,22,eas,explicit_no_change,no_change,accepted,6,6,e156975c9a2efe3aca0cf05c04b98efcf7f86986b1f39313c137953f5538fb74,e156975c9a2efe3aca0cf05c04b98efcf7f86986b1f39313c137953f5538fb74,True
MZ_Air,R02,22,sou,replace_rule,replace_rule,accepted,6,7,d8f3616e8e4066406f298c53e4299aa17c799a95cf850dc21924fc4f2ba523c4,b8dd103e7445a84fa417fa5c7b57ba17ef00e2a6a1dadffe941ce719b5103839,True
MZ_Air,R02,22,nor,explicit_no_change,no_change,accepted,8,8,ee1f0d906491a01af453e07bb8742f4d362e1ebacb55d19d1e2f13d9f264e08a,ee1f0d906491a01af453e07bb8742f4d362e1ebacb55d19d1e2f13d9f264e08a,True
MZ_Air,R02,22,wes,explicit_no_change,no_change,accepted,9,9,240eaf18dfafa3d253d079d09de5ff2a49ca76e70ec0a0df7151f69b28af23d1,240eaf18dfafa3d253d079d09de5ff2a49ca76e70ec0a0df7151f69b28af23d1,True
MZ_Air,R02,22,cor,explicit_no_change,no_change,accepted,5,5,4fc0a8f1458d0f707b0e8ec53f27c0c22c924df5b7bc4c8d88d3098b8f884390,4fc0a8f1458d0f707b0e8ec53f27c0c22c924df5b7bc4c8d88d3098b8f884390,True
MZ_Air,R02,23,eas,explicit_no_change,no_change,accepted,6,6,e156975c9a2efe3aca0cf05c04b98efcf7f86986b1f39313c137953f5538fb74,e156975c9a2efe3aca0cf05c04b98efcf7f86986b1f39313c137953f5538fb74,True
MZ_Air,R02,23,sou,explicit_no_change,no_change,accepted,7,7,b8dd103e7445a84fa417fa5c7b57ba17ef00e2a6a1dadffe941ce719b5103839,b8dd103e7445a84fa417fa5c7b57ba17ef00e2a6a1dadffe941ce719b5103839,True
MZ_Air,R02,23,nor,explicit_no_change,no_change,accepted,8,8,ee1f0d906491a01af453e07bb8742f4d362e1ebacb55d19d1e2f13d9f264e08a,ee1f0d906491a01af453e07bb8742f4d362e1ebacb55d19d1e2f13d9f264e08a,True
MZ_Air,R02,23,wes,explicit_no_change,no_change,accepted,9,9,240eaf18dfafa3d253d079d09de5ff2a49ca76e70ec0a0df7151f69b28af23d1,240eaf18dfafa3d253d079d09de5ff2a49ca76e70ec0a0df7151f69b28af23d1,True
MZ_Air,R02,23,cor,explicit_no_change,no_change,accepted,5,5,4fc0a8f1458d0f707b0e8ec53f27c0c22c924df5b7bc4c8d88d3098b8f884390,4fc0a8f1458d0f707b0e8ec53f27c0c22c924df5b7bc4c8d88d3098b8f884390,True
MZ_Air,R02,24,cor,explicit_no_change,no_change,accepted,5,5,4fc0a8f1458d0f707b0e8ec53f27c0c22c924df5b7bc4c8d88d3098b8f884390,4fc0a8f1458d0f707b0e8ec53f27c0c22c924df5b7bc4c8d88d3098b8f884390,True
MZ_Air,R02,24,eas,explicit_no_change,no_change,accepted,6,6,e156975c9a2efe3aca0cf05c04b98efcf7f86986b1f39313c137953f5538fb74,e156975c9a2efe3aca0cf05c04b98efcf7f86986b1f39313c137953f5538fb74,True
MZ_Air,R02,24,nor,explicit_no_change,no_change,accepted,8,8,ee1f0d906491a01af453e07bb8742f4d362e1ebacb55d19d1e2f13d9f264e08a,ee1f0d906491a01af453e07bb8742f4d362e1ebacb55d19d1e2f13d9f264e08a,True
MZ_Air,R02,24,sou,explicit_no_change,no_change,accepted,7,7,b8dd103e7445a84fa417fa5c7b57ba17ef00e2a6a1dadffe941ce719b5103839,b8dd103e7445a84fa417fa5c7b57ba17ef00e2a6a1dadffe941ce719b5103839,True
MZ_Air,R02,24,wes,explicit_no_change,no_change,accepted,9,9,240eaf18dfafa3d253d079d09de5ff2a49ca76e70ec0a0df7151f69b28af23d1,240eaf18dfafa3d253d079d09de5ff2a49ca76e70ec0a0df7151f69b28af23d1,True
MZ_Air,R02,25,cor,explicit_no_change,no_change,accepted,5,5,4fc0a8f1458d0f707b0e8ec53f27c0c22c924df5b7bc4c8d88d3098b8f884390,4fc0a8f1458d0f707b0e8ec53f27c0c22c924df5b7bc4c8d88d3098b8f884390,True
MZ_Air,R02,25,eas,explicit_no_change,no_change,accepted,6,6,e156975c9a2efe3aca0cf05c04b98efcf7f86986b1f39313c137953f5538fb74,e156975c9a2efe3aca0cf05c04b98efcf7f86986b1f39313c137953f5538fb74,True
MZ_Air,R02,25,nor,explicit_no_change,no_change,accepted,8,8,ee1f0d906491a01af453e07bb8742f4d362e1ebacb55d19d1e2f13d9f264e08a,ee1f0d906491a01af453e07bb8742f4d362e1ebacb55d19d1e2f13d9f264e08a,True
MZ_Air,R02,25,sou,explicit_no_change,no_change,accepted,7,7,b8dd103e7445a84fa417fa5c7b57ba17ef00e2a6a1dadffe941ce719b5103839,b8dd103e7445a84fa417fa5c7b57ba17ef00e2a6a1dadffe941ce719b5103839,True
MZ_Air,R02,25,wes,explicit_no_change,no_change,accepted,9,9,240eaf18dfafa3d253d079d09de5ff2a49ca76e70ec0a0df7151f69b28af23d1,240eaf18dfafa3d253d079d09de5ff2a49ca76e70ec0a0df7151f69b28af23d1,True
MZ_Air,R02,26,cor,explicit_no_change,no_change,accepted,5,5,4fc0a8f1458d0f707b0e8ec53f27c0c22c924df5b7bc4c8d88d3098b8f884390,4fc0a8f1458d0f707b0e8ec53f27c0c22c924df5b7bc4c8d88d3098b8f884390,True
MZ_Air,R02,26,eas,explicit_no_change,no_change,accepted,6,6,e156975c9a2efe3aca0cf05c04b98efcf7f86986b1f39313c137953f5538fb74,e156975c9a2efe3aca0cf05c04b98efcf7f86986b1f39313c137953f5538fb74,True
MZ_Air,R02,26,nor,explicit_no_change,no_change,accepted,8,8,ee1f0d906491a01af453e07bb8742f4d362e1ebacb55d19d1e2f13d9f264e08a,ee1f0d906491a01af453e07bb8742f4d362e1ebacb55d19d1e2f13d9f264e08a,True
MZ_Air,R02,26,sou,explicit_no_change,no_change,accepted,7,7,b8dd103e7445a84fa417fa5c7b57ba17ef00e2a6a1dadffe941ce719b5103839,b8dd103e7445a84fa417fa5c7b57ba17ef00e2a6a1dadffe941ce719b5103839,True
MZ_Air,R02,26,wes,explicit_no_change,no_change,accepted,9,9,240eaf18dfafa3d253d079d09de5ff2a49ca76e70ec0a0df7151f69b28af23d1,240eaf18dfafa3d253d079d09de5ff2a49ca76e70ec0a0df7151f69b28af23d1,True
MZ_Air,R02,27,cor,explicit_no_change,no_change,accepted,5,5,4fc0a8f1458d0f707b0e8ec53f27c0c22c924df5b7bc4c8d88d3098b8f884390,4fc0a8f1458d0f707b0e8ec53f27c0c22c924df5b7bc4c8d88d3098b8f884390,True
MZ_Air,R02,27,eas,explicit_no_change,no_change,accepted,6,6,e156975c9a2efe3aca0cf05c04b98efcf7f86986b1f39313c137953f5538fb74,e156975c9a2efe3aca0cf05c04b98efcf7f86986b1f39313c137953f5538fb74,True
MZ_Air,R02,27,nor,explicit_no_change,no_change,accepted,8,8,ee1f0d906491a01af453e07bb8742f4d362e1ebacb55d19d1e2f13d9f264e08a,ee1f0d906491a01af453e07bb8742f4d362e1ebacb55d19d1e2f13d9f264e08a,True
MZ_Air,R02,27,sou,explicit_no_change,no_change,accepted,7,7,b8dd103e7445a84fa417fa5c7b57ba17ef00e2a6a1dadffe941ce719b5103839,b8dd103e7445a84fa417fa5c7b57ba17ef00e2a6a1dadffe941ce719b5103839,True
MZ_Air,R02,27,wes,explicit_no_change,no_change,accepted,9,9,240eaf18dfafa3d253d079d09de5ff2a49ca76e70ec0a0df7151f69b28af23d1,240eaf18dfafa3d253d079d09de5ff2a49ca76e70ec0a0df7151f69b28af23d1,True
MZ_Air,R02,28,cor,explicit_no_change,no_change,accepted,5,5,4fc0a8f1458d0f707b0e8ec53f27c0c22c924df5b7bc4c8d88d3098b8f884390,4fc0a8f1458d0f707b0e8ec53f27c0c22c924df5b7bc4c8d88d3098b8f884390,True
MZ_Air,R02,28,eas,explicit_no_change,no_change,accepted,6,6,e156975c9a2efe3aca0cf05c04b98efcf7f86986b1f39313c137953f5538fb74,e156975c9a2efe3aca0cf05c04b98efcf7f86986b1f39313c137953f5538fb74,True
MZ_Air,R02,28,nor,explicit_no_change,no_change,accepted,8,8,ee1f0d906491a01af453e07bb8742f4d362e1ebacb55d19d1e2f13d9f264e08a,ee1f0d906491a01af453e07bb8742f4d362e1ebacb55d19d1e2f13d9f264e08a,True
MZ_Air,R02,28,sou,explicit_no_change,no_change,accepted,7,7,b8dd103e7445a84fa417fa5c7b57ba17ef00e2a6a1dadffe941ce719b5103839,b8dd103e7445a84fa417fa5c7b57ba17ef00e2a6a1dadffe941ce719b5103839,True
MZ_Air,R02,28,wes,explicit_no_change,no_change,accepted,9,9,240eaf18dfafa3d253d079d09de5ff2a49ca76e70ec0a0df7151f69b28af23d1,240eaf18dfafa3d253d079d09de5ff2a49ca76e70ec0a0df7151f69b28af23d1,True
MZ_Air,R02,29,cor,explicit_no_change,no_change,accepted,5,5,4fc0a8f1458d0f707b0e8ec53f27c0c22c924df5b7bc4c8d88d3098b8f884390,4fc0a8f1458d0f707b0e8ec53f27c0c22c924df5b7bc4c8d88d3098b8f884390,True
MZ_Air,R02,29,eas,explicit_no_change,no_change,accepted,6,6,e156975c9a2efe3aca0cf05c04b98efcf7f86986b1f39313c137953f5538fb74,e156975c9a2efe3aca0cf05c04b98efcf7f86986b1f39313c137953f5538fb74,True
MZ_Air,R02,29,nor,explicit_no_change,no_change,accepted,8,8,ee1f0d906491a01af453e07bb8742f4d362e1ebacb55d19d1e2f13d9f264e08a,ee1f0d906491a01af453e07bb8742f4d362e1ebacb55d19d1e2f13d9f264e08a,True
MZ_Air,R02,29,sou,explicit_no_change,no_change,accepted,7,7,b8dd103e7445a84fa417fa5c7b57ba17ef00e2a6a1dadffe941ce719b5103839,b8dd103e7445a84fa417fa5c7b57ba17ef00e2a6a1dadffe941ce719b5103839,True
MZ_Air,R02,29,wes,explicit_no_change,no_change,accepted,9,9,240eaf18dfafa3d253d079d09de5ff2a49ca76e70ec0a0df7151f69b28af23d1,240eaf18dfafa3d253d079d09de5ff2a49ca76e70ec0a0df7151f69b28af23d1,True
MZ_Air,R02,30,cor,explicit_no_change,no_change,accepted,5,5,4fc0a8f1458d0f707b0e8ec53f27c0c22c924df5b7bc4c8d88d3098b8f884390,4fc0a8f1458d0f707b0e8ec53f27c0c22c924df5b7bc4c8d88d3098b8f884390,True
MZ_Air,R02,30,eas,replace_rule,replace_rule,accepted,6,7,e156975c9a2efe3aca0cf05c04b98efcf7f86986b1f39313c137953f5538fb74,1ee6240f72eced199c4686632172ace2000d17caacd62a4ebc54acc37275ca95,True
MZ_Air,R02,30,nor,deterministic_rejection,replace_rule,rejected,8,8,ee1f0d906491a01af453e07bb8742f4d362e1ebacb55d19d1e2f13d9f264e08a,ee1f0d906491a01af453e07bb8742f4d362e1ebacb55d19d1e2f13d9f264e08a,True
MZ_Air,R02,30,sou,explicit_no_change,no_change,accepted,7,7,b8dd103e7445a84fa417fa5c7b57ba17ef00e2a6a1dadffe941ce719b5103839,b8dd103e7445a84fa417fa5c7b57ba17ef00e2a6a1dadffe941ce719b5103839,True
MZ_Air,R02,30,wes,replace_rule,replace_rule,accepted,9,10,240eaf18dfafa3d253d079d09de5ff2a49ca76e70ec0a0df7151f69b28af23d1,c8736337c83f03723dfd6a019a0f8030fea65c7002739a58c65a1dddcfa2cdea,True
MZ_Air,R02,31,cor,explicit_no_change,no_change,accepted,5,5,4fc0a8f1458d0f707b0e8ec53f27c0c22c924df5b7bc4c8d88d3098b8f884390,4fc0a8f1458d0f707b0e8ec53f27c0c22c924df5b7bc4c8d88d3098b8f884390,True
MZ_Air,R02,31,eas,explicit_no_change,no_change,accepted,7,7,1ee6240f72eced199c4686632172ace2000d17caacd62a4ebc54acc37275ca95,1ee6240f72eced199c4686632172ace2000d17caacd62a4ebc54acc37275ca95,True
MZ_Air,R02,31,nor,deterministic_rejection,add_rule,rejected,8,8,ee1f0d906491a01af453e07bb8742f4d362e1ebacb55d19d1e2f13d9f264e08a,ee1f0d906491a01af453e07bb8742f4d362e1ebacb55d19d1e2f13d9f264e08a,True
MZ_Air,R02,31,sou,remove_rule,remove_rule,accepted,7,8,b8dd103e7445a84fa417fa5c7b57ba17ef00e2a6a1dadffe941ce719b5103839,057c2d2817b7df92a6c2b0adc94ac331c8ff0c32ccb12ba1c0ceed4a38576928,True
MZ_Air,R02,31,wes,explicit_no_change,no_change,accepted,10,10,c8736337c83f03723dfd6a019a0f8030fea65c7002739a58c65a1dddcfa2cdea,c8736337c83f03723dfd6a019a0f8030fea65c7002739a58c65a1dddcfa2cdea,True
MZ_Air,R02,32,cor,deterministic_rejection,add_rule,rejected,5,5,4fc0a8f1458d0f707b0e8ec53f27c0c22c924df5b7bc4c8d88d3098b8f884390,4fc0a8f1458d0f707b0e8ec53f27c0c22c924df5b7bc4c8d88d3098b8f884390,True
MZ_Air,R02,32,eas,add_rule,add_rule,accepted,7,8,1ee6240f72eced199c4686632172ace2000d17caacd62a4ebc54acc37275ca95,c572156572006e353a22083ffc33e751413b880d153f442b7e94425d9e4cf95b,True
MZ_Air,R02,32,nor,deterministic_rejection,add_rule,rejected,8,8,ee1f0d906491a01af453e07bb8742f4d362e1ebacb55d19d1e2f13d9f264e08a,ee1f0d906491a01af453e07bb8742f4d362e1ebacb55d19d1e2f13d9f264e08a,True
MZ_Air,R02,32,sou,explicit_no_change,no_change,accepted,8,8,057c2d2817b7df92a6c2b0adc94ac331c8ff0c32ccb12ba1c0ceed4a38576928,057c2d2817b7df92a6c2b0adc94ac331c8ff0c32ccb12ba1c0ceed4a38576928,True
MZ_Air,R02,32,wes,explicit_no_change,no_change,accepted,10,10,c8736337c83f03723dfd6a019a0f8030fea65c7002739a58c65a1dddcfa2cdea,c8736337c83f03723dfd6a019a0f8030fea65c7002739a58c65a1dddcfa2cdea,True
MZ_Air,R02,33,cor,set_param,set_param,accepted,5,6,4fc0a8f1458d0f707b0e8ec53f27c0c22c924df5b7bc4c8d88d3098b8f884390,775702dc5695b7638b3dfa765fb8ae55c7c40a96773fdef90c05d4b09a7e0308,True
MZ_Air,R02,33,nor,deterministic_rejection,set_param,rejected,8,8,ee1f0d906491a01af453e07bb8742f4d362e1ebacb55d19d1e2f13d9f264e08a,ee1f0d906491a01af453e07bb8742f4d362e1ebacb55d19d1e2f13d9f264e08a,True
MZ_Air,R02,33,sou,set_param,set_param,accepted,8,9,057c2d2817b7df92a6c2b0adc94ac331c8ff0c32ccb12ba1c0ceed4a38576928,1e8d98bd15b172fcf85ca5a17932498b8b16446decd7763c441a80b6e4f7ecf6,True
MZ_Air,R02,33,eas,set_param,set_param,accepted,8,9,c572156572006e353a22083ffc33e751413b880d153f442b7e94425d9e4cf95b,953f135e2fc2d73c30d5a20ce118aa7a907d9b0800c00e494d7fd77d2a15b9b6,True
MZ_Air,R02,33,wes,set_param,set_param,accepted,10,11,c8736337c83f03723dfd6a019a0f8030fea65c7002739a58c65a1dddcfa2cdea,a5b30a6972d3e99335b58f275651d61c9c76b5020ac60254e4c1538fb1643e60,True
MZ_Air,R02,34,nor,explicit_no_change,no_change,accepted,8,8,ee1f0d906491a01af453e07bb8742f4d362e1ebacb55d19d1e2f13d9f264e08a,ee1f0d906491a01af453e07bb8742f4d362e1ebacb55d19d1e2f13d9f264e08a,True
MZ_Air,R02,34,sou,deterministic_rejection,set_param,rejected,9,9,1e8d98bd15b172fcf85ca5a17932498b8b16446decd7763c441a80b6e4f7ecf6,1e8d98bd15b172fcf85ca5a17932498b8b16446decd7763c441a80b6e4f7ecf6,True
MZ_Air,R02,34,cor,deterministic_rejection,add_rule,rejected,6,6,775702dc5695b7638b3dfa765fb8ae55c7c40a96773fdef90c05d4b09a7e0308,775702dc5695b7638b3dfa765fb8ae55c7c40a96773fdef90c05d4b09a7e0308,True
MZ_Air,R02,34,wes,deterministic_rejection,set_param,rejected,11,11,a5b30a6972d3e99335b58f275651d61c9c76b5020ac60254e4c1538fb1643e60,a5b30a6972d3e99335b58f275651d61c9c76b5020ac60254e4c1538fb1643e60,True
MZ_Air,R02,34,eas,set_param,set_param,accepted,9,10,953f135e2fc2d73c30d5a20ce118aa7a907d9b0800c00e494d7fd77d2a15b9b6,2282675e64579df19c8a4bf75987193667bed1a61b6ca71b4753c806aee04507,True
MZ_Air,R02,35,wes,deterministic_rejection,add_rule,rejected,11,11,a5b30a6972d3e99335b58f275651d61c9c76b5020ac60254e4c1538fb1643e60,a5b30a6972d3e99335b58f275651d61c9c76b5020ac60254e4c1538fb1643e60,True
MZ_Air,R02,35,nor,deterministic_rejection,set_param,rejected,8,8,ee1f0d906491a01af453e07bb8742f4d362e1ebacb55d19d1e2f13d9f264e08a,ee1f0d906491a01af453e07bb8742f4d362e1ebacb55d19d1e2f13d9f264e08a,True
MZ_Air,R02,35,eas,set_param,set_param,accepted,10,11,2282675e64579df19c8a4bf75987193667bed1a61b6ca71b4753c806aee04507,3f50a0f14cd482cfd53f7552df3c7927bbcb7cb70d5a4d5bd9b306f62ceeba48,True
MZ_Air,R02,35,cor,schema_fallback,no_change,model_output_rejected,6,6,775702dc5695b7638b3dfa765fb8ae55c7c40a96773fdef90c05d4b09a7e0308,775702dc5695b7638b3dfa765fb8ae55c7c40a96773fdef90c05d4b09a7e0308,True
MZ_Air,R02,35,sou,deterministic_rejection,add_rule,rejected,9,9,1e8d98bd15b172fcf85ca5a17932498b8b16446decd7763c441a80b6e4f7ecf6,1e8d98bd15b172fcf85ca5a17932498b8b16446decd7763c441a80b6e4f7ecf6,True
MZ_Air,R02,36,wes,set_param,set_param,accepted,11,12,a5b30a6972d3e99335b58f275651d61c9c76b5020ac60254e4c1538fb1643e60,b44089a27e2df9ca826a6f0868de6665c0d492cb88cb37f78e8a0f321d635abf,True
MZ_Air,R02,36,eas,set_param,set_param,accepted,11,12,3f50a0f14cd482cfd53f7552df3c7927bbcb7cb70d5a4d5bd9b306f62ceeba48,2282675e64579df19c8a4bf75987193667bed1a61b6ca71b4753c806aee04507,True
MZ_Air,R02,36,nor,set_param,set_param,accepted,8,9,ee1f0d906491a01af453e07bb8742f4d362e1ebacb55d19d1e2f13d9f264e08a,0f983fe1d89505eb0923a91cd3a64fc337698cfcd88a4f4c268de290e8a221b5,True
MZ_Air,R02,36,sou,deterministic_rejection,set_param,rejected,9,9,1e8d98bd15b172fcf85ca5a17932498b8b16446decd7763c441a80b6e4f7ecf6,1e8d98bd15b172fcf85ca5a17932498b8b16446decd7763c441a80b6e4f7ecf6,True
MZ_Air,R02,36,cor,deterministic_rejection,add_rule,rejected,6,6,775702dc5695b7638b3dfa765fb8ae55c7c40a96773fdef90c05d4b09a7e0308,775702dc5695b7638b3dfa765fb8ae55c7c40a96773fdef90c05d4b09a7e0308,True
MZ_Air,R02,37,cor,schema_fallback,no_change,model_output_rejected,6,6,775702dc5695b7638b3dfa765fb8ae55c7c40a96773fdef90c05d4b09a7e0308,775702dc5695b7638b3dfa765fb8ae55c7c40a96773fdef90c05d4b09a7e0308,True
MZ_Air,R02,37,sou,deterministic_rejection,add_rule,rejected,9,9,1e8d98bd15b172fcf85ca5a17932498b8b16446decd7763c441a80b6e4f7ecf6,1e8d98bd15b172fcf85ca5a17932498b8b16446decd7763c441a80b6e4f7ecf6,True
MZ_Air,R02,37,nor,deterministic_rejection,replace_rule,rejected,9,9,0f983fe1d89505eb0923a91cd3a64fc337698cfcd88a4f4c268de290e8a221b5,0f983fe1d89505eb0923a91cd3a64fc337698cfcd88a4f4c268de290e8a221b5,True
MZ_Air,R02,37,wes,deterministic_rejection,add_rule,rejected,12,12,b44089a27e2df9ca826a6f0868de6665c0d492cb88cb37f78e8a0f321d635abf,b44089a27e2df9ca826a6f0868de6665c0d492cb88cb37f78e8a0f321d635abf,True
MZ_Air,R02,37,eas,deterministic_rejection,replace_rule,rejected,12,12,2282675e64579df19c8a4bf75987193667bed1a61b6ca71b4753c806aee04507,2282675e64579df19c8a4bf75987193667bed1a61b6ca71b4753c806aee04507,True
MZ_Air,R02,38,eas,schema_fallback,no_change,model_output_rejected,12,12,2282675e64579df19c8a4bf75987193667bed1a61b6ca71b4753c806aee04507,2282675e64579df19c8a4bf75987193667bed1a61b6ca71b4753c806aee04507,True
MZ_Air,R02,38,wes,explicit_no_change,no_change,accepted,12,12,b44089a27e2df9ca826a6f0868de6665c0d492cb88cb37f78e8a0f321d635abf,b44089a27e2df9ca826a6f0868de6665c0d492cb88cb37f78e8a0f321d635abf,True
MZ_Air,R02,38,nor,deterministic_rejection,replace_rule,rejected,9,9,0f983fe1d89505eb0923a91cd3a64fc337698cfcd88a4f4c268de290e8a221b5,0f983fe1d89505eb0923a91cd3a64fc337698cfcd88a4f4c268de290e8a221b5,True
MZ_Air,R02,38,sou,deterministic_rejection,set_param,rejected,9,9,1e8d98bd15b172fcf85ca5a17932498b8b16446decd7763c441a80b6e4f7ecf6,1e8d98bd15b172fcf85ca5a17932498b8b16446decd7763c441a80b6e4f7ecf6,True
MZ_Air,R02,38,cor,set_param,set_param,accepted,6,7,775702dc5695b7638b3dfa765fb8ae55c7c40a96773fdef90c05d4b09a7e0308,903b9f3d5093e6681223a04b9d01e66582d668cd92229d8fb3ccc6cf5ec9129c,True
MZ_Air,R02,39,eas,deterministic_rejection,replace_rule,rejected,12,12,2282675e64579df19c8a4bf75987193667bed1a61b6ca71b4753c806aee04507,2282675e64579df19c8a4bf75987193667bed1a61b6ca71b4753c806aee04507,True
MZ_Air,R02,39,wes,deterministic_rejection,add_rule,rejected,12,12,b44089a27e2df9ca826a6f0868de6665c0d492cb88cb37f78e8a0f321d635abf,b44089a27e2df9ca826a6f0868de6665c0d492cb88cb37f78e8a0f321d635abf,True
MZ_Air,R02,39,nor,deterministic_rejection,replace_rule,rejected,9,9,0f983fe1d89505eb0923a91cd3a64fc337698cfcd88a4f4c268de290e8a221b5,0f983fe1d89505eb0923a91cd3a64fc337698cfcd88a4f4c268de290e8a221b5,True
MZ_Air,R02,39,sou,deterministic_rejection,add_rule,rejected,9,9,1e8d98bd15b172fcf85ca5a17932498b8b16446decd7763c441a80b6e4f7ecf6,1e8d98bd15b172fcf85ca5a17932498b8b16446decd7763c441a80b6e4f7ecf6,True
MZ_Air,R02,39,cor,set_param,set_param,accepted,7,8,903b9f3d5093e6681223a04b9d01e66582d668cd92229d8fb3ccc6cf5ec9129c,94b620c9316b4bf53f5f0b0894b75d7310caa770b9122a544f775f705a4a3d5c,True
MZ_Air,R02,40,eas,explicit_no_change,no_change,accepted,12,12,2282675e64579df19c8a4bf75987193667bed1a61b6ca71b4753c806aee04507,2282675e64579df19c8a4bf75987193667bed1a61b6ca71b4753c806aee04507,True
MZ_Air,R02,40,wes,deterministic_rejection,add_rule,rejected,12,12,b44089a27e2df9ca826a6f0868de6665c0d492cb88cb37f78e8a0f321d635abf,b44089a27e2df9ca826a6f0868de6665c0d492cb88cb37f78e8a0f321d635abf,True
MZ_Air,R02,40,nor,deterministic_rejection,add_rule,rejected,9,9,0f983fe1d89505eb0923a91cd3a64fc337698cfcd88a4f4c268de290e8a221b5,0f983fe1d89505eb0923a91cd3a64fc337698cfcd88a4f4c268de290e8a221b5,True
MZ_Air,R02,40,sou,deterministic_rejection,replace_rule,rejected,9,9,1e8d98bd15b172fcf85ca5a17932498b8b16446decd7763c441a80b6e4f7ecf6,1e8d98bd15b172fcf85ca5a17932498b8b16446decd7763c441a80b6e4f7ecf6,True
MZ_Air,R02,40,cor,set_param,set_param,accepted,8,9,94b620c9316b4bf53f5f0b0894b75d7310caa770b9122a544f775f705a4a3d5c,903b9f3d5093e6681223a04b9d01e66582d668cd92229d8fb3ccc6cf5ec9129c,True
MZ_Air,R02,41,eas,deterministic_rejection,replace_rule,rejected,12,12,2282675e64579df19c8a4bf75987193667bed1a61b6ca71b4753c806aee04507,2282675e64579df19c8a4bf75987193667bed1a61b6ca71b4753c806aee04507,True
MZ_Air,R02,41,wes,deterministic_rejection,replace_rule,rejected,12,12,b44089a27e2df9ca826a6f0868de6665c0d492cb88cb37f78e8a0f321d635abf,b44089a27e2df9ca826a6f0868de6665c0d492cb88cb37f78e8a0f321d635abf,True
MZ_Air,R02,41,nor,deterministic_rejection,add_rule,rejected,9,9,0f983fe1d89505eb0923a91cd3a64fc337698cfcd88a4f4c268de290e8a221b5,0f983fe1d89505eb0923a91cd3a64fc337698cfcd88a4f4c268de290e8a221b5,True
MZ_Air,R02,41,cor,set_param,set_param,accepted,9,10,903b9f3d5093e6681223a04b9d01e66582d668cd92229d8fb3ccc6cf5ec9129c,c95cede6b37a6285e628071aad8dbd6649f6eb15fce2551560142961fbee83e3,True
MZ_Air,R02,41,sou,deterministic_rejection,add_rule,rejected,9,9,1e8d98bd15b172fcf85ca5a17932498b8b16446decd7763c441a80b6e4f7ecf6,1e8d98bd15b172fcf85ca5a17932498b8b16446decd7763c441a80b6e4f7ecf6,True
MZ_Air,R02,42,eas,set_param,set_param,accepted,12,13,2282675e64579df19c8a4bf75987193667bed1a61b6ca71b4753c806aee04507,ef34d76650258df79890f7fa9a3a9d2fe42f8d8b37a26f1744f834874278b592,True
MZ_Air,R02,42,nor,schema_fallback,no_change,model_output_rejected,9,9,0f983fe1d89505eb0923a91cd3a64fc337698cfcd88a4f4c268de290e8a221b5,0f983fe1d89505eb0923a91cd3a64fc337698cfcd88a4f4c268de290e8a221b5,True
MZ_Air,R02,42,wes,deterministic_rejection,replace_rule,rejected,12,12,b44089a27e2df9ca826a6f0868de6665c0d492cb88cb37f78e8a0f321d635abf,b44089a27e2df9ca826a6f0868de6665c0d492cb88cb37f78e8a0f321d635abf,True
MZ_Air,R02,42,cor,deterministic_rejection,set_param,rejected,10,10,c95cede6b37a6285e628071aad8dbd6649f6eb15fce2551560142961fbee83e3,c95cede6b37a6285e628071aad8dbd6649f6eb15fce2551560142961fbee83e3,True
MZ_Air,R02,42,sou,deterministic_rejection,replace_rule,rejected,9,9,1e8d98bd15b172fcf85ca5a17932498b8b16446decd7763c441a80b6e4f7ecf6,1e8d98bd15b172fcf85ca5a17932498b8b16446decd7763c441a80b6e4f7ecf6,True
MZ_Air,R02,43,eas,deterministic_rejection,replace_rule,rejected,13,13,ef34d76650258df79890f7fa9a3a9d2fe42f8d8b37a26f1744f834874278b592,ef34d76650258df79890f7fa9a3a9d2fe42f8d8b37a26f1744f834874278b592,True
MZ_Air,R02,43,nor,set_param,set_param,accepted,9,10,0f983fe1d89505eb0923a91cd3a64fc337698cfcd88a4f4c268de290e8a221b5,77f8b0c71815536dff90a2cfb1e0ffb5d4ff60a2e4afb931ecee2e4d08d9bcd8,True
MZ_Air,R02,43,sou,deterministic_rejection,set_param,rejected,9,9,1e8d98bd15b172fcf85ca5a17932498b8b16446decd7763c441a80b6e4f7ecf6,1e8d98bd15b172fcf85ca5a17932498b8b16446decd7763c441a80b6e4f7ecf6,True
MZ_Air,R02,43,wes,deterministic_rejection,replace_rule,rejected,12,12,b44089a27e2df9ca826a6f0868de6665c0d492cb88cb37f78e8a0f321d635abf,b44089a27e2df9ca826a6f0868de6665c0d492cb88cb37f78e8a0f321d635abf,True
MZ_Air,R02,43,cor,explicit_no_change,no_change,accepted,10,10,c95cede6b37a6285e628071aad8dbd6649f6eb15fce2551560142961fbee83e3,c95cede6b37a6285e628071aad8dbd6649f6eb15fce2551560142961fbee83e3,True
MZ_Air,R02,44,cor,explicit_no_change,no_change,accepted,10,10,c95cede6b37a6285e628071aad8dbd6649f6eb15fce2551560142961fbee83e3,c95cede6b37a6285e628071aad8dbd6649f6eb15fce2551560142961fbee83e3,True
MZ_Air,R02,44,nor,set_param,set_param,accepted,10,11,77f8b0c71815536dff90a2cfb1e0ffb5d4ff60a2e4afb931ecee2e4d08d9bcd8,0f983fe1d89505eb0923a91cd3a64fc337698cfcd88a4f4c268de290e8a221b5,True
MZ_Air,R02,44,sou,deterministic_rejection,set_param,rejected,9,9,1e8d98bd15b172fcf85ca5a17932498b8b16446decd7763c441a80b6e4f7ecf6,1e8d98bd15b172fcf85ca5a17932498b8b16446decd7763c441a80b6e4f7ecf6,True
MZ_Air,R02,44,eas,replace_rule,replace_rule,accepted,13,14,ef34d76650258df79890f7fa9a3a9d2fe42f8d8b37a26f1744f834874278b592,7d74f14103353bbf271a6f08b255e698d184a00866c987664ad32badf1e27733,True
MZ_Air,R02,44,wes,deterministic_rejection,replace_rule,rejected,12,12,b44089a27e2df9ca826a6f0868de6665c0d492cb88cb37f78e8a0f321d635abf,b44089a27e2df9ca826a6f0868de6665c0d492cb88cb37f78e8a0f321d635abf,True
MZ_Air,R02,45,cor,explicit_no_change,no_change,accepted,10,10,c95cede6b37a6285e628071aad8dbd6649f6eb15fce2551560142961fbee83e3,c95cede6b37a6285e628071aad8dbd6649f6eb15fce2551560142961fbee83e3,True
MZ_Air,R02,45,nor,deterministic_rejection,set_param,rejected,11,11,0f983fe1d89505eb0923a91cd3a64fc337698cfcd88a4f4c268de290e8a221b5,0f983fe1d89505eb0923a91cd3a64fc337698cfcd88a4f4c268de290e8a221b5,True
MZ_Air,R02,45,sou,explicit_no_change,no_change,accepted,9,9,1e8d98bd15b172fcf85ca5a17932498b8b16446decd7763c441a80b6e4f7ecf6,1e8d98bd15b172fcf85ca5a17932498b8b16446decd7763c441a80b6e4f7ecf6,True
MZ_Air,R02,45,eas,deterministic_rejection,replace_rule,rejected,14,14,7d74f14103353bbf271a6f08b255e698d184a00866c987664ad32badf1e27733,7d74f14103353bbf271a6f08b255e698d184a00866c987664ad32badf1e27733,True
MZ_Air,R02,45,wes,schema_fallback,no_change,model_output_rejected,12,12,b44089a27e2df9ca826a6f0868de6665c0d492cb88cb37f78e8a0f321d635abf,b44089a27e2df9ca826a6f0868de6665c0d492cb88cb37f78e8a0f321d635abf,True
MZ_Air,R02,46,cor,explicit_no_change,no_change,accepted,10,10,c95cede6b37a6285e628071aad8dbd6649f6eb15fce2551560142961fbee83e3,c95cede6b37a6285e628071aad8dbd6649f6eb15fce2551560142961fbee83e3,True
MZ_Air,R02,46,nor,deterministic_rejection,set_param,rejected,11,11,0f983fe1d89505eb0923a91cd3a64fc337698cfcd88a4f4c268de290e8a221b5,0f983fe1d89505eb0923a91cd3a64fc337698cfcd88a4f4c268de290e8a221b5,True
MZ_Air,R02,46,sou,explicit_no_change,no_change,accepted,9,9,1e8d98bd15b172fcf85ca5a17932498b8b16446decd7763c441a80b6e4f7ecf6,1e8d98bd15b172fcf85ca5a17932498b8b16446decd7763c441a80b6e4f7ecf6,True
MZ_Air,R02,46,eas,replace_rule,replace_rule,accepted,14,15,7d74f14103353bbf271a6f08b255e698d184a00866c987664ad32badf1e27733,4c3e7d7fbe0b35c4dc93e6ccd22cfa44af6c8a4dc35db31e0d9c196f9cc786a4,True
MZ_Air,R02,46,wes,explicit_no_change,no_change,accepted,12,12,b44089a27e2df9ca826a6f0868de6665c0d492cb88cb37f78e8a0f321d635abf,b44089a27e2df9ca826a6f0868de6665c0d492cb88cb37f78e8a0f321d635abf,True
MZ_Air,R02,47,cor,explicit_no_change,no_change,accepted,10,10,c95cede6b37a6285e628071aad8dbd6649f6eb15fce2551560142961fbee83e3,c95cede6b37a6285e628071aad8dbd6649f6eb15fce2551560142961fbee83e3,True
MZ_Air,R02,47,eas,replace_rule,replace_rule,accepted,15,16,4c3e7d7fbe0b35c4dc93e6ccd22cfa44af6c8a4dc35db31e0d9c196f9cc786a4,74ff8d1adeff43aeeea09564412a4ebed7625ef02a5624a9823567b64f1b91f9,True
MZ_Air,R02,47,nor,set_param,set_param,accepted,11,12,0f983fe1d89505eb0923a91cd3a64fc337698cfcd88a4f4c268de290e8a221b5,020f761f70493549d7c9f6fbbb530604381670133f646933db1057c173fe3b51,True
MZ_Air,R02,47,sou,explicit_no_change,no_change,accepted,9,9,1e8d98bd15b172fcf85ca5a17932498b8b16446decd7763c441a80b6e4f7ecf6,1e8d98bd15b172fcf85ca5a17932498b8b16446decd7763c441a80b6e4f7ecf6,True
MZ_Air,R02,47,wes,explicit_no_change,no_change,accepted,12,12,b44089a27e2df9ca826a6f0868de6665c0d492cb88cb37f78e8a0f321d635abf,b44089a27e2df9ca826a6f0868de6665c0d492cb88cb37f78e8a0f321d635abf,True
MZ_Air,R02,48,eas,replace_rule,replace_rule,accepted,16,17,74ff8d1adeff43aeeea09564412a4ebed7625ef02a5624a9823567b64f1b91f9,033d1126d395c2917b7c73c0b9de28071d38e9209ee3ab1a5bdcbc0b0cb3ca8c,True
MZ_Air,R02,48,cor,explicit_no_change,no_change,accepted,10,10,c95cede6b37a6285e628071aad8dbd6649f6eb15fce2551560142961fbee83e3,c95cede6b37a6285e628071aad8dbd6649f6eb15fce2551560142961fbee83e3,True
MZ_Air,R02,48,nor,set_param,set_param,accepted,12,13,020f761f70493549d7c9f6fbbb530604381670133f646933db1057c173fe3b51,fdcf1e1b12e79fc1804a0e5d7bb390412a8420b97087e504595b3b3e5f19fc08,True
MZ_Air,R02,48,sou,add_rule,add_rule,accepted,9,10,1e8d98bd15b172fcf85ca5a17932498b8b16446decd7763c441a80b6e4f7ecf6,c497565da4699068b2d98f59e64a82de10d778b448f10df9682d46f8995fcbc3,True
MZ_Air,R02,48,wes,explicit_no_change,no_change,accepted,12,12,b44089a27e2df9ca826a6f0868de6665c0d492cb88cb37f78e8a0f321d635abf,b44089a27e2df9ca826a6f0868de6665c0d492cb88cb37f78e8a0f321d635abf,True
MZ_Air,R02,49,cor,explicit_no_change,no_change,accepted,10,10,c95cede6b37a6285e628071aad8dbd6649f6eb15fce2551560142961fbee83e3,c95cede6b37a6285e628071aad8dbd6649f6eb15fce2551560142961fbee83e3,True
MZ_Air,R02,49,wes,explicit_no_change,no_change,accepted,12,12,b44089a27e2df9ca826a6f0868de6665c0d492cb88cb37f78e8a0f321d635abf,b44089a27e2df9ca826a6f0868de6665c0d492cb88cb37f78e8a0f321d635abf,True
MZ_Air,R02,49,nor,set_param,set_param,accepted,13,14,fdcf1e1b12e79fc1804a0e5d7bb390412a8420b97087e504595b3b3e5f19fc08,0f983fe1d89505eb0923a91cd3a64fc337698cfcd88a4f4c268de290e8a221b5,True
MZ_Air,R02,49,sou,explicit_no_change,no_change,accepted,10,10,c497565da4699068b2d98f59e64a82de10d778b448f10df9682d46f8995fcbc3,c497565da4699068b2d98f59e64a82de10d778b448f10df9682d46f8995fcbc3,True
MZ_Air,R02,49,eas,replace_rule,replace_rule,accepted,17,18,033d1126d395c2917b7c73c0b9de28071d38e9209ee3ab1a5bdcbc0b0cb3ca8c,cd1bc814ac1a4794023c073f298b2fb1c743383e0feecac57503ed6341db1cc5,True
MZ_Air,R02,50,wes,replace_rule,replace_rule,accepted,12,13,b44089a27e2df9ca826a6f0868de6665c0d492cb88cb37f78e8a0f321d635abf,f4a539c99942b71d05697fad5d3a386a384cb8c4fc2def4a34f84264f64fabf1,True
MZ_Air,R02,50,eas,replace_rule,replace_rule,accepted,18,19,cd1bc814ac1a4794023c073f298b2fb1c743383e0feecac57503ed6341db1cc5,add2a935a134d3cd67ecb35eb64a26be6fb03f2fc659777648e153d81d70925e,True
MZ_Air,R02,50,sou,replace_rule,replace_rule,accepted,10,11,c497565da4699068b2d98f59e64a82de10d778b448f10df9682d46f8995fcbc3,84a9c420177c52c421620ae8e1ef4c928de9b4b5c68a5fb44df00dcdb0e97b3d,True
MZ_Air,R02,50,cor,add_rule,add_rule,accepted,10,11,c95cede6b37a6285e628071aad8dbd6649f6eb15fce2551560142961fbee83e3,35ac07a9507d990df82c7e447761b6a66a06c698cd0f3dde0855b90f92e35549,True
MZ_Air,R02,50,nor,deterministic_rejection,set_param,rejected,14,14,0f983fe1d89505eb0923a91cd3a64fc337698cfcd88a4f4c268de290e8a221b5,0f983fe1d89505eb0923a91cd3a64fc337698cfcd88a4f4c268de290e8a221b5,True
MZ_Air,R02,51,eas,replace_rule,replace_rule,accepted,19,20,add2a935a134d3cd67ecb35eb64a26be6fb03f2fc659777648e153d81d70925e,438b00447ec5ef0605d1eada388e14d8d0c24699094ac0c11ad30dfbef94115e,True
MZ_Air,R02,51,sou,explicit_no_change,no_change,accepted,11,11,84a9c420177c52c421620ae8e1ef4c928de9b4b5c68a5fb44df00dcdb0e97b3d,84a9c420177c52c421620ae8e1ef4c928de9b4b5c68a5fb44df00dcdb0e97b3d,True
MZ_Air,R02,51,cor,explicit_no_change,no_change,accepted,11,11,35ac07a9507d990df82c7e447761b6a66a06c698cd0f3dde0855b90f92e35549,35ac07a9507d990df82c7e447761b6a66a06c698cd0f3dde0855b90f92e35549,True
MZ_Air,R02,51,nor,deterministic_rejection,set_param,rejected,14,14,0f983fe1d89505eb0923a91cd3a64fc337698cfcd88a4f4c268de290e8a221b5,0f983fe1d89505eb0923a91cd3a64fc337698cfcd88a4f4c268de290e8a221b5,True
MZ_Air,R02,51,wes,explicit_no_change,no_change,accepted,13,13,f4a539c99942b71d05697fad5d3a386a384cb8c4fc2def4a34f84264f64fabf1,f4a539c99942b71d05697fad5d3a386a384cb8c4fc2def4a34f84264f64fabf1,True
MZ_Air,R02,52,eas,explicit_no_change,no_change,accepted,20,20,438b00447ec5ef0605d1eada388e14d8d0c24699094ac0c11ad30dfbef94115e,438b00447ec5ef0605d1eada388e14d8d0c24699094ac0c11ad30dfbef94115e,True
MZ_Air,R02,52,sou,explicit_no_change,no_change,accepted,11,11,84a9c420177c52c421620ae8e1ef4c928de9b4b5c68a5fb44df00dcdb0e97b3d,84a9c420177c52c421620ae8e1ef4c928de9b4b5c68a5fb44df00dcdb0e97b3d,True
MZ_Air,R02,52,cor,explicit_no_change,no_change,accepted,11,11,35ac07a9507d990df82c7e447761b6a66a06c698cd0f3dde0855b90f92e35549,35ac07a9507d990df82c7e447761b6a66a06c698cd0f3dde0855b90f92e35549,True
MZ_Air,R02,52,nor,deterministic_rejection,set_param,rejected,14,14,0f983fe1d89505eb0923a91cd3a64fc337698cfcd88a4f4c268de290e8a221b5,0f983fe1d89505eb0923a91cd3a64fc337698cfcd88a4f4c268de290e8a221b5,True
MZ_Air,R02,52,wes,explicit_no_change,no_change,accepted,13,13,f4a539c99942b71d05697fad5d3a386a384cb8c4fc2def4a34f84264f64fabf1,f4a539c99942b71d05697fad5d3a386a384cb8c4fc2def4a34f84264f64fabf1,True
MZ_Air,R02,53,wes,explicit_no_change,no_change,accepted,13,13,f4a539c99942b71d05697fad5d3a386a384cb8c4fc2def4a34f84264f64fabf1,f4a539c99942b71d05697fad5d3a386a384cb8c4fc2def4a34f84264f64fabf1,True
MZ_Air,R02,53,cor,explicit_no_change,no_change,accepted,11,11,35ac07a9507d990df82c7e447761b6a66a06c698cd0f3dde0855b90f92e35549,35ac07a9507d990df82c7e447761b6a66a06c698cd0f3dde0855b90f92e35549,True
MZ_Air,R02,53,nor,deterministic_rejection,set_param,rejected,14,14,0f983fe1d89505eb0923a91cd3a64fc337698cfcd88a4f4c268de290e8a221b5,0f983fe1d89505eb0923a91cd3a64fc337698cfcd88a4f4c268de290e8a221b5,True
MZ_Air,R02,53,sou,explicit_no_change,no_change,accepted,11,11,84a9c420177c52c421620ae8e1ef4c928de9b4b5c68a5fb44df00dcdb0e97b3d,84a9c420177c52c421620ae8e1ef4c928de9b4b5c68a5fb44df00dcdb0e97b3d,True
MZ_Air,R02,53,eas,explicit_no_change,no_change,accepted,20,20,438b00447ec5ef0605d1eada388e14d8d0c24699094ac0c11ad30dfbef94115e,438b00447ec5ef0605d1eada388e14d8d0c24699094ac0c11ad30dfbef94115e,True
MZ_Air,R02,54,cor,set_param,set_param,accepted,11,12,35ac07a9507d990df82c7e447761b6a66a06c698cd0f3dde0855b90f92e35549,2e23648da7a623ff630e590bab7f28c95c2d1c06d8a87043e68256ce473bb0fd,True
MZ_Air,R02,54,nor,deterministic_rejection,replace_rule,rejected,14,14,0f983fe1d89505eb0923a91cd3a64fc337698cfcd88a4f4c268de290e8a221b5,0f983fe1d89505eb0923a91cd3a64fc337698cfcd88a4f4c268de290e8a221b5,True
MZ_Air,R02,54,sou,explicit_no_change,no_change,accepted,11,11,84a9c420177c52c421620ae8e1ef4c928de9b4b5c68a5fb44df00dcdb0e97b3d,84a9c420177c52c421620ae8e1ef4c928de9b4b5c68a5fb44df00dcdb0e97b3d,True
MZ_Air,R02,54,eas,explicit_no_change,no_change,accepted,20,20,438b00447ec5ef0605d1eada388e14d8d0c24699094ac0c11ad30dfbef94115e,438b00447ec5ef0605d1eada388e14d8d0c24699094ac0c11ad30dfbef94115e,True
MZ_Air,R02,54,wes,replace_rule,replace_rule,accepted,13,14,f4a539c99942b71d05697fad5d3a386a384cb8c4fc2def4a34f84264f64fabf1,b44089a27e2df9ca826a6f0868de6665c0d492cb88cb37f78e8a0f321d635abf,True
MZ_Air,R02,55,cor,add_rule,add_rule,accepted,12,13,2e23648da7a623ff630e590bab7f28c95c2d1c06d8a87043e68256ce473bb0fd,a5446124e1363b9daf17a29e2f3b06be5184d0d05625bdc26f7724975d8a861a,True
MZ_Air,R02,55,nor,explicit_no_change,no_change,accepted,14,14,0f983fe1d89505eb0923a91cd3a64fc337698cfcd88a4f4c268de290e8a221b5,0f983fe1d89505eb0923a91cd3a64fc337698cfcd88a4f4c268de290e8a221b5,True
MZ_Air,R02,55,sou,move_rule,move_rule,accepted,11,12,84a9c420177c52c421620ae8e1ef4c928de9b4b5c68a5fb44df00dcdb0e97b3d,f922880493781ad0f8cd413b88030607cd24b3eb167a5b1d37afcddea692794b,True
MZ_Air,R02,55,eas,remove_rule,remove_rule,accepted,20,21,438b00447ec5ef0605d1eada388e14d8d0c24699094ac0c11ad30dfbef94115e,0660f95073ee8cb3d0f848e6391548e3f6715d6f74d5bccef59aab857bf5d157,True
MZ_Air,R02,55,wes,explicit_no_change,no_change,accepted,14,14,b44089a27e2df9ca826a6f0868de6665c0d492cb88cb37f78e8a0f321d635abf,b44089a27e2df9ca826a6f0868de6665c0d492cb88cb37f78e8a0f321d635abf,True
MZ_Air,R02,56,cor,set_param,set_param,accepted,13,14,a5446124e1363b9daf17a29e2f3b06be5184d0d05625bdc26f7724975d8a861a,68184106a99521c12f1918b01ccf2f288c5dd0e4389cfe4b71a482ab85ff80ff,True
MZ_Air,R02,56,nor,remove_rule,remove_rule,accepted,14,15,0f983fe1d89505eb0923a91cd3a64fc337698cfcd88a4f4c268de290e8a221b5,4fc0a8f1458d0f707b0e8ec53f27c0c22c924df5b7bc4c8d88d3098b8f884390,True
MZ_Air,R02,56,sou,explicit_no_change,no_change,accepted,12,12,f922880493781ad0f8cd413b88030607cd24b3eb167a5b1d37afcddea692794b,f922880493781ad0f8cd413b88030607cd24b3eb167a5b1d37afcddea692794b,True
MZ_Air,R02,56,eas,explicit_no_change,no_change,accepted,21,21,0660f95073ee8cb3d0f848e6391548e3f6715d6f74d5bccef59aab857bf5d157,0660f95073ee8cb3d0f848e6391548e3f6715d6f74d5bccef59aab857bf5d157,True
MZ_Air,R02,56,wes,explicit_no_change,no_change,accepted,14,14,b44089a27e2df9ca826a6f0868de6665c0d492cb88cb37f78e8a0f321d635abf,b44089a27e2df9ca826a6f0868de6665c0d492cb88cb37f78e8a0f321d635abf,True
MZ_Air,R02,57,cor,set_param,set_param,accepted,14,15,68184106a99521c12f1918b01ccf2f288c5dd0e4389cfe4b71a482ab85ff80ff,547440f8e3d0e8546bf5d1491d5d6acba5236d791c445c2c0587259a6b3dbdb0,True
MZ_Air,R02,57,eas,set_param,set_param,accepted,21,22,0660f95073ee8cb3d0f848e6391548e3f6715d6f74d5bccef59aab857bf5d157,ded7032dd6b4835c94843bf56019459b54c045724223b202bc36c0610d183a51,True
MZ_Air,R02,57,sou,schema_fallback,no_change,model_output_rejected,12,12,f922880493781ad0f8cd413b88030607cd24b3eb167a5b1d37afcddea692794b,f922880493781ad0f8cd413b88030607cd24b3eb167a5b1d37afcddea692794b,True
MZ_Air,R02,57,wes,set_param,set_param,accepted,14,15,b44089a27e2df9ca826a6f0868de6665c0d492cb88cb37f78e8a0f321d635abf,903b9f3d5093e6681223a04b9d01e66582d668cd92229d8fb3ccc6cf5ec9129c,True
MZ_Air,R02,57,nor,set_param,set_param,accepted,15,16,4fc0a8f1458d0f707b0e8ec53f27c0c22c924df5b7bc4c8d88d3098b8f884390,c95cede6b37a6285e628071aad8dbd6649f6eb15fce2551560142961fbee83e3,True
MZ_Air,R02,58,cor,set_param,set_param,accepted,15,16,547440f8e3d0e8546bf5d1491d5d6acba5236d791c445c2c0587259a6b3dbdb0,68184106a99521c12f1918b01ccf2f288c5dd0e4389cfe4b71a482ab85ff80ff,True
MZ_Air,R02,58,eas,set_param,set_param,accepted,22,23,ded7032dd6b4835c94843bf56019459b54c045724223b202bc36c0610d183a51,13c626927c2046a9cca572c1c68be836485e97b6b191ad6dd41db6b24d654c1c,True
MZ_Air,R02,58,sou,deterministic_rejection,set_param,rejected,12,12,f922880493781ad0f8cd413b88030607cd24b3eb167a5b1d37afcddea692794b,f922880493781ad0f8cd413b88030607cd24b3eb167a5b1d37afcddea692794b,True
MZ_Air,R02,58,wes,explicit_no_change,no_change,accepted,15,15,903b9f3d5093e6681223a04b9d01e66582d668cd92229d8fb3ccc6cf5ec9129c,903b9f3d5093e6681223a04b9d01e66582d668cd92229d8fb3ccc6cf5ec9129c,True
MZ_Air,R02,58,nor,set_param,set_param,accepted,16,17,c95cede6b37a6285e628071aad8dbd6649f6eb15fce2551560142961fbee83e3,903b9f3d5093e6681223a04b9d01e66582d668cd92229d8fb3ccc6cf5ec9129c,True
MZ_Air,R02,59,nor,deterministic_rejection,add_rule,rejected,17,17,903b9f3d5093e6681223a04b9d01e66582d668cd92229d8fb3ccc6cf5ec9129c,903b9f3d5093e6681223a04b9d01e66582d668cd92229d8fb3ccc6cf5ec9129c,True
MZ_Air,R02,59,sou,deterministic_rejection,replace_rule,rejected,12,12,f922880493781ad0f8cd413b88030607cd24b3eb167a5b1d37afcddea692794b,f922880493781ad0f8cd413b88030607cd24b3eb167a5b1d37afcddea692794b,True
MZ_Air,R02,59,wes,deterministic_rejection,add_rule,rejected,15,15,903b9f3d5093e6681223a04b9d01e66582d668cd92229d8fb3ccc6cf5ec9129c,903b9f3d5093e6681223a04b9d01e66582d668cd92229d8fb3ccc6cf5ec9129c,True
MZ_Air,R02,59,eas,explicit_no_change,no_change,accepted,23,23,13c626927c2046a9cca572c1c68be836485e97b6b191ad6dd41db6b24d654c1c,13c626927c2046a9cca572c1c68be836485e97b6b191ad6dd41db6b24d654c1c,True
MZ_Air,R02,59,cor,set_param,set_param,accepted,16,17,68184106a99521c12f1918b01ccf2f288c5dd0e4389cfe4b71a482ab85ff80ff,d0c5c23bd15c6dce8382350a225f34ea13e762517e98a73c7f628c4996487671,True
MZ_Air,R02,60,nor,schema_fallback,no_change,model_output_rejected,17,17,903b9f3d5093e6681223a04b9d01e66582d668cd92229d8fb3ccc6cf5ec9129c,903b9f3d5093e6681223a04b9d01e66582d668cd92229d8fb3ccc6cf5ec9129c,True
MZ_Air,R02,60,wes,schema_fallback,no_change,model_output_rejected,15,15,903b9f3d5093e6681223a04b9d01e66582d668cd92229d8fb3ccc6cf5ec9129c,903b9f3d5093e6681223a04b9d01e66582d668cd92229d8fb3ccc6cf5ec9129c,True
MZ_Air,R02,60,sou,deterministic_rejection,replace_rule,rejected,12,12,f922880493781ad0f8cd413b88030607cd24b3eb167a5b1d37afcddea692794b,f922880493781ad0f8cd413b88030607cd24b3eb167a5b1d37afcddea692794b,True
MZ_Air,R02,60,cor,deterministic_rejection,replace_rule,rejected,17,17,d0c5c23bd15c6dce8382350a225f34ea13e762517e98a73c7f628c4996487671,d0c5c23bd15c6dce8382350a225f34ea13e762517e98a73c7f628c4996487671,True
MZ_Air,R02,60,eas,set_param,set_param,accepted,23,24,13c626927c2046a9cca572c1c68be836485e97b6b191ad6dd41db6b24d654c1c,ab0b0a74ff10c697a319b29bbee3b9be0a4a068040c8ab5d0ce9afa141ce164d,True
MZ_Air,R02,61,eas,move_rule,move_rule,accepted,24,25,ab0b0a74ff10c697a319b29bbee3b9be0a4a068040c8ab5d0ce9afa141ce164d,dec3dc1caa5850141c4ae2afeba1bb2029408dabb80d36a618b3014783d9a3cf,True
MZ_Air,R02,61,cor,schema_fallback,no_change,model_output_rejected,17,17,d0c5c23bd15c6dce8382350a225f34ea13e762517e98a73c7f628c4996487671,d0c5c23bd15c6dce8382350a225f34ea13e762517e98a73c7f628c4996487671,True
MZ_Air,R02,61,nor,deterministic_rejection,add_rule,rejected,17,17,903b9f3d5093e6681223a04b9d01e66582d668cd92229d8fb3ccc6cf5ec9129c,903b9f3d5093e6681223a04b9d01e66582d668cd92229d8fb3ccc6cf5ec9129c,True
MZ_Air,R02,61,sou,deterministic_rejection,set_param,rejected,12,12,f922880493781ad0f8cd413b88030607cd24b3eb167a5b1d37afcddea692794b,f922880493781ad0f8cd413b88030607cd24b3eb167a5b1d37afcddea692794b,True
MZ_Air,R02,61,wes,deterministic_rejection,add_rule,rejected,15,15,903b9f3d5093e6681223a04b9d01e66582d668cd92229d8fb3ccc6cf5ec9129c,903b9f3d5093e6681223a04b9d01e66582d668cd92229d8fb3ccc6cf5ec9129c,True
MZ_Air,R02,62,eas,move_rule,move_rule,accepted,25,26,dec3dc1caa5850141c4ae2afeba1bb2029408dabb80d36a618b3014783d9a3cf,ab0b0a74ff10c697a319b29bbee3b9be0a4a068040c8ab5d0ce9afa141ce164d,True
MZ_Air,R02,62,cor,set_param,set_param,accepted,17,18,d0c5c23bd15c6dce8382350a225f34ea13e762517e98a73c7f628c4996487671,a5446124e1363b9daf17a29e2f3b06be5184d0d05625bdc26f7724975d8a861a,True
MZ_Air,R02,62,nor,schema_fallback,no_change,model_output_rejected,17,17,903b9f3d5093e6681223a04b9d01e66582d668cd92229d8fb3ccc6cf5ec9129c,903b9f3d5093e6681223a04b9d01e66582d668cd92229d8fb3ccc6cf5ec9129c,True
MZ_Air,R02,62,sou,schema_fallback,no_change,model_output_rejected,12,12,f922880493781ad0f8cd413b88030607cd24b3eb167a5b1d37afcddea692794b,f922880493781ad0f8cd413b88030607cd24b3eb167a5b1d37afcddea692794b,True
MZ_Air,R02,62,wes,set_param,set_param,accepted,15,16,903b9f3d5093e6681223a04b9d01e66582d668cd92229d8fb3ccc6cf5ec9129c,c95cede6b37a6285e628071aad8dbd6649f6eb15fce2551560142961fbee83e3,True
MZ_Air,R02,63,cor,deterministic_rejection,replace_rule,rejected,18,18,a5446124e1363b9daf17a29e2f3b06be5184d0d05625bdc26f7724975d8a861a,a5446124e1363b9daf17a29e2f3b06be5184d0d05625bdc26f7724975d8a861a,True
MZ_Air,R02,63,wes,deterministic_rejection,set_param,rejected,16,16,c95cede6b37a6285e628071aad8dbd6649f6eb15fce2551560142961fbee83e3,c95cede6b37a6285e628071aad8dbd6649f6eb15fce2551560142961fbee83e3,True
MZ_Air,R02,63,eas,set_param,set_param,accepted,26,27,ab0b0a74ff10c697a319b29bbee3b9be0a4a068040c8ab5d0ce9afa141ce164d,8ae979bc46b12aca11744dcc79f01d506be1856c8cacfa238b3fe9e44b7cb592,True
MZ_Air,R02,63,nor,deterministic_rejection,add_rule,rejected,17,17,903b9f3d5093e6681223a04b9d01e66582d668cd92229d8fb3ccc6cf5ec9129c,903b9f3d5093e6681223a04b9d01e66582d668cd92229d8fb3ccc6cf5ec9129c,True
MZ_Air,R02,63,sou,deterministic_rejection,replace_rule,rejected,12,12,f922880493781ad0f8cd413b88030607cd24b3eb167a5b1d37afcddea692794b,f922880493781ad0f8cd413b88030607cd24b3eb167a5b1d37afcddea692794b,True
MZ_Air,R02,64,nor,set_param,set_param,accepted,17,18,903b9f3d5093e6681223a04b9d01e66582d668cd92229d8fb3ccc6cf5ec9129c,c95cede6b37a6285e628071aad8dbd6649f6eb15fce2551560142961fbee83e3,True
MZ_Air,R02,64,sou,schema_fallback,no_change,model_output_rejected,12,12,f922880493781ad0f8cd413b88030607cd24b3eb167a5b1d37afcddea692794b,f922880493781ad0f8cd413b88030607cd24b3eb167a5b1d37afcddea692794b,True
MZ_Air,R02,64,wes,add_rule,add_rule,accepted,16,17,c95cede6b37a6285e628071aad8dbd6649f6eb15fce2551560142961fbee83e3,4b4cc51e724166ec28e686fb74620f382dd10f5548e2ebf3a8a47619a6023659,True
MZ_Air,R02,64,cor,explicit_no_change,no_change,accepted,18,18,a5446124e1363b9daf17a29e2f3b06be5184d0d05625bdc26f7724975d8a861a,a5446124e1363b9daf17a29e2f3b06be5184d0d05625bdc26f7724975d8a861a,True
MZ_Air,R02,64,eas,set_param,set_param,accepted,27,28,8ae979bc46b12aca11744dcc79f01d506be1856c8cacfa238b3fe9e44b7cb592,dee3eb728a654b744880ac010c61d931f4277e4b2d9f5dc11cee439aa98d2c81,True
MZ_Air,R02,65,nor,deterministic_rejection,add_rule,rejected,18,18,c95cede6b37a6285e628071aad8dbd6649f6eb15fce2551560142961fbee83e3,c95cede6b37a6285e628071aad8dbd6649f6eb15fce2551560142961fbee83e3,True
MZ_Air,R02,65,sou,deterministic_rejection,set_param,rejected,12,12,f922880493781ad0f8cd413b88030607cd24b3eb167a5b1d37afcddea692794b,f922880493781ad0f8cd413b88030607cd24b3eb167a5b1d37afcddea692794b,True
MZ_Air,R02,65,cor,deterministic_rejection,replace_rule,rejected,18,18,a5446124e1363b9daf17a29e2f3b06be5184d0d05625bdc26f7724975d8a861a,a5446124e1363b9daf17a29e2f3b06be5184d0d05625bdc26f7724975d8a861a,True
MZ_Air,R02,65,eas,deterministic_rejection,replace_rule,rejected,28,28,dee3eb728a654b744880ac010c61d931f4277e4b2d9f5dc11cee439aa98d2c81,dee3eb728a654b744880ac010c61d931f4277e4b2d9f5dc11cee439aa98d2c81,True
MZ_Air,R02,65,wes,remove_rule,remove_rule,accepted,17,18,4b4cc51e724166ec28e686fb74620f382dd10f5548e2ebf3a8a47619a6023659,c95cede6b37a6285e628071aad8dbd6649f6eb15fce2551560142961fbee83e3,True
MZ_Air,R02,66,cor,explicit_no_change,no_change,accepted,18,18,a5446124e1363b9daf17a29e2f3b06be5184d0d05625bdc26f7724975d8a861a,a5446124e1363b9daf17a29e2f3b06be5184d0d05625bdc26f7724975d8a861a,True
MZ_Air,R02,66,eas,deterministic_rejection,add_rule,rejected,28,28,dee3eb728a654b744880ac010c61d931f4277e4b2d9f5dc11cee439aa98d2c81,dee3eb728a654b744880ac010c61d931f4277e4b2d9f5dc11cee439aa98d2c81,True
MZ_Air,R02,66,wes,deterministic_rejection,set_param,rejected,18,18,c95cede6b37a6285e628071aad8dbd6649f6eb15fce2551560142961fbee83e3,c95cede6b37a6285e628071aad8dbd6649f6eb15fce2551560142961fbee83e3,True
MZ_Air,R02,66,nor,schema_fallback,no_change,model_output_rejected,18,18,c95cede6b37a6285e628071aad8dbd6649f6eb15fce2551560142961fbee83e3,c95cede6b37a6285e628071aad8dbd6649f6eb15fce2551560142961fbee83e3,True
MZ_Air,R02,66,sou,replace_rule,replace_rule,accepted,12,13,f922880493781ad0f8cd413b88030607cd24b3eb167a5b1d37afcddea692794b,e931aee0b065ce1e11b31ec5e4902d3edb3b14232620a22891b2a41735ea7d06,True
MZ_Air,R02,67,wes,explicit_no_change,no_change,accepted,18,18,c95cede6b37a6285e628071aad8dbd6649f6eb15fce2551560142961fbee83e3,c95cede6b37a6285e628071aad8dbd6649f6eb15fce2551560142961fbee83e3,True
MZ_Air,R02,67,nor,deterministic_rejection,replace_rule,rejected,18,18,c95cede6b37a6285e628071aad8dbd6649f6eb15fce2551560142961fbee83e3,c95cede6b37a6285e628071aad8dbd6649f6eb15fce2551560142961fbee83e3,True
MZ_Air,R02,67,eas,set_param,set_param,accepted,28,29,dee3eb728a654b744880ac010c61d931f4277e4b2d9f5dc11cee439aa98d2c81,13c626927c2046a9cca572c1c68be836485e97b6b191ad6dd41db6b24d654c1c,True
MZ_Air,R02,67,cor,set_param,set_param,accepted,18,19,a5446124e1363b9daf17a29e2f3b06be5184d0d05625bdc26f7724975d8a861a,806833afb3b2d652a72dd57b374f2babc4cf9682a73f7f77b551b982f53786c2,True
MZ_Air,R02,67,sou,remove_rule,remove_rule,accepted,13,14,e931aee0b065ce1e11b31ec5e4902d3edb3b14232620a22891b2a41735ea7d06,b722ac4385c82dff38140653769836ea14b91cf1fe850364ac7f4e3326e860bb,True
MZ_Air,R02,68,cor,deterministic_rejection,set_param,rejected,19,19,806833afb3b2d652a72dd57b374f2babc4cf9682a73f7f77b551b982f53786c2,806833afb3b2d652a72dd57b374f2babc4cf9682a73f7f77b551b982f53786c2,True
MZ_Air,R02,68,wes,explicit_no_change,no_change,accepted,18,18,c95cede6b37a6285e628071aad8dbd6649f6eb15fce2551560142961fbee83e3,c95cede6b37a6285e628071aad8dbd6649f6eb15fce2551560142961fbee83e3,True
MZ_Air,R02,68,nor,replace_rule,replace_rule,accepted,18,19,c95cede6b37a6285e628071aad8dbd6649f6eb15fce2551560142961fbee83e3,96dc6cad6a85b535fd09866f62a74441854034c17a0b545b9bf0feba0b0b4c90,True
MZ_Air,R02,68,sou,explicit_no_change,no_change,accepted,14,14,b722ac4385c82dff38140653769836ea14b91cf1fe850364ac7f4e3326e860bb,b722ac4385c82dff38140653769836ea14b91cf1fe850364ac7f4e3326e860bb,True
MZ_Air,R02,68,eas,deterministic_rejection,add_rule,rejected,29,29,13c626927c2046a9cca572c1c68be836485e97b6b191ad6dd41db6b24d654c1c,13c626927c2046a9cca572c1c68be836485e97b6b191ad6dd41db6b24d654c1c,True
MZ_Air,R02,69,nor,replace_rule,replace_rule,accepted,19,20,96dc6cad6a85b535fd09866f62a74441854034c17a0b545b9bf0feba0b0b4c90,3d0ac101d50754abb3c1bf42585ea9202650079807e476ecb36a92e48a25f8d8,True
MZ_Air,R02,69,cor,deterministic_rejection,set_param,rejected,19,19,806833afb3b2d652a72dd57b374f2babc4cf9682a73f7f77b551b982f53786c2,806833afb3b2d652a72dd57b374f2babc4cf9682a73f7f77b551b982f53786c2,True
MZ_Air,R02,69,eas,deterministic_rejection,add_rule,rejected,29,29,13c626927c2046a9cca572c1c68be836485e97b6b191ad6dd41db6b24d654c1c,13c626927c2046a9cca572c1c68be836485e97b6b191ad6dd41db6b24d654c1c,True
MZ_Air,R02,69,sou,explicit_no_change,no_change,accepted,14,14,b722ac4385c82dff38140653769836ea14b91cf1fe850364ac7f4e3326e860bb,b722ac4385c82dff38140653769836ea14b91cf1fe850364ac7f4e3326e860bb,True
MZ_Air,R02,69,wes,explicit_no_change,no_change,accepted,18,18,c95cede6b37a6285e628071aad8dbd6649f6eb15fce2551560142961fbee83e3,c95cede6b37a6285e628071aad8dbd6649f6eb15fce2551560142961fbee83e3,True
MZ_Air,R02,70,nor,explicit_no_change,no_change,accepted,20,20,3d0ac101d50754abb3c1bf42585ea9202650079807e476ecb36a92e48a25f8d8,3d0ac101d50754abb3c1bf42585ea9202650079807e476ecb36a92e48a25f8d8,True
MZ_Air,R02,70,cor,deterministic_rejection,set_param,rejected,19,19,806833afb3b2d652a72dd57b374f2babc4cf9682a73f7f77b551b982f53786c2,806833afb3b2d652a72dd57b374f2babc4cf9682a73f7f77b551b982f53786c2,True
MZ_Air,R02,70,eas,explicit_no_change,no_change,accepted,29,29,13c626927c2046a9cca572c1c68be836485e97b6b191ad6dd41db6b24d654c1c,13c626927c2046a9cca572c1c68be836485e97b6b191ad6dd41db6b24d654c1c,True
MZ_Air,R02,70,sou,explicit_no_change,no_change,accepted,14,14,b722ac4385c82dff38140653769836ea14b91cf1fe850364ac7f4e3326e860bb,b722ac4385c82dff38140653769836ea14b91cf1fe850364ac7f4e3326e860bb,True
MZ_Air,R02,70,wes,explicit_no_change,no_change,accepted,18,18,c95cede6b37a6285e628071aad8dbd6649f6eb15fce2551560142961fbee83e3,c95cede6b37a6285e628071aad8dbd6649f6eb15fce2551560142961fbee83e3,True
MZ_Air,R02,71,nor,explicit_no_change,no_change,accepted,20,20,3d0ac101d50754abb3c1bf42585ea9202650079807e476ecb36a92e48a25f8d8,3d0ac101d50754abb3c1bf42585ea9202650079807e476ecb36a92e48a25f8d8,True
MZ_Air,R02,71,cor,explicit_no_change,no_change,accepted,19,19,806833afb3b2d652a72dd57b374f2babc4cf9682a73f7f77b551b982f53786c2,806833afb3b2d652a72dd57b374f2babc4cf9682a73f7f77b551b982f53786c2,True
MZ_Air,R02,71,eas,explicit_no_change,no_change,accepted,29,29,13c626927c2046a9cca572c1c68be836485e97b6b191ad6dd41db6b24d654c1c,13c626927c2046a9cca572c1c68be836485e97b6b191ad6dd41db6b24d654c1c,True
MZ_Air,R02,71,sou,explicit_no_change,no_change,accepted,14,14,b722ac4385c82dff38140653769836ea14b91cf1fe850364ac7f4e3326e860bb,b722ac4385c82dff38140653769836ea14b91cf1fe850364ac7f4e3326e860bb,True
MZ_Air,R02,71,wes,explicit_no_change,no_change,accepted,18,18,c95cede6b37a6285e628071aad8dbd6649f6eb15fce2551560142961fbee83e3,c95cede6b37a6285e628071aad8dbd6649f6eb15fce2551560142961fbee83e3,True
MZ_Air,R02,72,eas,explicit_no_change,no_change,accepted,29,29,13c626927c2046a9cca572c1c68be836485e97b6b191ad6dd41db6b24d654c1c,13c626927c2046a9cca572c1c68be836485e97b6b191ad6dd41db6b24d654c1c,True
MZ_Air,R02,72,sou,explicit_no_change,no_change,accepted,14,14,b722ac4385c82dff38140653769836ea14b91cf1fe850364ac7f4e3326e860bb,b722ac4385c82dff38140653769836ea14b91cf1fe850364ac7f4e3326e860bb,True
MZ_Air,R02,72,wes,explicit_no_change,no_change,accepted,18,18,c95cede6b37a6285e628071aad8dbd6649f6eb15fce2551560142961fbee83e3,c95cede6b37a6285e628071aad8dbd6649f6eb15fce2551560142961fbee83e3,True
MZ_Air,R02,72,cor,explicit_no_change,no_change,accepted,19,19,806833afb3b2d652a72dd57b374f2babc4cf9682a73f7f77b551b982f53786c2,806833afb3b2d652a72dd57b374f2babc4cf9682a73f7f77b551b982f53786c2,True
MZ_Air,R02,72,nor,replace_rule,replace_rule,accepted,20,21,3d0ac101d50754abb3c1bf42585ea9202650079807e476ecb36a92e48a25f8d8,96dc6cad6a85b535fd09866f62a74441854034c17a0b545b9bf0feba0b0b4c90,True
MZ_Air,R02,73,nor,explicit_no_change,no_change,accepted,21,21,96dc6cad6a85b535fd09866f62a74441854034c17a0b545b9bf0feba0b0b4c90,96dc6cad6a85b535fd09866f62a74441854034c17a0b545b9bf0feba0b0b4c90,True
MZ_Air,R02,73,cor,explicit_no_change,no_change,accepted,19,19,806833afb3b2d652a72dd57b374f2babc4cf9682a73f7f77b551b982f53786c2,806833afb3b2d652a72dd57b374f2babc4cf9682a73f7f77b551b982f53786c2,True
MZ_Air,R02,73,eas,explicit_no_change,no_change,accepted,29,29,13c626927c2046a9cca572c1c68be836485e97b6b191ad6dd41db6b24d654c1c,13c626927c2046a9cca572c1c68be836485e97b6b191ad6dd41db6b24d654c1c,True
MZ_Air,R02,73,sou,explicit_no_change,no_change,accepted,14,14,b722ac4385c82dff38140653769836ea14b91cf1fe850364ac7f4e3326e860bb,b722ac4385c82dff38140653769836ea14b91cf1fe850364ac7f4e3326e860bb,True
MZ_Air,R02,73,wes,explicit_no_change,no_change,accepted,18,18,c95cede6b37a6285e628071aad8dbd6649f6eb15fce2551560142961fbee83e3,c95cede6b37a6285e628071aad8dbd6649f6eb15fce2551560142961fbee83e3,True
MZ_Air,R02,74,nor,replace_rule,replace_rule,accepted,21,22,96dc6cad6a85b535fd09866f62a74441854034c17a0b545b9bf0feba0b0b4c90,460624aec7f470dbbd7cb94536faf1a1f2401f86b4a27d26e407775580dbe594,True
MZ_Air,R02,74,cor,explicit_no_change,no_change,accepted,19,19,806833afb3b2d652a72dd57b374f2babc4cf9682a73f7f77b551b982f53786c2,806833afb3b2d652a72dd57b374f2babc4cf9682a73f7f77b551b982f53786c2,True
MZ_Air,R02,74,eas,explicit_no_change,no_change,accepted,29,29,13c626927c2046a9cca572c1c68be836485e97b6b191ad6dd41db6b24d654c1c,13c626927c2046a9cca572c1c68be836485e97b6b191ad6dd41db6b24d654c1c,True
MZ_Air,R02,74,sou,explicit_no_change,no_change,accepted,14,14,b722ac4385c82dff38140653769836ea14b91cf1fe850364ac7f4e3326e860bb,b722ac4385c82dff38140653769836ea14b91cf1fe850364ac7f4e3326e860bb,True
MZ_Air,R02,74,wes,explicit_no_change,no_change,accepted,18,18,c95cede6b37a6285e628071aad8dbd6649f6eb15fce2551560142961fbee83e3,c95cede6b37a6285e628071aad8dbd6649f6eb15fce2551560142961fbee83e3,True
MZ_Air,R02,75,nor,explicit_no_change,no_change,accepted,22,22,460624aec7f470dbbd7cb94536faf1a1f2401f86b4a27d26e407775580dbe594,460624aec7f470dbbd7cb94536faf1a1f2401f86b4a27d26e407775580dbe594,True
MZ_Air,R02,75,cor,explicit_no_change,no_change,accepted,19,19,806833afb3b2d652a72dd57b374f2babc4cf9682a73f7f77b551b982f53786c2,806833afb3b2d652a72dd57b374f2babc4cf9682a73f7f77b551b982f53786c2,True
MZ_Air,R02,75,eas,explicit_no_change,no_change,accepted,29,29,13c626927c2046a9cca572c1c68be836485e97b6b191ad6dd41db6b24d654c1c,13c626927c2046a9cca572c1c68be836485e97b6b191ad6dd41db6b24d654c1c,True
MZ_Air,R02,75,sou,explicit_no_change,no_change,accepted,14,14,b722ac4385c82dff38140653769836ea14b91cf1fe850364ac7f4e3326e860bb,b722ac4385c82dff38140653769836ea14b91cf1fe850364ac7f4e3326e860bb,True
MZ_Air,R02,75,wes,explicit_no_change,no_change,accepted,18,18,c95cede6b37a6285e628071aad8dbd6649f6eb15fce2551560142961fbee83e3,c95cede6b37a6285e628071aad8dbd6649f6eb15fce2551560142961fbee83e3,True
MZ_Air,R02,76,nor,explicit_no_change,no_change,accepted,22,22,460624aec7f470dbbd7cb94536faf1a1f2401f86b4a27d26e407775580dbe594,460624aec7f470dbbd7cb94536faf1a1f2401f86b4a27d26e407775580dbe594,True
MZ_Air,R02,76,cor,explicit_no_change,no_change,accepted,19,19,806833afb3b2d652a72dd57b374f2babc4cf9682a73f7f77b551b982f53786c2,806833afb3b2d652a72dd57b374f2babc4cf9682a73f7f77b551b982f53786c2,True
MZ_Air,R02,76,eas,explicit_no_change,no_change,accepted,29,29,13c626927c2046a9cca572c1c68be836485e97b6b191ad6dd41db6b24d654c1c,13c626927c2046a9cca572c1c68be836485e97b6b191ad6dd41db6b24d654c1c,True
MZ_Air,R02,76,sou,explicit_no_change,no_change,accepted,14,14,b722ac4385c82dff38140653769836ea14b91cf1fe850364ac7f4e3326e860bb,b722ac4385c82dff38140653769836ea14b91cf1fe850364ac7f4e3326e860bb,True
MZ_Air,R02,76,wes,explicit_no_change,no_change,accepted,18,18,c95cede6b37a6285e628071aad8dbd6649f6eb15fce2551560142961fbee83e3,c95cede6b37a6285e628071aad8dbd6649f6eb15fce2551560142961fbee83e3,True
MZ_Air,R02,77,nor,explicit_no_change,no_change,accepted,22,22,460624aec7f470dbbd7cb94536faf1a1f2401f86b4a27d26e407775580dbe594,460624aec7f470dbbd7cb94536faf1a1f2401f86b4a27d26e407775580dbe594,True
MZ_Air,R02,77,cor,explicit_no_change,no_change,accepted,19,19,806833afb3b2d652a72dd57b374f2babc4cf9682a73f7f77b551b982f53786c2,806833afb3b2d652a72dd57b374f2babc4cf9682a73f7f77b551b982f53786c2,True
MZ_Air,R02,77,eas,explicit_no_change,no_change,accepted,29,29,13c626927c2046a9cca572c1c68be836485e97b6b191ad6dd41db6b24d654c1c,13c626927c2046a9cca572c1c68be836485e97b6b191ad6dd41db6b24d654c1c,True
MZ_Air,R02,77,sou,explicit_no_change,no_change,accepted,14,14,b722ac4385c82dff38140653769836ea14b91cf1fe850364ac7f4e3326e860bb,b722ac4385c82dff38140653769836ea14b91cf1fe850364ac7f4e3326e860bb,True
MZ_Air,R02,77,wes,explicit_no_change,no_change,accepted,18,18,c95cede6b37a6285e628071aad8dbd6649f6eb15fce2551560142961fbee83e3,c95cede6b37a6285e628071aad8dbd6649f6eb15fce2551560142961fbee83e3,True
MZ_Air,R02,78,cor,set_param,set_param,accepted,19,20,806833afb3b2d652a72dd57b374f2babc4cf9682a73f7f77b551b982f53786c2,1ab6d680358845b001a9f0ddaa8a81477b188c3b952d6874e9cf3b7906a8be14,True
MZ_Air,R02,78,nor,replace_rule,replace_rule,accepted,22,23,460624aec7f470dbbd7cb94536faf1a1f2401f86b4a27d26e407775580dbe594,c95cede6b37a6285e628071aad8dbd6649f6eb15fce2551560142961fbee83e3,True
MZ_Air,R02,78,eas,explicit_no_change,no_change,accepted,29,29,13c626927c2046a9cca572c1c68be836485e97b6b191ad6dd41db6b24d654c1c,13c626927c2046a9cca572c1c68be836485e97b6b191ad6dd41db6b24d654c1c,True
MZ_Air,R02,78,sou,explicit_no_change,no_change,accepted,14,14,b722ac4385c82dff38140653769836ea14b91cf1fe850364ac7f4e3326e860bb,b722ac4385c82dff38140653769836ea14b91cf1fe850364ac7f4e3326e860bb,True
MZ_Air,R02,78,wes,explicit_no_change,no_change,accepted,18,18,c95cede6b37a6285e628071aad8dbd6649f6eb15fce2551560142961fbee83e3,c95cede6b37a6285e628071aad8dbd6649f6eb15fce2551560142961fbee83e3,True
MZ_Air,R02,79,cor,explicit_no_change,no_change,accepted,20,20,1ab6d680358845b001a9f0ddaa8a81477b188c3b952d6874e9cf3b7906a8be14,1ab6d680358845b001a9f0ddaa8a81477b188c3b952d6874e9cf3b7906a8be14,True
MZ_Air,R02,79,eas,explicit_no_change,no_change,accepted,29,29,13c626927c2046a9cca572c1c68be836485e97b6b191ad6dd41db6b24d654c1c,13c626927c2046a9cca572c1c68be836485e97b6b191ad6dd41db6b24d654c1c,True
MZ_Air,R02,79,nor,explicit_no_change,no_change,accepted,23,23,c95cede6b37a6285e628071aad8dbd6649f6eb15fce2551560142961fbee83e3,c95cede6b37a6285e628071aad8dbd6649f6eb15fce2551560142961fbee83e3,True
MZ_Air,R02,79,sou,explicit_no_change,no_change,accepted,14,14,b722ac4385c82dff38140653769836ea14b91cf1fe850364ac7f4e3326e860bb,b722ac4385c82dff38140653769836ea14b91cf1fe850364ac7f4e3326e860bb,True
MZ_Air,R02,79,wes,explicit_no_change,no_change,accepted,18,18,c95cede6b37a6285e628071aad8dbd6649f6eb15fce2551560142961fbee83e3,c95cede6b37a6285e628071aad8dbd6649f6eb15fce2551560142961fbee83e3,True
MZ_Air,R02,80,cor,explicit_no_change,no_change,accepted,20,20,1ab6d680358845b001a9f0ddaa8a81477b188c3b952d6874e9cf3b7906a8be14,1ab6d680358845b001a9f0ddaa8a81477b188c3b952d6874e9cf3b7906a8be14,True
MZ_Air,R02,80,eas,explicit_no_change,no_change,accepted,29,29,13c626927c2046a9cca572c1c68be836485e97b6b191ad6dd41db6b24d654c1c,13c626927c2046a9cca572c1c68be836485e97b6b191ad6dd41db6b24d654c1c,True
MZ_Air,R02,80,nor,explicit_no_change,no_change,accepted,23,23,c95cede6b37a6285e628071aad8dbd6649f6eb15fce2551560142961fbee83e3,c95cede6b37a6285e628071aad8dbd6649f6eb15fce2551560142961fbee83e3,True
MZ_Air,R02,80,sou,explicit_no_change,no_change,accepted,14,14,b722ac4385c82dff38140653769836ea14b91cf1fe850364ac7f4e3326e860bb,b722ac4385c82dff38140653769836ea14b91cf1fe850364ac7f4e3326e860bb,True
MZ_Air,R02,80,wes,explicit_no_change,no_change,accepted,18,18,c95cede6b37a6285e628071aad8dbd6649f6eb15fce2551560142961fbee83e3,c95cede6b37a6285e628071aad8dbd6649f6eb15fce2551560142961fbee83e3,True
MZ_Air,R02,81,eas,set_param,set_param,accepted,29,30,13c626927c2046a9cca572c1c68be836485e97b6b191ad6dd41db6b24d654c1c,219ac41afef5f75466696bde3ff142f36e7b916ad963177b10f8378ffdb7f4d6,True
MZ_Air,R02,81,cor,set_param,set_param,accepted,20,21,1ab6d680358845b001a9f0ddaa8a81477b188c3b952d6874e9cf3b7906a8be14,bf2daa59dc6f9fbef9f3da646e24e7932eb6d434b05fe9dceedafa85477292b0,True
MZ_Air,R02,81,sou,replace_rule,replace_rule,accepted,14,15,b722ac4385c82dff38140653769836ea14b91cf1fe850364ac7f4e3326e860bb,23b34c0eae6569899b2f33c0176f281a0a69855fe8ba59f4057729b142d75681,True
MZ_Air,R02,81,nor,deterministic_rejection,set_param,rejected,23,23,c95cede6b37a6285e628071aad8dbd6649f6eb15fce2551560142961fbee83e3,c95cede6b37a6285e628071aad8dbd6649f6eb15fce2551560142961fbee83e3,True
MZ_Air,R02,81,wes,set_param,set_param,accepted,18,19,c95cede6b37a6285e628071aad8dbd6649f6eb15fce2551560142961fbee83e3,0125b2cdff977006de56611eb876bf92700eddaedb99f74d807a34f3a54387a5,True
MZ_Air,R02,82,sou,set_param,set_param,accepted,15,16,23b34c0eae6569899b2f33c0176f281a0a69855fe8ba59f4057729b142d75681,620025b019f15766644f0468adb6ffe1c2891ff21f21e7e13c6e83ba10bd3fb2,True
MZ_Air,R02,82,cor,deterministic_rejection,replace_rule,rejected,21,21,bf2daa59dc6f9fbef9f3da646e24e7932eb6d434b05fe9dceedafa85477292b0,bf2daa59dc6f9fbef9f3da646e24e7932eb6d434b05fe9dceedafa85477292b0,True
MZ_Air,R02,82,nor,explicit_no_change,no_change,accepted,23,23,c95cede6b37a6285e628071aad8dbd6649f6eb15fce2551560142961fbee83e3,c95cede6b37a6285e628071aad8dbd6649f6eb15fce2551560142961fbee83e3,True
MZ_Air,R02,82,wes,set_param,set_param,accepted,19,20,0125b2cdff977006de56611eb876bf92700eddaedb99f74d807a34f3a54387a5,d34b3aaa4a369d7dcd4792cc8d99d390858adcfc2d6d1678b8e5ab0aead26a33,True
MZ_Air,R02,82,eas,set_param,set_param,accepted,30,31,219ac41afef5f75466696bde3ff142f36e7b916ad963177b10f8378ffdb7f4d6,1ee6240f72eced199c4686632172ace2000d17caacd62a4ebc54acc37275ca95,True
MZ_Air,R02,83,nor,add_rule,add_rule,accepted,23,24,c95cede6b37a6285e628071aad8dbd6649f6eb15fce2551560142961fbee83e3,7c23f975c82e8084471f5cac1876a7f0ac4a69528ea8e2f559e09d9a8df792c1,True
MZ_Air,R02,83,eas,set_param,set_param,accepted,31,32,1ee6240f72eced199c4686632172ace2000d17caacd62a4ebc54acc37275ca95,f0a3f1648080ebcd124359daa220208fee61932c076ba2a77f71c16e57105e16,True
MZ_Air,R02,83,cor,deterministic_rejection,set_param,rejected,21,21,bf2daa59dc6f9fbef9f3da646e24e7932eb6d434b05fe9dceedafa85477292b0,bf2daa59dc6f9fbef9f3da646e24e7932eb6d434b05fe9dceedafa85477292b0,True
MZ_Air,R02,83,wes,set_param,set_param,accepted,20,21,d34b3aaa4a369d7dcd4792cc8d99d390858adcfc2d6d1678b8e5ab0aead26a33,0125b2cdff977006de56611eb876bf92700eddaedb99f74d807a34f3a54387a5,True
MZ_Air,R02,83,sou,replace_rule,replace_rule,accepted,16,17,620025b019f15766644f0468adb6ffe1c2891ff21f21e7e13c6e83ba10bd3fb2,9d358e3c4b76fccde8a921676d08ae0d80a789645341f1edc112b5d620948e4d,True
MZ_Air,R02,84,cor,deterministic_rejection,replace_rule,rejected,21,21,bf2daa59dc6f9fbef9f3da646e24e7932eb6d434b05fe9dceedafa85477292b0,bf2daa59dc6f9fbef9f3da646e24e7932eb6d434b05fe9dceedafa85477292b0,True
MZ_Air,R02,84,wes,deterministic_rejection,add_rule,rejected,21,21,0125b2cdff977006de56611eb876bf92700eddaedb99f74d807a34f3a54387a5,0125b2cdff977006de56611eb876bf92700eddaedb99f74d807a34f3a54387a5,True
MZ_Air,R02,84,eas,set_param,set_param,accepted,32,33,f0a3f1648080ebcd124359daa220208fee61932c076ba2a77f71c16e57105e16,e5adf29fae493c68aad8b537ad196ef42ab3696c1f21f54e698804d047a56011,True
MZ_Air,R02,84,nor,deterministic_rejection,set_param,rejected,24,24,7c23f975c82e8084471f5cac1876a7f0ac4a69528ea8e2f559e09d9a8df792c1,7c23f975c82e8084471f5cac1876a7f0ac4a69528ea8e2f559e09d9a8df792c1,True
MZ_Air,R02,84,sou,deterministic_rejection,add_rule,rejected,17,17,9d358e3c4b76fccde8a921676d08ae0d80a789645341f1edc112b5d620948e4d,9d358e3c4b76fccde8a921676d08ae0d80a789645341f1edc112b5d620948e4d,True
MZ_Air,R02,85,wes,deterministic_rejection,set_param,rejected,21,21,0125b2cdff977006de56611eb876bf92700eddaedb99f74d807a34f3a54387a5,0125b2cdff977006de56611eb876bf92700eddaedb99f74d807a34f3a54387a5,True
MZ_Air,R02,85,eas,replace_rule,replace_rule,accepted,33,34,e5adf29fae493c68aad8b537ad196ef42ab3696c1f21f54e698804d047a56011,3d4c6c0465dd484396a61f04ee0ab24d9d6d76a23403b3a2c70ad02d3d5162aa,True
MZ_Air,R02,85,cor,replace_rule,replace_rule,accepted,21,22,bf2daa59dc6f9fbef9f3da646e24e7932eb6d434b05fe9dceedafa85477292b0,0587cb53de988d3c33731b4c4490f3c5d38d1e8c67ae1203a8f0b2b6f7738b76,True
MZ_Air,R02,85,nor,replace_rule,replace_rule,accepted,24,25,7c23f975c82e8084471f5cac1876a7f0ac4a69528ea8e2f559e09d9a8df792c1,350764d3e9922dc1f24c931cf4f9b5ebb89848a245fb1b4e0363ac10dcaff2db,True
MZ_Air,R02,85,sou,schema_fallback,no_change,model_output_rejected,17,17,9d358e3c4b76fccde8a921676d08ae0d80a789645341f1edc112b5d620948e4d,9d358e3c4b76fccde8a921676d08ae0d80a789645341f1edc112b5d620948e4d,True
MZ_Air,R02,86,wes,set_param,set_param,accepted,21,22,0125b2cdff977006de56611eb876bf92700eddaedb99f74d807a34f3a54387a5,ee290b970937c63da5a6a7b345c2fe23a01b5f49adee8b0849610430e5c7f0f7,True
MZ_Air,R02,86,eas,set_param,set_param,accepted,34,35,3d4c6c0465dd484396a61f04ee0ab24d9d6d76a23403b3a2c70ad02d3d5162aa,e2a94941264005431d2e78a4c0508c650ba4bcecc64e8d2443f235046ebcd8ea,True
MZ_Air,R02,86,nor,add_rule,add_rule,accepted,25,26,350764d3e9922dc1f24c931cf4f9b5ebb89848a245fb1b4e0363ac10dcaff2db,92dccdd4ffb17069bd6450acf25098b3cce60b874a7660b4fbab67fa923e92a9,True
MZ_Air,R02,86,sou,deterministic_rejection,add_rule,rejected,17,17,9d358e3c4b76fccde8a921676d08ae0d80a789645341f1edc112b5d620948e4d,9d358e3c4b76fccde8a921676d08ae0d80a789645341f1edc112b5d620948e4d,True
MZ_Air,R02,86,cor,deterministic_rejection,replace_rule,rejected,22,22,0587cb53de988d3c33731b4c4490f3c5d38d1e8c67ae1203a8f0b2b6f7738b76,0587cb53de988d3c33731b4c4490f3c5d38d1e8c67ae1203a8f0b2b6f7738b76,True
MZ_Air,R02,87,nor,replace_rule,replace_rule,accepted,26,27,92dccdd4ffb17069bd6450acf25098b3cce60b874a7660b4fbab67fa923e92a9,9d47cf14c07746a4c99845d86f0c36d64e64c2317784b7dbdd7ccbf05def4a4e,True
MZ_Air,R02,87,wes,deterministic_rejection,set_param,rejected,22,22,ee290b970937c63da5a6a7b345c2fe23a01b5f49adee8b0849610430e5c7f0f7,ee290b970937c63da5a6a7b345c2fe23a01b5f49adee8b0849610430e5c7f0f7,True
MZ_Air,R02,87,eas,explicit_no_change,no_change,accepted,35,35,e2a94941264005431d2e78a4c0508c650ba4bcecc64e8d2443f235046ebcd8ea,e2a94941264005431d2e78a4c0508c650ba4bcecc64e8d2443f235046ebcd8ea,True
MZ_Air,R02,87,sou,schema_fallback,no_change,model_output_rejected,17,17,9d358e3c4b76fccde8a921676d08ae0d80a789645341f1edc112b5d620948e4d,9d358e3c4b76fccde8a921676d08ae0d80a789645341f1edc112b5d620948e4d,True
MZ_Air,R02,87,cor,deterministic_rejection,replace_rule,rejected,22,22,0587cb53de988d3c33731b4c4490f3c5d38d1e8c67ae1203a8f0b2b6f7738b76,0587cb53de988d3c33731b4c4490f3c5d38d1e8c67ae1203a8f0b2b6f7738b76,True
MZ_Air,R02,88,eas,deterministic_rejection,replace_rule,rejected,35,35,e2a94941264005431d2e78a4c0508c650ba4bcecc64e8d2443f235046ebcd8ea,e2a94941264005431d2e78a4c0508c650ba4bcecc64e8d2443f235046ebcd8ea,True
MZ_Air,R02,88,nor,remove_rule,remove_rule,accepted,27,28,9d47cf14c07746a4c99845d86f0c36d64e64c2317784b7dbdd7ccbf05def4a4e,ba8493170639d300544518001ae0924941ba8afce0099172fa7ffa09de298f76,True
MZ_Air,R02,88,wes,remove_rule,remove_rule,accepted,22,23,ee290b970937c63da5a6a7b345c2fe23a01b5f49adee8b0849610430e5c7f0f7,46da92662e9e3d3dca842f5f1d06ded6bac38386139df42075f2bc54adb9067d,True
MZ_Air,R02,88,sou,replace_rule,replace_rule,accepted,17,18,9d358e3c4b76fccde8a921676d08ae0d80a789645341f1edc112b5d620948e4d,620025b019f15766644f0468adb6ffe1c2891ff21f21e7e13c6e83ba10bd3fb2,True
MZ_Air,R02,88,cor,set_param,set_param,accepted,22,23,0587cb53de988d3c33731b4c4490f3c5d38d1e8c67ae1203a8f0b2b6f7738b76,3c46c789c7a4be898add23d4832d97eb57e2f96df5d1ffb275cd711ed8f4f503,True
MZ_Air,R02,89,eas,schema_fallback,no_change,model_output_rejected,35,35,e2a94941264005431d2e78a4c0508c650ba4bcecc64e8d2443f235046ebcd8ea,e2a94941264005431d2e78a4c0508c650ba4bcecc64e8d2443f235046ebcd8ea,True
MZ_Air,R02,89,nor,explicit_no_change,no_change,accepted,28,28,ba8493170639d300544518001ae0924941ba8afce0099172fa7ffa09de298f76,ba8493170639d300544518001ae0924941ba8afce0099172fa7ffa09de298f76,True
MZ_Air,R02,89,cor,set_param,set_param,accepted,23,24,3c46c789c7a4be898add23d4832d97eb57e2f96df5d1ffb275cd711ed8f4f503,c023b8cb97dff04af3fe4292cff983bbb1bbad344a9c6c280cac314c19100f25,True
MZ_Air,R02,89,sou,replace_rule,replace_rule,accepted,18,19,620025b019f15766644f0468adb6ffe1c2891ff21f21e7e13c6e83ba10bd3fb2,f550c42f048785deecd6877391a153582403b5a96a50fe97e5b24f14b063b0f6,True
MZ_Air,R02,89,wes,add_rule,add_rule,accepted,23,24,46da92662e9e3d3dca842f5f1d06ded6bac38386139df42075f2bc54adb9067d,2c89b837f56365c8083a26c5ecf71c4ac22d517a8aeabfa9e3b147f758df4840,True
MZ_Air,R02,90,sou,schema_fallback,no_change,model_output_rejected,19,19,f550c42f048785deecd6877391a153582403b5a96a50fe97e5b24f14b063b0f6,f550c42f048785deecd6877391a153582403b5a96a50fe97e5b24f14b063b0f6,True
MZ_Air,R02,90,cor,deterministic_rejection,replace_rule,rejected,24,24,c023b8cb97dff04af3fe4292cff983bbb1bbad344a9c6c280cac314c19100f25,c023b8cb97dff04af3fe4292cff983bbb1bbad344a9c6c280cac314c19100f25,True
MZ_Air,R02,90,wes,deterministic_rejection,add_rule,rejected,24,24,2c89b837f56365c8083a26c5ecf71c4ac22d517a8aeabfa9e3b147f758df4840,2c89b837f56365c8083a26c5ecf71c4ac22d517a8aeabfa9e3b147f758df4840,True
MZ_Air,R02,90,eas,deterministic_rejection,replace_rule,rejected,35,35,e2a94941264005431d2e78a4c0508c650ba4bcecc64e8d2443f235046ebcd8ea,e2a94941264005431d2e78a4c0508c650ba4bcecc64e8d2443f235046ebcd8ea,True
MZ_Air,R02,90,nor,replace_rule,replace_rule,accepted,28,29,ba8493170639d300544518001ae0924941ba8afce0099172fa7ffa09de298f76,26856b06a6d6fd5595646809e00e6bced49a770904177b05783bc1437d65fe52,True
MZ_Air,R02,91,cor,replace_rule,replace_rule,accepted,24,25,c023b8cb97dff04af3fe4292cff983bbb1bbad344a9c6c280cac314c19100f25,6e79ede34c6d4016dc2608ba33cd2cdfb108e8000df70ae96796953faadd2c7a,True
MZ_Air,R02,91,sou,set_param,set_param,accepted,19,20,f550c42f048785deecd6877391a153582403b5a96a50fe97e5b24f14b063b0f6,48cbcf3c4b486119ad8d565ecbf2478132c262af06f9d7b89685a6eecf5048b9,True
MZ_Air,R02,91,wes,schema_fallback,no_change,model_output_rejected,24,24,2c89b837f56365c8083a26c5ecf71c4ac22d517a8aeabfa9e3b147f758df4840,2c89b837f56365c8083a26c5ecf71c4ac22d517a8aeabfa9e3b147f758df4840,True
MZ_Air,R02,91,nor,replace_rule,replace_rule,accepted,29,30,26856b06a6d6fd5595646809e00e6bced49a770904177b05783bc1437d65fe52,61fed38feb9c7ceb63990faa89b77bb24951b942c3771d4a148f256e95e6e657,True
MZ_Air,R02,91,eas,replace_rule,replace_rule,accepted,35,36,e2a94941264005431d2e78a4c0508c650ba4bcecc64e8d2443f235046ebcd8ea,69c559cf2d6a988e3d8042ba797db3a19f51defb8e292f7f229250a022b44827,True
MZ_Air,R02,92,cor,deterministic_rejection,replace_rule,rejected,25,25,6e79ede34c6d4016dc2608ba33cd2cdfb108e8000df70ae96796953faadd2c7a,6e79ede34c6d4016dc2608ba33cd2cdfb108e8000df70ae96796953faadd2c7a,True
MZ_Air,R02,92,sou,deterministic_rejection,add_rule,rejected,20,20,48cbcf3c4b486119ad8d565ecbf2478132c262af06f9d7b89685a6eecf5048b9,48cbcf3c4b486119ad8d565ecbf2478132c262af06f9d7b89685a6eecf5048b9,True
MZ_Air,R02,92,wes,replace_rule,replace_rule,accepted,24,25,2c89b837f56365c8083a26c5ecf71c4ac22d517a8aeabfa9e3b147f758df4840,3bb3f8e8165b999f82756e7482d48b436eeb7486ae39abc0ecf4b8a2af9e5266,True
MZ_Air,R02,92,nor,deterministic_rejection,replace_rule,rejected,30,30,61fed38feb9c7ceb63990faa89b77bb24951b942c3771d4a148f256e95e6e657,61fed38feb9c7ceb63990faa89b77bb24951b942c3771d4a148f256e95e6e657,True
MZ_Air,R02,92,eas,deterministic_rejection,replace_rule,rejected,36,36,69c559cf2d6a988e3d8042ba797db3a19f51defb8e292f7f229250a022b44827,69c559cf2d6a988e3d8042ba797db3a19f51defb8e292f7f229250a022b44827,True
MZ_Air,R02,93,wes,deterministic_rejection,replace_rule,rejected,25,25,3bb3f8e8165b999f82756e7482d48b436eeb7486ae39abc0ecf4b8a2af9e5266,3bb3f8e8165b999f82756e7482d48b436eeb7486ae39abc0ecf4b8a2af9e5266,True
MZ_Air,R02,93,cor,deterministic_rejection,replace_rule,rejected,25,25,6e79ede34c6d4016dc2608ba33cd2cdfb108e8000df70ae96796953faadd2c7a,6e79ede34c6d4016dc2608ba33cd2cdfb108e8000df70ae96796953faadd2c7a,True
MZ_Air,R02,93,sou,deterministic_rejection,add_rule,rejected,20,20,48cbcf3c4b486119ad8d565ecbf2478132c262af06f9d7b89685a6eecf5048b9,48cbcf3c4b486119ad8d565ecbf2478132c262af06f9d7b89685a6eecf5048b9,True
MZ_Air,R02,93,nor,deterministic_rejection,replace_rule,rejected,30,30,61fed38feb9c7ceb63990faa89b77bb24951b942c3771d4a148f256e95e6e657,61fed38feb9c7ceb63990faa89b77bb24951b942c3771d4a148f256e95e6e657,True
MZ_Air,R02,93,eas,replace_rule,replace_rule,accepted,36,37,69c559cf2d6a988e3d8042ba797db3a19f51defb8e292f7f229250a022b44827,de5381c6f80f6ae62be8c4562b30b72e0b5dcf680d1d52fd62bc9a870893c57a,True
MZ_Air,R02,94,cor,deterministic_rejection,replace_rule,rejected,25,25,6e79ede34c6d4016dc2608ba33cd2cdfb108e8000df70ae96796953faadd2c7a,6e79ede34c6d4016dc2608ba33cd2cdfb108e8000df70ae96796953faadd2c7a,True
MZ_Air,R02,94,eas,deterministic_rejection,replace_rule,rejected,37,37,de5381c6f80f6ae62be8c4562b30b72e0b5dcf680d1d52fd62bc9a870893c57a,de5381c6f80f6ae62be8c4562b30b72e0b5dcf680d1d52fd62bc9a870893c57a,True
MZ_Air,R02,94,nor,deterministic_rejection,replace_rule,rejected,30,30,61fed38feb9c7ceb63990faa89b77bb24951b942c3771d4a148f256e95e6e657,61fed38feb9c7ceb63990faa89b77bb24951b942c3771d4a148f256e95e6e657,True
MZ_Air,R02,94,sou,deterministic_rejection,add_rule,rejected,20,20,48cbcf3c4b486119ad8d565ecbf2478132c262af06f9d7b89685a6eecf5048b9,48cbcf3c4b486119ad8d565ecbf2478132c262af06f9d7b89685a6eecf5048b9,True
MZ_Air,R02,94,wes,explicit_no_change,no_change,accepted,25,25,3bb3f8e8165b999f82756e7482d48b436eeb7486ae39abc0ecf4b8a2af9e5266,3bb3f8e8165b999f82756e7482d48b436eeb7486ae39abc0ecf4b8a2af9e5266,True
MZ_Air,R02,95,wes,explicit_no_change,no_change,accepted,25,25,3bb3f8e8165b999f82756e7482d48b436eeb7486ae39abc0ecf4b8a2af9e5266,3bb3f8e8165b999f82756e7482d48b436eeb7486ae39abc0ecf4b8a2af9e5266,True
MZ_Air,R02,95,cor,deterministic_rejection,replace_rule,rejected,25,25,6e79ede34c6d4016dc2608ba33cd2cdfb108e8000df70ae96796953faadd2c7a,6e79ede34c6d4016dc2608ba33cd2cdfb108e8000df70ae96796953faadd2c7a,True
MZ_Air,R02,95,eas,replace_rule,replace_rule,accepted,37,38,de5381c6f80f6ae62be8c4562b30b72e0b5dcf680d1d52fd62bc9a870893c57a,58b45e82545849bfd2ebdb8f3ccd38d7250deb830b74ed57bf7ff8cf6e4bdec4,True
MZ_Air,R02,95,nor,deterministic_rejection,replace_rule,rejected,30,30,61fed38feb9c7ceb63990faa89b77bb24951b942c3771d4a148f256e95e6e657,61fed38feb9c7ceb63990faa89b77bb24951b942c3771d4a148f256e95e6e657,True
MZ_Air,R02,95,sou,explicit_no_change,no_change,accepted,20,20,48cbcf3c4b486119ad8d565ecbf2478132c262af06f9d7b89685a6eecf5048b9,48cbcf3c4b486119ad8d565ecbf2478132c262af06f9d7b89685a6eecf5048b9,True
MZ_Air,R02,96,wes,explicit_no_change,no_change,accepted,25,25,3bb3f8e8165b999f82756e7482d48b436eeb7486ae39abc0ecf4b8a2af9e5266,3bb3f8e8165b999f82756e7482d48b436eeb7486ae39abc0ecf4b8a2af9e5266,True
MZ_Air,R02,96,cor,deterministic_rejection,replace_rule,rejected,25,25,6e79ede34c6d4016dc2608ba33cd2cdfb108e8000df70ae96796953faadd2c7a,6e79ede34c6d4016dc2608ba33cd2cdfb108e8000df70ae96796953faadd2c7a,True
MZ_Air,R02,96,eas,explicit_no_change,no_change,accepted,38,38,58b45e82545849bfd2ebdb8f3ccd38d7250deb830b74ed57bf7ff8cf6e4bdec4,58b45e82545849bfd2ebdb8f3ccd38d7250deb830b74ed57bf7ff8cf6e4bdec4,True
MZ_Air,R02,96,nor,explicit_no_change,no_change,accepted,30,30,61fed38feb9c7ceb63990faa89b77bb24951b942c3771d4a148f256e95e6e657,61fed38feb9c7ceb63990faa89b77bb24951b942c3771d4a148f256e95e6e657,True
MZ_Air,R02,96,sou,explicit_no_change,no_change,accepted,20,20,48cbcf3c4b486119ad8d565ecbf2478132c262af06f9d7b89685a6eecf5048b9,48cbcf3c4b486119ad8d565ecbf2478132c262af06f9d7b89685a6eecf5048b9,True
MZ_Air,R02,97,wes,explicit_no_change,no_change,accepted,25,25,3bb3f8e8165b999f82756e7482d48b436eeb7486ae39abc0ecf4b8a2af9e5266,3bb3f8e8165b999f82756e7482d48b436eeb7486ae39abc0ecf4b8a2af9e5266,True
MZ_Air,R02,97,cor,explicit_no_change,no_change,accepted,25,25,6e79ede34c6d4016dc2608ba33cd2cdfb108e8000df70ae96796953faadd2c7a,6e79ede34c6d4016dc2608ba33cd2cdfb108e8000df70ae96796953faadd2c7a,True
MZ_Air,R02,97,eas,explicit_no_change,no_change,accepted,38,38,58b45e82545849bfd2ebdb8f3ccd38d7250deb830b74ed57bf7ff8cf6e4bdec4,58b45e82545849bfd2ebdb8f3ccd38d7250deb830b74ed57bf7ff8cf6e4bdec4,True
MZ_Air,R02,97,nor,explicit_no_change,no_change,accepted,30,30,61fed38feb9c7ceb63990faa89b77bb24951b942c3771d4a148f256e95e6e657,61fed38feb9c7ceb63990faa89b77bb24951b942c3771d4a148f256e95e6e657,True
MZ_Air,R02,97,sou,explicit_no_change,no_change,accepted,20,20,48cbcf3c4b486119ad8d565ecbf2478132c262af06f9d7b89685a6eecf5048b9,48cbcf3c4b486119ad8d565ecbf2478132c262af06f9d7b89685a6eecf5048b9,True
MZ_Air,R02,98,wes,replace_rule,replace_rule,accepted,25,26,3bb3f8e8165b999f82756e7482d48b436eeb7486ae39abc0ecf4b8a2af9e5266,72bc8622e4bafed04232a9800becbc62fe6924e5c3e49f67a00f09d4ad735007,True
MZ_Air,R02,98,cor,explicit_no_change,no_change,accepted,25,25,6e79ede34c6d4016dc2608ba33cd2cdfb108e8000df70ae96796953faadd2c7a,6e79ede34c6d4016dc2608ba33cd2cdfb108e8000df70ae96796953faadd2c7a,True
MZ_Air,R02,98,eas,explicit_no_change,no_change,accepted,38,38,58b45e82545849bfd2ebdb8f3ccd38d7250deb830b74ed57bf7ff8cf6e4bdec4,58b45e82545849bfd2ebdb8f3ccd38d7250deb830b74ed57bf7ff8cf6e4bdec4,True
MZ_Air,R02,98,nor,explicit_no_change,no_change,accepted,30,30,61fed38feb9c7ceb63990faa89b77bb24951b942c3771d4a148f256e95e6e657,61fed38feb9c7ceb63990faa89b77bb24951b942c3771d4a148f256e95e6e657,True
MZ_Air,R02,98,sou,explicit_no_change,no_change,accepted,20,20,48cbcf3c4b486119ad8d565ecbf2478132c262af06f9d7b89685a6eecf5048b9,48cbcf3c4b486119ad8d565ecbf2478132c262af06f9d7b89685a6eecf5048b9,True
MZ_Air,R02,99,wes,replace_rule,replace_rule,accepted,26,27,72bc8622e4bafed04232a9800becbc62fe6924e5c3e49f67a00f09d4ad735007,b1f158d5247800d357e314227d3807824e71c007daea06e1efeda69fba14a988,True
MZ_Air,R02,99,cor,explicit_no_change,no_change,accepted,25,25,6e79ede34c6d4016dc2608ba33cd2cdfb108e8000df70ae96796953faadd2c7a,6e79ede34c6d4016dc2608ba33cd2cdfb108e8000df70ae96796953faadd2c7a,True
MZ_Air,R02,99,eas,explicit_no_change,no_change,accepted,38,38,58b45e82545849bfd2ebdb8f3ccd38d7250deb830b74ed57bf7ff8cf6e4bdec4,58b45e82545849bfd2ebdb8f3ccd38d7250deb830b74ed57bf7ff8cf6e4bdec4,True
MZ_Air,R02,99,nor,explicit_no_change,no_change,accepted,30,30,61fed38feb9c7ceb63990faa89b77bb24951b942c3771d4a148f256e95e6e657,61fed38feb9c7ceb63990faa89b77bb24951b942c3771d4a148f256e95e6e657,True
MZ_Air,R02,99,sou,explicit_no_change,no_change,accepted,20,20,48cbcf3c4b486119ad8d565ecbf2478132c262af06f9d7b89685a6eecf5048b9,48cbcf3c4b486119ad8d565ecbf2478132c262af06f9d7b89685a6eecf5048b9,True
MZ_Air,R02,100,wes,explicit_no_change,no_change,accepted,27,27,b1f158d5247800d357e314227d3807824e71c007daea06e1efeda69fba14a988,b1f158d5247800d357e314227d3807824e71c007daea06e1efeda69fba14a988,True
MZ_Air,R02,100,cor,explicit_no_change,no_change,accepted,25,25,6e79ede34c6d4016dc2608ba33cd2cdfb108e8000df70ae96796953faadd2c7a,6e79ede34c6d4016dc2608ba33cd2cdfb108e8000df70ae96796953faadd2c7a,True
MZ_Air,R02,100,eas,explicit_no_change,no_change,accepted,38,38,58b45e82545849bfd2ebdb8f3ccd38d7250deb830b74ed57bf7ff8cf6e4bdec4,58b45e82545849bfd2ebdb8f3ccd38d7250deb830b74ed57bf7ff8cf6e4bdec4,True
MZ_Air,R02,100,nor,explicit_no_change,no_change,accepted,30,30,61fed38feb9c7ceb63990faa89b77bb24951b942c3771d4a148f256e95e6e657,61fed38feb9c7ceb63990faa89b77bb24951b942c3771d4a148f256e95e6e657,True
MZ_Air,R02,100,sou,explicit_no_change,no_change,accepted,20,20,48cbcf3c4b486119ad8d565ecbf2478132c262af06f9d7b89685a6eecf5048b9,48cbcf3c4b486119ad8d565ecbf2478132c262af06f9d7b89685a6eecf5048b9,True
MZ_Air,R02,101,wes,explicit_no_change,no_change,accepted,27,27,b1f158d5247800d357e314227d3807824e71c007daea06e1efeda69fba14a988,b1f158d5247800d357e314227d3807824e71c007daea06e1efeda69fba14a988,True
MZ_Air,R02,101,eas,explicit_no_change,no_change,accepted,38,38,58b45e82545849bfd2ebdb8f3ccd38d7250deb830b74ed57bf7ff8cf6e4bdec4,58b45e82545849bfd2ebdb8f3ccd38d7250deb830b74ed57bf7ff8cf6e4bdec4,True
MZ_Air,R02,101,nor,explicit_no_change,no_change,accepted,30,30,61fed38feb9c7ceb63990faa89b77bb24951b942c3771d4a148f256e95e6e657,61fed38feb9c7ceb63990faa89b77bb24951b942c3771d4a148f256e95e6e657,True
MZ_Air,R02,101,sou,explicit_no_change,no_change,accepted,20,20,48cbcf3c4b486119ad8d565ecbf2478132c262af06f9d7b89685a6eecf5048b9,48cbcf3c4b486119ad8d565ecbf2478132c262af06f9d7b89685a6eecf5048b9,True
MZ_Air,R02,101,cor,explicit_no_change,no_change,accepted,25,25,6e79ede34c6d4016dc2608ba33cd2cdfb108e8000df70ae96796953faadd2c7a,6e79ede34c6d4016dc2608ba33cd2cdfb108e8000df70ae96796953faadd2c7a,True
MZ_Air,R02,102,wes,replace_rule,replace_rule,accepted,27,28,b1f158d5247800d357e314227d3807824e71c007daea06e1efeda69fba14a988,2c89b837f56365c8083a26c5ecf71c4ac22d517a8aeabfa9e3b147f758df4840,True
MZ_Air,R02,102,eas,explicit_no_change,no_change,accepted,38,38,58b45e82545849bfd2ebdb8f3ccd38d7250deb830b74ed57bf7ff8cf6e4bdec4,58b45e82545849bfd2ebdb8f3ccd38d7250deb830b74ed57bf7ff8cf6e4bdec4,True
MZ_Air,R02,102,nor,explicit_no_change,no_change,accepted,30,30,61fed38feb9c7ceb63990faa89b77bb24951b942c3771d4a148f256e95e6e657,61fed38feb9c7ceb63990faa89b77bb24951b942c3771d4a148f256e95e6e657,True
MZ_Air,R02,102,sou,move_rule,move_rule,accepted,20,21,48cbcf3c4b486119ad8d565ecbf2478132c262af06f9d7b89685a6eecf5048b9,d1756a9b0d52d84debf5c1dd41b88dd687bda1c361cfda0bf7f1c818d5f7712a,True
MZ_Air,R02,102,cor,set_param,set_param,accepted,25,26,6e79ede34c6d4016dc2608ba33cd2cdfb108e8000df70ae96796953faadd2c7a,705cf3d95632ef084f3d818f6d82d06d1bede77852d3e01e99aee08b2cef0693,True
MZ_Air,R02,103,cor,replace_rule,replace_rule,accepted,26,27,705cf3d95632ef084f3d818f6d82d06d1bede77852d3e01e99aee08b2cef0693,7ecbfd1cebe57477035ba4592de5930e226317a2804b549c34ce19606fe68278,True
MZ_Air,R02,103,eas,explicit_no_change,no_change,accepted,38,38,58b45e82545849bfd2ebdb8f3ccd38d7250deb830b74ed57bf7ff8cf6e4bdec4,58b45e82545849bfd2ebdb8f3ccd38d7250deb830b74ed57bf7ff8cf6e4bdec4,True
MZ_Air,R02,103,nor,add_rule,add_rule,accepted,30,31,61fed38feb9c7ceb63990faa89b77bb24951b942c3771d4a148f256e95e6e657,3cd973152afd4b3055c2804a7addbc672440fd5fc17c659adfe9ff5e1c415182,True
MZ_Air,R02,103,sou,replace_rule,replace_rule,accepted,21,22,d1756a9b0d52d84debf5c1dd41b88dd687bda1c361cfda0bf7f1c818d5f7712a,a179c1e0f9fef258f3dbfcd02fbeb209315d501d665b8285fe8ff21626a36663,True
MZ_Air,R02,103,wes,explicit_no_change,no_change,accepted,28,28,2c89b837f56365c8083a26c5ecf71c4ac22d517a8aeabfa9e3b147f758df4840,2c89b837f56365c8083a26c5ecf71c4ac22d517a8aeabfa9e3b147f758df4840,True
MZ_Air,R02,104,cor,set_param,set_param,accepted,27,28,7ecbfd1cebe57477035ba4592de5930e226317a2804b549c34ce19606fe68278,de2b13aa1c797c5680f0008549cfef6d67b7378b55e9e74b243fa720fe9e2d49,True
MZ_Air,R02,104,eas,explicit_no_change,no_change,accepted,38,38,58b45e82545849bfd2ebdb8f3ccd38d7250deb830b74ed57bf7ff8cf6e4bdec4,58b45e82545849bfd2ebdb8f3ccd38d7250deb830b74ed57bf7ff8cf6e4bdec4,True
MZ_Air,R02,104,nor,replace_rule,replace_rule,accepted,31,32,3cd973152afd4b3055c2804a7addbc672440fd5fc17c659adfe9ff5e1c415182,a840060bb4d87e6341081bdb5b93960969f376e02d87d36fc7f49afa8a262d23,True
MZ_Air,R02,104,sou,add_rule,add_rule,accepted,22,23,a179c1e0f9fef258f3dbfcd02fbeb209315d501d665b8285fe8ff21626a36663,e95881ae791ac3f462065c1ade84fd6199b32eee109be4864b343baff8a8fd72,True
MZ_Air,R02,104,wes,explicit_no_change,no_change,accepted,28,28,2c89b837f56365c8083a26c5ecf71c4ac22d517a8aeabfa9e3b147f758df4840,2c89b837f56365c8083a26c5ecf71c4ac22d517a8aeabfa9e3b147f758df4840,True
MZ_Air,R02,105,cor,replace_rule,replace_rule,accepted,28,29,de2b13aa1c797c5680f0008549cfef6d67b7378b55e9e74b243fa720fe9e2d49,6b8c6a693cbbbfc747f0522cafca615f1ea6b3cb7e9e03b7d825b9bea1a226bb,True
MZ_Air,R02,105,sou,set_param,set_param,accepted,23,24,e95881ae791ac3f462065c1ade84fd6199b32eee109be4864b343baff8a8fd72,428082715d5f7cbc42eef566bce82ad36dab59a830238b4315b60a96991ad87e,True
MZ_Air,R02,105,wes,deterministic_rejection,replace_rule,rejected,28,28,2c89b837f56365c8083a26c5ecf71c4ac22d517a8aeabfa9e3b147f758df4840,2c89b837f56365c8083a26c5ecf71c4ac22d517a8aeabfa9e3b147f758df4840,True
MZ_Air,R02,105,nor,set_param,set_param,accepted,32,33,a840060bb4d87e6341081bdb5b93960969f376e02d87d36fc7f49afa8a262d23,bebced077381432b8a1354c49f72b7a65352a66359a1fe903ef3d0d908c9d9e6,True
MZ_Air,R02,105,eas,set_param,set_param,accepted,38,39,58b45e82545849bfd2ebdb8f3ccd38d7250deb830b74ed57bf7ff8cf6e4bdec4,1bf6b698608da7308405b8d1cf65f75650aa01a9c3c5d953ebff00e6b13bec77,True
MZ_Air,R02,106,sou,set_param,set_param,accepted,24,25,428082715d5f7cbc42eef566bce82ad36dab59a830238b4315b60a96991ad87e,51a6d57f1b4c0d0942952a791c9561ccbbb687884471dfa1d01c5f9c969eb2bb,True
MZ_Air,R02,106,eas,set_param,set_param,accepted,39,40,1bf6b698608da7308405b8d1cf65f75650aa01a9c3c5d953ebff00e6b13bec77,9b98cac866f537cd848c3c2165e07c44e2083daa657e10dfdcde6f93a4e408f5,True
MZ_Air,R02,106,cor,deterministic_rejection,replace_rule,rejected,29,29,6b8c6a693cbbbfc747f0522cafca615f1ea6b3cb7e9e03b7d825b9bea1a226bb,6b8c6a693cbbbfc747f0522cafca615f1ea6b3cb7e9e03b7d825b9bea1a226bb,True
MZ_Air,R02,106,nor,schema_fallback,no_change,model_output_rejected,33,33,bebced077381432b8a1354c49f72b7a65352a66359a1fe903ef3d0d908c9d9e6,bebced077381432b8a1354c49f72b7a65352a66359a1fe903ef3d0d908c9d9e6,True
MZ_Air,R02,106,wes,replace_rule,replace_rule,accepted,28,29,2c89b837f56365c8083a26c5ecf71c4ac22d517a8aeabfa9e3b147f758df4840,3e5d66dab34be07a9957c1653b8d525b8052e5fa1c7c4cbea8afee90030d07d6,True
MZ_Air,R02,107,eas,replace_rule,replace_rule,accepted,40,41,9b98cac866f537cd848c3c2165e07c44e2083daa657e10dfdcde6f93a4e408f5,33c019b12b33d9850165b2c5d46a4f185536b9d197e249960b99a221a02227ce,True
MZ_Air,R02,107,nor,replace_rule,replace_rule,accepted,33,34,bebced077381432b8a1354c49f72b7a65352a66359a1fe903ef3d0d908c9d9e6,2a3962d7b1ea8a5676bbd0c52f75fd49c8b2c913845a3ecf3355eca8b7fbab35,True
MZ_Air,R02,107,cor,remove_rule,remove_rule,accepted,29,30,6b8c6a693cbbbfc747f0522cafca615f1ea6b3cb7e9e03b7d825b9bea1a226bb,237ecac6c4e6feac4b7d44ad67492e712fd79065788f74e6fad709c714a3ea8f,True
MZ_Air,R02,107,sou,explicit_no_change,no_change,accepted,25,25,51a6d57f1b4c0d0942952a791c9561ccbbb687884471dfa1d01c5f9c969eb2bb,51a6d57f1b4c0d0942952a791c9561ccbbb687884471dfa1d01c5f9c969eb2bb,True
MZ_Air,R02,107,wes,replace_rule,replace_rule,accepted,29,30,3e5d66dab34be07a9957c1653b8d525b8052e5fa1c7c4cbea8afee90030d07d6,c6c854349b51a60067cdacd4be258a811c397624b5fcbc15e8349ef983d5ac67,True
MZ_Air,R02,108,eas,set_param,set_param,accepted,41,42,33c019b12b33d9850165b2c5d46a4f185536b9d197e249960b99a221a02227ce,93fc797d9a9dbeb35e7913b06a7bf253d09be6eecd989f21423c78555bc0c3fc,True
MZ_Air,R02,108,wes,deterministic_rejection,replace_rule,rejected,30,30,c6c854349b51a60067cdacd4be258a811c397624b5fcbc15e8349ef983d5ac67,c6c854349b51a60067cdacd4be258a811c397624b5fcbc15e8349ef983d5ac67,True
MZ_Air,R02,108,nor,replace_rule,replace_rule,accepted,34,35,2a3962d7b1ea8a5676bbd0c52f75fd49c8b2c913845a3ecf3355eca8b7fbab35,7cf64db8b82dc8f99387dc8a1f2e2ba179c4c8252bc423a17fe598b12c2b6330,True
MZ_Air,R02,108,cor,set_param,set_param,accepted,30,31,237ecac6c4e6feac4b7d44ad67492e712fd79065788f74e6fad709c714a3ea8f,fe316a548e49de941d2791283eba0490d09209b095c724f3d93c6c2383829653,True
MZ_Air,R02,108,sou,deterministic_rejection,replace_rule,rejected,25,25,51a6d57f1b4c0d0942952a791c9561ccbbb687884471dfa1d01c5f9c969eb2bb,51a6d57f1b4c0d0942952a791c9561ccbbb687884471dfa1d01c5f9c969eb2bb,True
MZ_Air,R02,109,nor,replace_rule,replace_rule,accepted,35,36,7cf64db8b82dc8f99387dc8a1f2e2ba179c4c8252bc423a17fe598b12c2b6330,6973b7384cb95046fbad8219deb5870bee346932e3e759b102d3a085fcd2c436,True
MZ_Air,R02,109,eas,deterministic_rejection,add_rule,rejected,42,42,93fc797d9a9dbeb35e7913b06a7bf253d09be6eecd989f21423c78555bc0c3fc,93fc797d9a9dbeb35e7913b06a7bf253d09be6eecd989f21423c78555bc0c3fc,True
MZ_Air,R02,109,wes,deterministic_rejection,replace_rule,rejected,30,30,c6c854349b51a60067cdacd4be258a811c397624b5fcbc15e8349ef983d5ac67,c6c854349b51a60067cdacd4be258a811c397624b5fcbc15e8349ef983d5ac67,True
MZ_Air,R02,109,cor,set_param,set_param,accepted,31,32,fe316a548e49de941d2791283eba0490d09209b095c724f3d93c6c2383829653,83d482369e21261de6d8ff2bd8858f968cf2e0a71ec8ec1604643326aff21442,True
MZ_Air,R02,109,sou,replace_rule,replace_rule,accepted,25,26,51a6d57f1b4c0d0942952a791c9561ccbbb687884471dfa1d01c5f9c969eb2bb,acc0628993c9250543886b14ab73f6db2feb43cdc7401b8bd41d8cc9b90f01d3,True
MZ_Air,R02,110,eas,deterministic_rejection,replace_rule,rejected,42,42,93fc797d9a9dbeb35e7913b06a7bf253d09be6eecd989f21423c78555bc0c3fc,93fc797d9a9dbeb35e7913b06a7bf253d09be6eecd989f21423c78555bc0c3fc,True
MZ_Air,R02,110,wes,remove_rule,remove_rule,accepted,30,31,c6c854349b51a60067cdacd4be258a811c397624b5fcbc15e8349ef983d5ac67,46da92662e9e3d3dca842f5f1d06ded6bac38386139df42075f2bc54adb9067d,True
MZ_Air,R02,110,nor,replace_rule,replace_rule,accepted,36,37,6973b7384cb95046fbad8219deb5870bee346932e3e759b102d3a085fcd2c436,317f0cb4cd88e82cfa8e27f8eb8e6c5e077ec3aa0014e67943ba841dc26b1c8f,True
MZ_Air,R02,110,sou,set_param,set_param,accepted,26,27,acc0628993c9250543886b14ab73f6db2feb43cdc7401b8bd41d8cc9b90f01d3,ead284abd5c32c3c0d4d9a3a46eab4c33d0f44cb388c7753971d19b13e1141be,True
MZ_Air,R02,110,cor,deterministic_rejection,replace_rule,rejected,32,32,83d482369e21261de6d8ff2bd8858f968cf2e0a71ec8ec1604643326aff21442,83d482369e21261de6d8ff2bd8858f968cf2e0a71ec8ec1604643326aff21442,True
MZ_Air,R02,111,cor,explicit_no_change,no_change,accepted,32,32,83d482369e21261de6d8ff2bd8858f968cf2e0a71ec8ec1604643326aff21442,83d482369e21261de6d8ff2bd8858f968cf2e0a71ec8ec1604643326aff21442,True
MZ_Air,R02,111,nor,replace_rule,replace_rule,accepted,37,38,317f0cb4cd88e82cfa8e27f8eb8e6c5e077ec3aa0014e67943ba841dc26b1c8f,ef3546e7d12370cacd941303950a1a1a52d4196888823cb6e2a6cf01f1577164,True
MZ_Air,R02,111,sou,deterministic_rejection,replace_rule,rejected,27,27,ead284abd5c32c3c0d4d9a3a46eab4c33d0f44cb388c7753971d19b13e1141be,ead284abd5c32c3c0d4d9a3a46eab4c33d0f44cb388c7753971d19b13e1141be,True
MZ_Air,R02,111,eas,schema_fallback,no_change,model_output_rejected,42,42,93fc797d9a9dbeb35e7913b06a7bf253d09be6eecd989f21423c78555bc0c3fc,93fc797d9a9dbeb35e7913b06a7bf253d09be6eecd989f21423c78555bc0c3fc,True
MZ_Air,R02,111,wes,deterministic_rejection,replace_rule,rejected,31,31,46da92662e9e3d3dca842f5f1d06ded6bac38386139df42075f2bc54adb9067d,46da92662e9e3d3dca842f5f1d06ded6bac38386139df42075f2bc54adb9067d,True
MZ_Air,R02,112,nor,deterministic_rejection,replace_rule,rejected,38,38,ef3546e7d12370cacd941303950a1a1a52d4196888823cb6e2a6cf01f1577164,ef3546e7d12370cacd941303950a1a1a52d4196888823cb6e2a6cf01f1577164,True
MZ_Air,R02,112,cor,explicit_no_change,no_change,accepted,32,32,83d482369e21261de6d8ff2bd8858f968cf2e0a71ec8ec1604643326aff21442,83d482369e21261de6d8ff2bd8858f968cf2e0a71ec8ec1604643326aff21442,True
MZ_Air,R02,112,sou,deterministic_rejection,replace_rule,rejected,27,27,ead284abd5c32c3c0d4d9a3a46eab4c33d0f44cb388c7753971d19b13e1141be,ead284abd5c32c3c0d4d9a3a46eab4c33d0f44cb388c7753971d19b13e1141be,True
MZ_Air,R02,112,eas,deterministic_rejection,add_rule,rejected,42,42,93fc797d9a9dbeb35e7913b06a7bf253d09be6eecd989f21423c78555bc0c3fc,93fc797d9a9dbeb35e7913b06a7bf253d09be6eecd989f21423c78555bc0c3fc,True
MZ_Air,R02,112,wes,schema_fallback,no_change,model_output_rejected,31,31,46da92662e9e3d3dca842f5f1d06ded6bac38386139df42075f2bc54adb9067d,46da92662e9e3d3dca842f5f1d06ded6bac38386139df42075f2bc54adb9067d,True
MZ_Air,R02,113,nor,deterministic_rejection,set_param,rejected,38,38,ef3546e7d12370cacd941303950a1a1a52d4196888823cb6e2a6cf01f1577164,ef3546e7d12370cacd941303950a1a1a52d4196888823cb6e2a6cf01f1577164,True
MZ_Air,R02,113,cor,explicit_no_change,no_change,accepted,32,32,83d482369e21261de6d8ff2bd8858f968cf2e0a71ec8ec1604643326aff21442,83d482369e21261de6d8ff2bd8858f968cf2e0a71ec8ec1604643326aff21442,True
MZ_Air,R02,113,sou,deterministic_rejection,replace_rule,rejected,27,27,ead284abd5c32c3c0d4d9a3a46eab4c33d0f44cb388c7753971d19b13e1141be,ead284abd5c32c3c0d4d9a3a46eab4c33d0f44cb388c7753971d19b13e1141be,True
MZ_Air,R02,113,eas,set_param,set_param,accepted,42,43,93fc797d9a9dbeb35e7913b06a7bf253d09be6eecd989f21423c78555bc0c3fc,33c019b12b33d9850165b2c5d46a4f185536b9d197e249960b99a221a02227ce,True
MZ_Air,R02,113,wes,deterministic_rejection,replace_rule,rejected,31,31,46da92662e9e3d3dca842f5f1d06ded6bac38386139df42075f2bc54adb9067d,46da92662e9e3d3dca842f5f1d06ded6bac38386139df42075f2bc54adb9067d,True
MZ_Air,R02,114,wes,set_param,set_param,accepted,31,32,46da92662e9e3d3dca842f5f1d06ded6bac38386139df42075f2bc54adb9067d,3929b6adfbe2801060ddc79e744e0f6502cadb780b877fe429143270aaefb48a,True
MZ_Air,R02,114,eas,replace_rule,replace_rule,accepted,43,44,33c019b12b33d9850165b2c5d46a4f185536b9d197e249960b99a221a02227ce,4397a3ebf796312fd675158481793d4f0c745255a7ac90b976a379e4481f72cb,True
MZ_Air,R02,114,sou,replace_rule,replace_rule,accepted,27,28,ead284abd5c32c3c0d4d9a3a46eab4c33d0f44cb388c7753971d19b13e1141be,35545f76280e31091e8075d937b8c746415ed78545a5a2b040860ff8d1ce7005,True
MZ_Air,R02,114,nor,replace_rule,replace_rule,accepted,38,39,ef3546e7d12370cacd941303950a1a1a52d4196888823cb6e2a6cf01f1577164,3f0272693954601fa745400a8ebc7f3c69af736e058d995267d45a977147612c,True
MZ_Air,R02,114,cor,explicit_no_change,no_change,accepted,32,32,83d482369e21261de6d8ff2bd8858f968cf2e0a71ec8ec1604643326aff21442,83d482369e21261de6d8ff2bd8858f968cf2e0a71ec8ec1604643326aff21442,True
MZ_Air,R02,115,nor,deterministic_rejection,replace_rule,rejected,39,39,3f0272693954601fa745400a8ebc7f3c69af736e058d995267d45a977147612c,3f0272693954601fa745400a8ebc7f3c69af736e058d995267d45a977147612c,True
MZ_Air,R02,115,sou,deterministic_rejection,set_param,rejected,28,28,35545f76280e31091e8075d937b8c746415ed78545a5a2b040860ff8d1ce7005,35545f76280e31091e8075d937b8c746415ed78545a5a2b040860ff8d1ce7005,True
MZ_Air,R02,115,eas,deterministic_rejection,replace_rule,rejected,44,44,4397a3ebf796312fd675158481793d4f0c745255a7ac90b976a379e4481f72cb,4397a3ebf796312fd675158481793d4f0c745255a7ac90b976a379e4481f72cb,True
MZ_Air,R02,115,wes,add_rule,add_rule,accepted,32,33,3929b6adfbe2801060ddc79e744e0f6502cadb780b877fe429143270aaefb48a,170aa3265828091e428d4cf03e6f2a383ed660cd4316883148b5571a6948de9e,True
MZ_Air,R02,115,cor,explicit_no_change,no_change,accepted,32,32,83d482369e21261de6d8ff2bd8858f968cf2e0a71ec8ec1604643326aff21442,83d482369e21261de6d8ff2bd8858f968cf2e0a71ec8ec1604643326aff21442,True
MZ_Air,R02,116,cor,explicit_no_change,no_change,accepted,32,32,83d482369e21261de6d8ff2bd8858f968cf2e0a71ec8ec1604643326aff21442,83d482369e21261de6d8ff2bd8858f968cf2e0a71ec8ec1604643326aff21442,True
MZ_Air,R02,116,eas,replace_rule,replace_rule,accepted,44,45,4397a3ebf796312fd675158481793d4f0c745255a7ac90b976a379e4481f72cb,0a67b1d75115b2c3d805fa512feb4cdc278ae166baa29047900d8b1126e1e755,True
MZ_Air,R02,116,nor,deterministic_rejection,replace_rule,rejected,39,39,3f0272693954601fa745400a8ebc7f3c69af736e058d995267d45a977147612c,3f0272693954601fa745400a8ebc7f3c69af736e058d995267d45a977147612c,True
MZ_Air,R02,116,sou,schema_fallback,no_change,model_output_rejected,28,28,35545f76280e31091e8075d937b8c746415ed78545a5a2b040860ff8d1ce7005,35545f76280e31091e8075d937b8c746415ed78545a5a2b040860ff8d1ce7005,True
MZ_Air,R02,116,wes,explicit_no_change,no_change,accepted,33,33,170aa3265828091e428d4cf03e6f2a383ed660cd4316883148b5571a6948de9e,170aa3265828091e428d4cf03e6f2a383ed660cd4316883148b5571a6948de9e,True
MZ_Air,R02,117,cor,explicit_no_change,no_change,accepted,32,32,83d482369e21261de6d8ff2bd8858f968cf2e0a71ec8ec1604643326aff21442,83d482369e21261de6d8ff2bd8858f968cf2e0a71ec8ec1604643326aff21442,True
MZ_Air,R02,117,eas,explicit_no_change,no_change,accepted,45,45,0a67b1d75115b2c3d805fa512feb4cdc278ae166baa29047900d8b1126e1e755,0a67b1d75115b2c3d805fa512feb4cdc278ae166baa29047900d8b1126e1e755,True
MZ_Air,R02,117,nor,replace_rule,replace_rule,accepted,39,40,3f0272693954601fa745400a8ebc7f3c69af736e058d995267d45a977147612c,f4c4450d9c305c7458858ae9cd8878180d80f9c6299f9e9fe1c767e1c75ee5a0,True
MZ_Air,R02,117,sou,replace_rule,replace_rule,accepted,28,29,35545f76280e31091e8075d937b8c746415ed78545a5a2b040860ff8d1ce7005,7b47997f81d0399792b966e43c05a9bacfcf616706e61c28337c3391b01a498f,True
MZ_Air,R02,117,wes,explicit_no_change,no_change,accepted,33,33,170aa3265828091e428d4cf03e6f2a383ed660cd4316883148b5571a6948de9e,170aa3265828091e428d4cf03e6f2a383ed660cd4316883148b5571a6948de9e,True
MZ_Air,R02,118,cor,replace_rule,replace_rule,accepted,32,33,83d482369e21261de6d8ff2bd8858f968cf2e0a71ec8ec1604643326aff21442,02fd456f9f2fd63f7f85ba676e824dabe50a8457725316eceb5978b78e904db8,True
MZ_Air,R02,118,eas,explicit_no_change,no_change,accepted,45,45,0a67b1d75115b2c3d805fa512feb4cdc278ae166baa29047900d8b1126e1e755,0a67b1d75115b2c3d805fa512feb4cdc278ae166baa29047900d8b1126e1e755,True
MZ_Air,R02,118,nor,replace_rule,replace_rule,accepted,40,41,f4c4450d9c305c7458858ae9cd8878180d80f9c6299f9e9fe1c767e1c75ee5a0,7405b58eee9bd6bb8af4ef6f9274f0d5cbd8d0c9ef8cd7d8c29ff45226bccf95,True
MZ_Air,R02,118,sou,replace_rule,replace_rule,accepted,29,30,7b47997f81d0399792b966e43c05a9bacfcf616706e61c28337c3391b01a498f,29db52a9c4f67ce9844e456d3e447ace803eea71e63e5dea333c336b4cbe3691,True
MZ_Air,R02,118,wes,explicit_no_change,no_change,accepted,33,33,170aa3265828091e428d4cf03e6f2a383ed660cd4316883148b5571a6948de9e,170aa3265828091e428d4cf03e6f2a383ed660cd4316883148b5571a6948de9e,True
MZ_Air,R02,119,cor,replace_rule,replace_rule,accepted,33,34,02fd456f9f2fd63f7f85ba676e824dabe50a8457725316eceb5978b78e904db8,5e2a535c58e254498d26d82c5999a513d4a54101c0a1dc177997ab298ed7abab,True
MZ_Air,R02,119,eas,explicit_no_change,no_change,accepted,45,45,0a67b1d75115b2c3d805fa512feb4cdc278ae166baa29047900d8b1126e1e755,0a67b1d75115b2c3d805fa512feb4cdc278ae166baa29047900d8b1126e1e755,True
MZ_Air,R02,119,nor,replace_rule,replace_rule,accepted,41,42,7405b58eee9bd6bb8af4ef6f9274f0d5cbd8d0c9ef8cd7d8c29ff45226bccf95,f4c4450d9c305c7458858ae9cd8878180d80f9c6299f9e9fe1c767e1c75ee5a0,True
MZ_Air,R02,119,sou,replace_rule,replace_rule,accepted,30,31,29db52a9c4f67ce9844e456d3e447ace803eea71e63e5dea333c336b4cbe3691,35545f76280e31091e8075d937b8c746415ed78545a5a2b040860ff8d1ce7005,True
MZ_Air,R02,119,wes,explicit_no_change,no_change,accepted,33,33,170aa3265828091e428d4cf03e6f2a383ed660cd4316883148b5571a6948de9e,170aa3265828091e428d4cf03e6f2a383ed660cd4316883148b5571a6948de9e,True
MZ_Air,R02,120,cor,deterministic_rejection,replace_rule,rejected,34,34,5e2a535c58e254498d26d82c5999a513d4a54101c0a1dc177997ab298ed7abab,5e2a535c58e254498d26d82c5999a513d4a54101c0a1dc177997ab298ed7abab,True
MZ_Air,R02,120,eas,explicit_no_change,no_change,accepted,45,45,0a67b1d75115b2c3d805fa512feb4cdc278ae166baa29047900d8b1126e1e755,0a67b1d75115b2c3d805fa512feb4cdc278ae166baa29047900d8b1126e1e755,True
MZ_Air,R02,120,nor,replace_rule,replace_rule,accepted,42,43,f4c4450d9c305c7458858ae9cd8878180d80f9c6299f9e9fe1c767e1c75ee5a0,548c8f50d0dac5b3f12a571b212b84acc17be8daedad92e746ab725b80fa4c9b,True
MZ_Air,R02,120,sou,replace_rule,replace_rule,accepted,31,32,35545f76280e31091e8075d937b8c746415ed78545a5a2b040860ff8d1ce7005,b272d712bf8509ed35a9d5659555c8b887814d45f2756d7b548f3689fc772701,True
MZ_Air,R02,120,wes,explicit_no_change,no_change,accepted,33,33,170aa3265828091e428d4cf03e6f2a383ed660cd4316883148b5571a6948de9e,170aa3265828091e428d4cf03e6f2a383ed660cd4316883148b5571a6948de9e,True
MZ_Air,R02,121,cor,explicit_no_change,no_change,accepted,34,34,5e2a535c58e254498d26d82c5999a513d4a54101c0a1dc177997ab298ed7abab,5e2a535c58e254498d26d82c5999a513d4a54101c0a1dc177997ab298ed7abab,True
MZ_Air,R02,121,eas,explicit_no_change,no_change,accepted,45,45,0a67b1d75115b2c3d805fa512feb4cdc278ae166baa29047900d8b1126e1e755,0a67b1d75115b2c3d805fa512feb4cdc278ae166baa29047900d8b1126e1e755,True
MZ_Air,R02,121,nor,deterministic_rejection,replace_rule,rejected,43,43,548c8f50d0dac5b3f12a571b212b84acc17be8daedad92e746ab725b80fa4c9b,548c8f50d0dac5b3f12a571b212b84acc17be8daedad92e746ab725b80fa4c9b,True
MZ_Air,R02,121,sou,replace_rule,replace_rule,accepted,32,33,b272d712bf8509ed35a9d5659555c8b887814d45f2756d7b548f3689fc772701,92058040beb2ed87de6cdd6a0bb9d1e06da7b84d9ffb26e60eab201247a3f989,True
MZ_Air,R02,121,wes,explicit_no_change,no_change,accepted,33,33,170aa3265828091e428d4cf03e6f2a383ed660cd4316883148b5571a6948de9e,170aa3265828091e428d4cf03e6f2a383ed660cd4316883148b5571a6948de9e,True
MZ_Air,R02,122,cor,deterministic_rejection,replace_rule,rejected,34,34,5e2a535c58e254498d26d82c5999a513d4a54101c0a1dc177997ab298ed7abab,5e2a535c58e254498d26d82c5999a513d4a54101c0a1dc177997ab298ed7abab,True
MZ_Air,R02,122,eas,explicit_no_change,no_change,accepted,45,45,0a67b1d75115b2c3d805fa512feb4cdc278ae166baa29047900d8b1126e1e755,0a67b1d75115b2c3d805fa512feb4cdc278ae166baa29047900d8b1126e1e755,True
MZ_Air,R02,122,nor,explicit_no_change,no_change,accepted,43,43,548c8f50d0dac5b3f12a571b212b84acc17be8daedad92e746ab725b80fa4c9b,548c8f50d0dac5b3f12a571b212b84acc17be8daedad92e746ab725b80fa4c9b,True
MZ_Air,R02,122,sou,replace_rule,replace_rule,accepted,33,34,92058040beb2ed87de6cdd6a0bb9d1e06da7b84d9ffb26e60eab201247a3f989,f0599b11b9c980d8e1676872d956b17bddb1721b7aa5fed1ba3da9d29abbaca3,True
MZ_Air,R02,122,wes,explicit_no_change,no_change,accepted,33,33,170aa3265828091e428d4cf03e6f2a383ed660cd4316883148b5571a6948de9e,170aa3265828091e428d4cf03e6f2a383ed660cd4316883148b5571a6948de9e,True
MZ_Air,R02,123,cor,explicit_no_change,no_change,accepted,34,34,5e2a535c58e254498d26d82c5999a513d4a54101c0a1dc177997ab298ed7abab,5e2a535c58e254498d26d82c5999a513d4a54101c0a1dc177997ab298ed7abab,True
MZ_Air,R02,123,eas,deterministic_rejection,replace_rule,rejected,45,45,0a67b1d75115b2c3d805fa512feb4cdc278ae166baa29047900d8b1126e1e755,0a67b1d75115b2c3d805fa512feb4cdc278ae166baa29047900d8b1126e1e755,True
MZ_Air,R02,123,nor,explicit_no_change,no_change,accepted,43,43,548c8f50d0dac5b3f12a571b212b84acc17be8daedad92e746ab725b80fa4c9b,548c8f50d0dac5b3f12a571b212b84acc17be8daedad92e746ab725b80fa4c9b,True
MZ_Air,R02,123,sou,replace_rule,replace_rule,accepted,34,35,f0599b11b9c980d8e1676872d956b17bddb1721b7aa5fed1ba3da9d29abbaca3,29db52a9c4f67ce9844e456d3e447ace803eea71e63e5dea333c336b4cbe3691,True
MZ_Air,R02,123,wes,explicit_no_change,no_change,accepted,33,33,170aa3265828091e428d4cf03e6f2a383ed660cd4316883148b5571a6948de9e,170aa3265828091e428d4cf03e6f2a383ed660cd4316883148b5571a6948de9e,True
MZ_Air,R02,124,cor,explicit_no_change,no_change,accepted,34,34,5e2a535c58e254498d26d82c5999a513d4a54101c0a1dc177997ab298ed7abab,5e2a535c58e254498d26d82c5999a513d4a54101c0a1dc177997ab298ed7abab,True
MZ_Air,R02,124,eas,deterministic_rejection,replace_rule,rejected,45,45,0a67b1d75115b2c3d805fa512feb4cdc278ae166baa29047900d8b1126e1e755,0a67b1d75115b2c3d805fa512feb4cdc278ae166baa29047900d8b1126e1e755,True
MZ_Air,R02,124,nor,explicit_no_change,no_change,accepted,43,43,548c8f50d0dac5b3f12a571b212b84acc17be8daedad92e746ab725b80fa4c9b,548c8f50d0dac5b3f12a571b212b84acc17be8daedad92e746ab725b80fa4c9b,True
MZ_Air,R02,124,sou,explicit_no_change,no_change,accepted,35,35,29db52a9c4f67ce9844e456d3e447ace803eea71e63e5dea333c336b4cbe3691,29db52a9c4f67ce9844e456d3e447ace803eea71e63e5dea333c336b4cbe3691,True
MZ_Air,R02,124,wes,replace_rule,replace_rule,accepted,33,34,170aa3265828091e428d4cf03e6f2a383ed660cd4316883148b5571a6948de9e,98ee7f00e7d7e8bb16900adf9625d03f95455ae120c4a8ba56119b3ce40d3384,True
MZ_Air,R02,125,wes,explicit_no_change,no_change,accepted,34,34,98ee7f00e7d7e8bb16900adf9625d03f95455ae120c4a8ba56119b3ce40d3384,98ee7f00e7d7e8bb16900adf9625d03f95455ae120c4a8ba56119b3ce40d3384,True
MZ_Air,R02,125,cor,explicit_no_change,no_change,accepted,34,34,5e2a535c58e254498d26d82c5999a513d4a54101c0a1dc177997ab298ed7abab,5e2a535c58e254498d26d82c5999a513d4a54101c0a1dc177997ab298ed7abab,True
MZ_Air,R02,125,eas,explicit_no_change,no_change,accepted,45,45,0a67b1d75115b2c3d805fa512feb4cdc278ae166baa29047900d8b1126e1e755,0a67b1d75115b2c3d805fa512feb4cdc278ae166baa29047900d8b1126e1e755,True
MZ_Air,R02,125,nor,explicit_no_change,no_change,accepted,43,43,548c8f50d0dac5b3f12a571b212b84acc17be8daedad92e746ab725b80fa4c9b,548c8f50d0dac5b3f12a571b212b84acc17be8daedad92e746ab725b80fa4c9b,True
MZ_Air,R02,125,sou,explicit_no_change,no_change,accepted,35,35,29db52a9c4f67ce9844e456d3e447ace803eea71e63e5dea333c336b4cbe3691,29db52a9c4f67ce9844e456d3e447ace803eea71e63e5dea333c336b4cbe3691,True
MZ_Air,R02,126,cor,set_param,set_param,accepted,34,35,5e2a535c58e254498d26d82c5999a513d4a54101c0a1dc177997ab298ed7abab,dcc34ea60aecce2d998ce8c9939be5795e3178efc43fd7d7785b728f1a9a4d52,True
MZ_Air,R02,126,wes,replace_rule,replace_rule,accepted,34,35,98ee7f00e7d7e8bb16900adf9625d03f95455ae120c4a8ba56119b3ce40d3384,170aa3265828091e428d4cf03e6f2a383ed660cd4316883148b5571a6948de9e,True
MZ_Air,R02,126,eas,explicit_no_change,no_change,accepted,45,45,0a67b1d75115b2c3d805fa512feb4cdc278ae166baa29047900d8b1126e1e755,0a67b1d75115b2c3d805fa512feb4cdc278ae166baa29047900d8b1126e1e755,True
MZ_Air,R02,126,nor,explicit_no_change,no_change,accepted,43,43,548c8f50d0dac5b3f12a571b212b84acc17be8daedad92e746ab725b80fa4c9b,548c8f50d0dac5b3f12a571b212b84acc17be8daedad92e746ab725b80fa4c9b,True
MZ_Air,R02,126,sou,remove_rule,remove_rule,accepted,35,36,29db52a9c4f67ce9844e456d3e447ace803eea71e63e5dea333c336b4cbe3691,4b67d2e30431d34e650afbe60701df5dd43752f8e3b67cb9ae0df065dfa97453,True
MZ_Air,R02,127,cor,deterministic_rejection,add_rule,rejected,35,35,dcc34ea60aecce2d998ce8c9939be5795e3178efc43fd7d7785b728f1a9a4d52,dcc34ea60aecce2d998ce8c9939be5795e3178efc43fd7d7785b728f1a9a4d52,True
MZ_Air,R02,127,wes,explicit_no_change,no_change,accepted,35,35,170aa3265828091e428d4cf03e6f2a383ed660cd4316883148b5571a6948de9e,170aa3265828091e428d4cf03e6f2a383ed660cd4316883148b5571a6948de9e,True
MZ_Air,R02,127,sou,explicit_no_change,no_change,accepted,36,36,4b67d2e30431d34e650afbe60701df5dd43752f8e3b67cb9ae0df065dfa97453,4b67d2e30431d34e650afbe60701df5dd43752f8e3b67cb9ae0df065dfa97453,True
MZ_Air,R02,127,nor,replace_rule,replace_rule,accepted,43,44,548c8f50d0dac5b3f12a571b212b84acc17be8daedad92e746ab725b80fa4c9b,eff8a9073acf2293c8dc74b74bf5da3f8236c0d82be7b48cfd019918165a3d03,True
MZ_Air,R02,127,eas,explicit_no_change,no_change,accepted,45,45,0a67b1d75115b2c3d805fa512feb4cdc278ae166baa29047900d8b1126e1e755,0a67b1d75115b2c3d805fa512feb4cdc278ae166baa29047900d8b1126e1e755,True
MZ_Air,R02,128,cor,set_param,set_param,accepted,35,36,dcc34ea60aecce2d998ce8c9939be5795e3178efc43fd7d7785b728f1a9a4d52,71b9988e89f19273cc8d76c7542a77a6f1eb83b9fd28a09933451af1b704b224,True
MZ_Air,R02,128,wes,explicit_no_change,no_change,accepted,35,35,170aa3265828091e428d4cf03e6f2a383ed660cd4316883148b5571a6948de9e,170aa3265828091e428d4cf03e6f2a383ed660cd4316883148b5571a6948de9e,True
MZ_Air,R02,128,sou,deterministic_rejection,replace_rule,rejected,36,36,4b67d2e30431d34e650afbe60701df5dd43752f8e3b67cb9ae0df065dfa97453,4b67d2e30431d34e650afbe60701df5dd43752f8e3b67cb9ae0df065dfa97453,True
MZ_Air,R02,128,nor,remove_rule,remove_rule,accepted,44,45,eff8a9073acf2293c8dc74b74bf5da3f8236c0d82be7b48cfd019918165a3d03,4a06731aa7cd64c3160d769b2cb2707747163700e105c89beb650d698b2c3e06,True
MZ_Air,R02,128,eas,explicit_no_change,no_change,accepted,45,45,0a67b1d75115b2c3d805fa512feb4cdc278ae166baa29047900d8b1126e1e755,0a67b1d75115b2c3d805fa512feb4cdc278ae166baa29047900d8b1126e1e755,True
MZ_Air,R02,129,cor,add_rule,add_rule,accepted,36,37,71b9988e89f19273cc8d76c7542a77a6f1eb83b9fd28a09933451af1b704b224,315bd324d495075c6019280e8b99514633ca956b116f9f46666f36f114586c8d,True
MZ_Air,R02,129,sou,deterministic_rejection,add_rule,rejected,36,36,4b67d2e30431d34e650afbe60701df5dd43752f8e3b67cb9ae0df065dfa97453,4b67d2e30431d34e650afbe60701df5dd43752f8e3b67cb9ae0df065dfa97453,True
MZ_Air,R02,129,nor,set_param,set_param,accepted,45,46,4a06731aa7cd64c3160d769b2cb2707747163700e105c89beb650d698b2c3e06,f2a2560ed49134c314127030efa5020877dc6d69112f263067d7b6381faed1b2,True
MZ_Air,R02,129,wes,replace_rule,replace_rule,accepted,35,36,170aa3265828091e428d4cf03e6f2a383ed660cd4316883148b5571a6948de9e,2af5205330fe19c34410a086776e638a899d2601b88eb0bdf2a5b9a9608c07fe,True
MZ_Air,R02,129,eas,set_param,set_param,accepted,45,46,0a67b1d75115b2c3d805fa512feb4cdc278ae166baa29047900d8b1126e1e755,9d406795cbe6622d33386d4023f243459054e0ab468249d2f693581c193ddef1,True
MZ_Air,R02,130,sou,replace_rule,replace_rule,accepted,36,37,4b67d2e30431d34e650afbe60701df5dd43752f8e3b67cb9ae0df065dfa97453,cd487164eabdcf2e16912fd70fb3ec81156a60d05f72dc0c49ab5a9c7c514165,True
MZ_Air,R02,130,wes,set_param,set_param,accepted,36,37,2af5205330fe19c34410a086776e638a899d2601b88eb0bdf2a5b9a9608c07fe,02dcf156f8d2453f6b6b29b84f2f8ba8c199452a6551e55fc4c0c8ffbaef9bb9,True
MZ_Air,R02,130,eas,set_param,set_param,accepted,46,47,9d406795cbe6622d33386d4023f243459054e0ab468249d2f693581c193ddef1,3864ffc72b82d7f0c82172e0e5091a30a1fa9449d8f9999b058cf4b102c049fa,True
MZ_Air,R02,130,cor,replace_rule,replace_rule,accepted,37,38,315bd324d495075c6019280e8b99514633ca956b116f9f46666f36f114586c8d,32e8c504956077844dcf07b7bad91398000bd91f264c064fd3bfc2ae00b055d2,True
MZ_Air,R02,130,nor,explicit_no_change,no_change,accepted,46,46,f2a2560ed49134c314127030efa5020877dc6d69112f263067d7b6381faed1b2,f2a2560ed49134c314127030efa5020877dc6d69112f263067d7b6381faed1b2,True
MZ_Air,R02,131,sou,deterministic_rejection,add_rule,rejected,37,37,cd487164eabdcf2e16912fd70fb3ec81156a60d05f72dc0c49ab5a9c7c514165,cd487164eabdcf2e16912fd70fb3ec81156a60d05f72dc0c49ab5a9c7c514165,True
MZ_Air,R02,131,wes,deterministic_rejection,set_param,rejected,37,37,02dcf156f8d2453f6b6b29b84f2f8ba8c199452a6551e55fc4c0c8ffbaef9bb9,02dcf156f8d2453f6b6b29b84f2f8ba8c199452a6551e55fc4c0c8ffbaef9bb9,True
MZ_Air,R02,131,eas,set_param,set_param,accepted,47,48,3864ffc72b82d7f0c82172e0e5091a30a1fa9449d8f9999b058cf4b102c049fa,045ba4ab1443402ed2bb6853294f89bfae4af45c7d2d6e9b8cb18a6ca9dcd4c6,True
MZ_Air,R02,131,cor,explicit_no_change,no_change,accepted,38,38,32e8c504956077844dcf07b7bad91398000bd91f264c064fd3bfc2ae00b055d2,32e8c504956077844dcf07b7bad91398000bd91f264c064fd3bfc2ae00b055d2,True
MZ_Air,R02,131,nor,add_rule,add_rule,accepted,46,47,f2a2560ed49134c314127030efa5020877dc6d69112f263067d7b6381faed1b2,39a30e5260f66a1a11ce3149b7a69aa0718e47fb0a1bb77634654946a3e2160a,True
MZ_Air,R02,132,eas,deterministic_rejection,set_param,rejected,48,48,045ba4ab1443402ed2bb6853294f89bfae4af45c7d2d6e9b8cb18a6ca9dcd4c6,045ba4ab1443402ed2bb6853294f89bfae4af45c7d2d6e9b8cb18a6ca9dcd4c6,True
MZ_Air,R02,132,sou,deterministic_rejection,replace_rule,rejected,37,37,cd487164eabdcf2e16912fd70fb3ec81156a60d05f72dc0c49ab5a9c7c514165,cd487164eabdcf2e16912fd70fb3ec81156a60d05f72dc0c49ab5a9c7c514165,True
MZ_Air,R02,132,wes,deterministic_rejection,add_rule,rejected,37,37,02dcf156f8d2453f6b6b29b84f2f8ba8c199452a6551e55fc4c0c8ffbaef9bb9,02dcf156f8d2453f6b6b29b84f2f8ba8c199452a6551e55fc4c0c8ffbaef9bb9,True
MZ_Air,R02,132,cor,set_param,set_param,accepted,38,39,32e8c504956077844dcf07b7bad91398000bd91f264c064fd3bfc2ae00b055d2,0827796590565cb0d11ba8195d29497236a3f7b966d508296efd38520c0c3bd7,True
MZ_Air,R02,132,nor,replace_rule,replace_rule,accepted,47,48,39a30e5260f66a1a11ce3149b7a69aa0718e47fb0a1bb77634654946a3e2160a,1dc0d3ca77494f4e477ae4d5a76df2bd7689044c3dec712de7b35f5fbf567c23,True
MZ_Air,R02,133,eas,add_rule,add_rule,accepted,48,49,045ba4ab1443402ed2bb6853294f89bfae4af45c7d2d6e9b8cb18a6ca9dcd4c6,c596ba8eaaee6ce95f00cae6868d079505efe1c826aa542cb5d6e7221dcf9f34,True
MZ_Air,R02,133,nor,deterministic_rejection,replace_rule,rejected,48,48,1dc0d3ca77494f4e477ae4d5a76df2bd7689044c3dec712de7b35f5fbf567c23,1dc0d3ca77494f4e477ae4d5a76df2bd7689044c3dec712de7b35f5fbf567c23,True
MZ_Air,R02,133,sou,explicit_no_change,no_change,accepted,37,37,cd487164eabdcf2e16912fd70fb3ec81156a60d05f72dc0c49ab5a9c7c514165,cd487164eabdcf2e16912fd70fb3ec81156a60d05f72dc0c49ab5a9c7c514165,True
MZ_Air,R02,133,wes,deterministic_rejection,add_rule,rejected,37,37,02dcf156f8d2453f6b6b29b84f2f8ba8c199452a6551e55fc4c0c8ffbaef9bb9,02dcf156f8d2453f6b6b29b84f2f8ba8c199452a6551e55fc4c0c8ffbaef9bb9,True
MZ_Air,R02,133,cor,set_param,set_param,accepted,39,40,0827796590565cb0d11ba8195d29497236a3f7b966d508296efd38520c0c3bd7,ea38e3c4d4cee41e74ffe6992c898f63b49989b400a3d94d19518f1e97b826b1,True
MZ_Air,R02,134,eas,replace_rule,replace_rule,accepted,49,50,c596ba8eaaee6ce95f00cae6868d079505efe1c826aa542cb5d6e7221dcf9f34,638f06980a70ea7987df51f2fb2592302aa2ab43bfc6b4e4da1423420fda4f67,True
MZ_Air,R02,134,nor,schema_fallback,no_change,model_output_rejected,48,48,1dc0d3ca77494f4e477ae4d5a76df2bd7689044c3dec712de7b35f5fbf567c23,1dc0d3ca77494f4e477ae4d5a76df2bd7689044c3dec712de7b35f5fbf567c23,True
MZ_Air,R02,134,cor,set_param,set_param,accepted,40,41,ea38e3c4d4cee41e74ffe6992c898f63b49989b400a3d94d19518f1e97b826b1,e5ebeee6c0eb3de24928e91e94acf5818dabc87e77ed8eaf65719ccd75e8ac27,True
MZ_Air,R02,134,sou,deterministic_rejection,replace_rule,rejected,37,37,cd487164eabdcf2e16912fd70fb3ec81156a60d05f72dc0c49ab5a9c7c514165,cd487164eabdcf2e16912fd70fb3ec81156a60d05f72dc0c49ab5a9c7c514165,True
MZ_Air,R02,134,wes,explicit_no_change,no_change,accepted,37,37,02dcf156f8d2453f6b6b29b84f2f8ba8c199452a6551e55fc4c0c8ffbaef9bb9,02dcf156f8d2453f6b6b29b84f2f8ba8c199452a6551e55fc4c0c8ffbaef9bb9,True
MZ_Air,R02,135,nor,deterministic_rejection,replace_rule,rejected,48,48,1dc0d3ca77494f4e477ae4d5a76df2bd7689044c3dec712de7b35f5fbf567c23,1dc0d3ca77494f4e477ae4d5a76df2bd7689044c3dec712de7b35f5fbf567c23,True
MZ_Air,R02,135,eas,replace_rule,replace_rule,accepted,50,51,638f06980a70ea7987df51f2fb2592302aa2ab43bfc6b4e4da1423420fda4f67,0e75dd4e2d7cacc603f903d18ff01f1980510f6d6d34585b88c4ceb9c08b3e01,True
MZ_Air,R02,135,sou,deterministic_rejection,set_param,rejected,37,37,cd487164eabdcf2e16912fd70fb3ec81156a60d05f72dc0c49ab5a9c7c514165,cd487164eabdcf2e16912fd70fb3ec81156a60d05f72dc0c49ab5a9c7c514165,True
MZ_Air,R02,135,wes,set_param,set_param,accepted,37,38,02dcf156f8d2453f6b6b29b84f2f8ba8c199452a6551e55fc4c0c8ffbaef9bb9,eb322953f16639d1271fd0287455c93ee011f27cd1ae41027adc42adc24678cc,True
MZ_Air,R02,135,cor,set_param,set_param,accepted,41,42,e5ebeee6c0eb3de24928e91e94acf5818dabc87e77ed8eaf65719ccd75e8ac27,b2ec296342d966a32ae49a8adc79d99a4feb35e5026a3636f1d72543320254e2,True
MZ_Air,R02,136,nor,explicit_no_change,no_change,accepted,48,48,1dc0d3ca77494f4e477ae4d5a76df2bd7689044c3dec712de7b35f5fbf567c23,1dc0d3ca77494f4e477ae4d5a76df2bd7689044c3dec712de7b35f5fbf567c23,True
MZ_Air,R02,136,eas,deterministic_rejection,replace_rule,rejected,51,51,0e75dd4e2d7cacc603f903d18ff01f1980510f6d6d34585b88c4ceb9c08b3e01,0e75dd4e2d7cacc603f903d18ff01f1980510f6d6d34585b88c4ceb9c08b3e01,True
MZ_Air,R02,136,sou,deterministic_rejection,set_param,rejected,37,37,cd487164eabdcf2e16912fd70fb3ec81156a60d05f72dc0c49ab5a9c7c514165,cd487164eabdcf2e16912fd70fb3ec81156a60d05f72dc0c49ab5a9c7c514165,True
MZ_Air,R02,136,wes,deterministic_rejection,replace_rule,rejected,38,38,eb322953f16639d1271fd0287455c93ee011f27cd1ae41027adc42adc24678cc,eb322953f16639d1271fd0287455c93ee011f27cd1ae41027adc42adc24678cc,True
MZ_Air,R02,136,cor,deterministic_rejection,replace_rule,rejected,42,42,b2ec296342d966a32ae49a8adc79d99a4feb35e5026a3636f1d72543320254e2,b2ec296342d966a32ae49a8adc79d99a4feb35e5026a3636f1d72543320254e2,True
MZ_Air,R02,137,nor,set_param,set_param,accepted,48,49,1dc0d3ca77494f4e477ae4d5a76df2bd7689044c3dec712de7b35f5fbf567c23,06d46d4f24729a7b01d0c022b5ae36fde2fc3eace935bda46590561f5c11d93a,True
MZ_Air,R02,137,sou,deterministic_rejection,set_param,rejected,37,37,cd487164eabdcf2e16912fd70fb3ec81156a60d05f72dc0c49ab5a9c7c514165,cd487164eabdcf2e16912fd70fb3ec81156a60d05f72dc0c49ab5a9c7c514165,True
MZ_Air,R02,137,eas,remove_rule,remove_rule,accepted,51,52,0e75dd4e2d7cacc603f903d18ff01f1980510f6d6d34585b88c4ceb9c08b3e01,ee7c68b8566af89def010185e2c154bac62551bf4c22968c09c818c88dfc318e,True
MZ_Air,R02,137,wes,schema_fallback,no_change,model_output_rejected,38,38,eb322953f16639d1271fd0287455c93ee011f27cd1ae41027adc42adc24678cc,eb322953f16639d1271fd0287455c93ee011f27cd1ae41027adc42adc24678cc,True
MZ_Air,R02,137,cor,explicit_no_change,no_change,accepted,42,42,b2ec296342d966a32ae49a8adc79d99a4feb35e5026a3636f1d72543320254e2,b2ec296342d966a32ae49a8adc79d99a4feb35e5026a3636f1d72543320254e2,True
MZ_Air,R02,138,nor,explicit_no_change,no_change,accepted,49,49,06d46d4f24729a7b01d0c022b5ae36fde2fc3eace935bda46590561f5c11d93a,06d46d4f24729a7b01d0c022b5ae36fde2fc3eace935bda46590561f5c11d93a,True
MZ_Air,R02,138,sou,move_rule,move_rule,accepted,37,38,cd487164eabdcf2e16912fd70fb3ec81156a60d05f72dc0c49ab5a9c7c514165,d6926709a88cd9499edba4fd22bc519a1342d237abea40bb0eb2906378eaa750,True
MZ_Air,R02,138,eas,remove_rule,remove_rule,accepted,52,53,ee7c68b8566af89def010185e2c154bac62551bf4c22968c09c818c88dfc318e,a7e75e9791e0dfcb833f56618e71d97f2819f223534048d8aa5f8a3fa066ecd7,True
MZ_Air,R02,138,wes,deterministic_rejection,replace_rule,rejected,38,38,eb322953f16639d1271fd0287455c93ee011f27cd1ae41027adc42adc24678cc,eb322953f16639d1271fd0287455c93ee011f27cd1ae41027adc42adc24678cc,True
MZ_Air,R02,138,cor,explicit_no_change,no_change,accepted,42,42,b2ec296342d966a32ae49a8adc79d99a4feb35e5026a3636f1d72543320254e2,b2ec296342d966a32ae49a8adc79d99a4feb35e5026a3636f1d72543320254e2,True
MZ_Air,R02,139,nor,explicit_no_change,no_change,accepted,49,49,06d46d4f24729a7b01d0c022b5ae36fde2fc3eace935bda46590561f5c11d93a,06d46d4f24729a7b01d0c022b5ae36fde2fc3eace935bda46590561f5c11d93a,True
MZ_Air,R02,139,eas,deterministic_rejection,replace_rule,rejected,53,53,a7e75e9791e0dfcb833f56618e71d97f2819f223534048d8aa5f8a3fa066ecd7,a7e75e9791e0dfcb833f56618e71d97f2819f223534048d8aa5f8a3fa066ecd7,True
MZ_Air,R02,139,wes,schema_fallback,no_change,model_output_rejected,38,38,eb322953f16639d1271fd0287455c93ee011f27cd1ae41027adc42adc24678cc,eb322953f16639d1271fd0287455c93ee011f27cd1ae41027adc42adc24678cc,True
MZ_Air,R02,139,sou,explicit_no_change,no_change,accepted,38,38,d6926709a88cd9499edba4fd22bc519a1342d237abea40bb0eb2906378eaa750,d6926709a88cd9499edba4fd22bc519a1342d237abea40bb0eb2906378eaa750,True
MZ_Air,R02,139,cor,explicit_no_change,no_change,accepted,42,42,b2ec296342d966a32ae49a8adc79d99a4feb35e5026a3636f1d72543320254e2,b2ec296342d966a32ae49a8adc79d99a4feb35e5026a3636f1d72543320254e2,True
MZ_Air,R02,140,cor,explicit_no_change,no_change,accepted,42,42,b2ec296342d966a32ae49a8adc79d99a4feb35e5026a3636f1d72543320254e2,b2ec296342d966a32ae49a8adc79d99a4feb35e5026a3636f1d72543320254e2,True
MZ_Air,R02,140,eas,deterministic_rejection,replace_rule,rejected,53,53,a7e75e9791e0dfcb833f56618e71d97f2819f223534048d8aa5f8a3fa066ecd7,a7e75e9791e0dfcb833f56618e71d97f2819f223534048d8aa5f8a3fa066ecd7,True
MZ_Air,R02,140,nor,explicit_no_change,no_change,accepted,49,49,06d46d4f24729a7b01d0c022b5ae36fde2fc3eace935bda46590561f5c11d93a,06d46d4f24729a7b01d0c022b5ae36fde2fc3eace935bda46590561f5c11d93a,True
MZ_Air,R02,140,sou,explicit_no_change,no_change,accepted,38,38,d6926709a88cd9499edba4fd22bc519a1342d237abea40bb0eb2906378eaa750,d6926709a88cd9499edba4fd22bc519a1342d237abea40bb0eb2906378eaa750,True
MZ_Air,R02,140,wes,replace_rule,replace_rule,accepted,38,39,eb322953f16639d1271fd0287455c93ee011f27cd1ae41027adc42adc24678cc,1db84cbdfb5e3f65206a2793b63f4ab581ce8281604d99ffbcf846972b138516,True
MZ_Air,R02,141,wes,replace_rule,replace_rule,accepted,39,40,1db84cbdfb5e3f65206a2793b63f4ab581ce8281604d99ffbcf846972b138516,444c38b0c1d1bd52a43a73ac26195a44da42e74bab9d1dc309f54ba9d4a45cdf,True
MZ_Air,R02,141,sou,explicit_no_change,no_change,accepted,38,38,d6926709a88cd9499edba4fd22bc519a1342d237abea40bb0eb2906378eaa750,d6926709a88cd9499edba4fd22bc519a1342d237abea40bb0eb2906378eaa750,True
MZ_Air,R02,141,nor,explicit_no_change,no_change,accepted,49,49,06d46d4f24729a7b01d0c022b5ae36fde2fc3eace935bda46590561f5c11d93a,06d46d4f24729a7b01d0c022b5ae36fde2fc3eace935bda46590561f5c11d93a,True
MZ_Air,R02,141,eas,explicit_no_change,no_change,accepted,53,53,a7e75e9791e0dfcb833f56618e71d97f2819f223534048d8aa5f8a3fa066ecd7,a7e75e9791e0dfcb833f56618e71d97f2819f223534048d8aa5f8a3fa066ecd7,True
MZ_Air,R02,141,cor,explicit_no_change,no_change,accepted,42,42,b2ec296342d966a32ae49a8adc79d99a4feb35e5026a3636f1d72543320254e2,b2ec296342d966a32ae49a8adc79d99a4feb35e5026a3636f1d72543320254e2,True
MZ_Air,R02,142,wes,replace_rule,replace_rule,accepted,40,41,444c38b0c1d1bd52a43a73ac26195a44da42e74bab9d1dc309f54ba9d4a45cdf,6a105c91e0ae0d619b377fb69cbbac45ff7978966c4e49345a13583d76798589,True
MZ_Air,R02,142,sou,explicit_no_change,no_change,accepted,38,38,d6926709a88cd9499edba4fd22bc519a1342d237abea40bb0eb2906378eaa750,d6926709a88cd9499edba4fd22bc519a1342d237abea40bb0eb2906378eaa750,True
MZ_Air,R02,142,nor,explicit_no_change,no_change,accepted,49,49,06d46d4f24729a7b01d0c022b5ae36fde2fc3eace935bda46590561f5c11d93a,06d46d4f24729a7b01d0c022b5ae36fde2fc3eace935bda46590561f5c11d93a,True
MZ_Air,R02,142,eas,explicit_no_change,no_change,accepted,53,53,a7e75e9791e0dfcb833f56618e71d97f2819f223534048d8aa5f8a3fa066ecd7,a7e75e9791e0dfcb833f56618e71d97f2819f223534048d8aa5f8a3fa066ecd7,True
MZ_Air,R02,142,cor,replace_rule,replace_rule,accepted,42,43,b2ec296342d966a32ae49a8adc79d99a4feb35e5026a3636f1d72543320254e2,9d45a179374cd871cd5af34b1a1e601eed8d650fc65bfbd6bb728e02b1b5151d,True
MZ_Air,R02,143,cor,replace_rule,replace_rule,accepted,43,44,9d45a179374cd871cd5af34b1a1e601eed8d650fc65bfbd6bb728e02b1b5151d,f82c07dffcacc671e491c2411f4898c67d37dfd2a1f95cbfeb2e4525798288bc,True
MZ_Air,R02,143,eas,explicit_no_change,no_change,accepted,53,53,a7e75e9791e0dfcb833f56618e71d97f2819f223534048d8aa5f8a3fa066ecd7,a7e75e9791e0dfcb833f56618e71d97f2819f223534048d8aa5f8a3fa066ecd7,True
MZ_Air,R02,143,nor,explicit_no_change,no_change,accepted,49,49,06d46d4f24729a7b01d0c022b5ae36fde2fc3eace935bda46590561f5c11d93a,06d46d4f24729a7b01d0c022b5ae36fde2fc3eace935bda46590561f5c11d93a,True
MZ_Air,R02,143,sou,explicit_no_change,no_change,accepted,38,38,d6926709a88cd9499edba4fd22bc519a1342d237abea40bb0eb2906378eaa750,d6926709a88cd9499edba4fd22bc519a1342d237abea40bb0eb2906378eaa750,True
MZ_Air,R02,143,wes,explicit_no_change,no_change,accepted,41,41,6a105c91e0ae0d619b377fb69cbbac45ff7978966c4e49345a13583d76798589,6a105c91e0ae0d619b377fb69cbbac45ff7978966c4e49345a13583d76798589,True
MZ_Air,R02,144,wes,replace_rule,replace_rule,accepted,41,42,6a105c91e0ae0d619b377fb69cbbac45ff7978966c4e49345a13583d76798589,7c923fb41a287025e5bcf61aed3d285f244a1715d966575866fd157ef0323182,True
MZ_Air,R02,144,cor,explicit_no_change,no_change,accepted,44,44,f82c07dffcacc671e491c2411f4898c67d37dfd2a1f95cbfeb2e4525798288bc,f82c07dffcacc671e491c2411f4898c67d37dfd2a1f95cbfeb2e4525798288bc,True
MZ_Air,R02,144,eas,explicit_no_change,no_change,accepted,53,53,a7e75e9791e0dfcb833f56618e71d97f2819f223534048d8aa5f8a3fa066ecd7,a7e75e9791e0dfcb833f56618e71d97f2819f223534048d8aa5f8a3fa066ecd7,True
MZ_Air,R02,144,nor,explicit_no_change,no_change,accepted,49,49,06d46d4f24729a7b01d0c022b5ae36fde2fc3eace935bda46590561f5c11d93a,06d46d4f24729a7b01d0c022b5ae36fde2fc3eace935bda46590561f5c11d93a,True
MZ_Air,R02,144,sou,explicit_no_change,no_change,accepted,38,38,d6926709a88cd9499edba4fd22bc519a1342d237abea40bb0eb2906378eaa750,d6926709a88cd9499edba4fd22bc519a1342d237abea40bb0eb2906378eaa750,True
MZ_Air,R02,145,wes,explicit_no_change,no_change,accepted,42,42,7c923fb41a287025e5bcf61aed3d285f244a1715d966575866fd157ef0323182,7c923fb41a287025e5bcf61aed3d285f244a1715d966575866fd157ef0323182,True
MZ_Air,R02,145,cor,replace_rule,replace_rule,accepted,44,45,f82c07dffcacc671e491c2411f4898c67d37dfd2a1f95cbfeb2e4525798288bc,8d65c6f6e1757633fa88d7192250c9c8ec9412e3d291e01034e764f98e4c1a7f,True
MZ_Air,R02,145,eas,explicit_no_change,no_change,accepted,53,53,a7e75e9791e0dfcb833f56618e71d97f2819f223534048d8aa5f8a3fa066ecd7,a7e75e9791e0dfcb833f56618e71d97f2819f223534048d8aa5f8a3fa066ecd7,True
MZ_Air,R02,145,nor,explicit_no_change,no_change,accepted,49,49,06d46d4f24729a7b01d0c022b5ae36fde2fc3eace935bda46590561f5c11d93a,06d46d4f24729a7b01d0c022b5ae36fde2fc3eace935bda46590561f5c11d93a,True
MZ_Air,R02,145,sou,explicit_no_change,no_change,accepted,38,38,d6926709a88cd9499edba4fd22bc519a1342d237abea40bb0eb2906378eaa750,d6926709a88cd9499edba4fd22bc519a1342d237abea40bb0eb2906378eaa750,True
MZ_Air,R02,146,wes,explicit_no_change,no_change,accepted,42,42,7c923fb41a287025e5bcf61aed3d285f244a1715d966575866fd157ef0323182,7c923fb41a287025e5bcf61aed3d285f244a1715d966575866fd157ef0323182,True
MZ_Air,R02,146,cor,replace_rule,replace_rule,accepted,45,46,8d65c6f6e1757633fa88d7192250c9c8ec9412e3d291e01034e764f98e4c1a7f,f82c07dffcacc671e491c2411f4898c67d37dfd2a1f95cbfeb2e4525798288bc,True
MZ_Air,R02,146,eas,explicit_no_change,no_change,accepted,53,53,a7e75e9791e0dfcb833f56618e71d97f2819f223534048d8aa5f8a3fa066ecd7,a7e75e9791e0dfcb833f56618e71d97f2819f223534048d8aa5f8a3fa066ecd7,True
MZ_Air,R02,146,nor,explicit_no_change,no_change,accepted,49,49,06d46d4f24729a7b01d0c022b5ae36fde2fc3eace935bda46590561f5c11d93a,06d46d4f24729a7b01d0c022b5ae36fde2fc3eace935bda46590561f5c11d93a,True
MZ_Air,R02,146,sou,explicit_no_change,no_change,accepted,38,38,d6926709a88cd9499edba4fd22bc519a1342d237abea40bb0eb2906378eaa750,d6926709a88cd9499edba4fd22bc519a1342d237abea40bb0eb2906378eaa750,True
MZ_Air,R02,147,cor,replace_rule,replace_rule,accepted,46,47,f82c07dffcacc671e491c2411f4898c67d37dfd2a1f95cbfeb2e4525798288bc,499f95b1ec21b8d6bbf2bae311f7283e97b9b767abf3b315f873f29d308ff16d,True
MZ_Air,R02,147,wes,replace_rule,replace_rule,accepted,42,43,7c923fb41a287025e5bcf61aed3d285f244a1715d966575866fd157ef0323182,ce4da87c98a95a3242f4bba0798cf22c0eecdfd91f6b8a37052b6be61bd6ed5c,True
MZ_Air,R02,147,eas,explicit_no_change,no_change,accepted,53,53,a7e75e9791e0dfcb833f56618e71d97f2819f223534048d8aa5f8a3fa066ecd7,a7e75e9791e0dfcb833f56618e71d97f2819f223534048d8aa5f8a3fa066ecd7,True
MZ_Air,R02,147,nor,explicit_no_change,no_change,accepted,49,49,06d46d4f24729a7b01d0c022b5ae36fde2fc3eace935bda46590561f5c11d93a,06d46d4f24729a7b01d0c022b5ae36fde2fc3eace935bda46590561f5c11d93a,True
MZ_Air,R02,147,sou,explicit_no_change,no_change,accepted,38,38,d6926709a88cd9499edba4fd22bc519a1342d237abea40bb0eb2906378eaa750,d6926709a88cd9499edba4fd22bc519a1342d237abea40bb0eb2906378eaa750,True
MZ_Air,R02,148,cor,explicit_no_change,no_change,accepted,47,47,499f95b1ec21b8d6bbf2bae311f7283e97b9b767abf3b315f873f29d308ff16d,499f95b1ec21b8d6bbf2bae311f7283e97b9b767abf3b315f873f29d308ff16d,True
MZ_Air,R02,148,wes,explicit_no_change,no_change,accepted,43,43,ce4da87c98a95a3242f4bba0798cf22c0eecdfd91f6b8a37052b6be61bd6ed5c,ce4da87c98a95a3242f4bba0798cf22c0eecdfd91f6b8a37052b6be61bd6ed5c,True
MZ_Air,R02,148,eas,explicit_no_change,no_change,accepted,53,53,a7e75e9791e0dfcb833f56618e71d97f2819f223534048d8aa5f8a3fa066ecd7,a7e75e9791e0dfcb833f56618e71d97f2819f223534048d8aa5f8a3fa066ecd7,True
MZ_Air,R02,148,nor,explicit_no_change,no_change,accepted,49,49,06d46d4f24729a7b01d0c022b5ae36fde2fc3eace935bda46590561f5c11d93a,06d46d4f24729a7b01d0c022b5ae36fde2fc3eace935bda46590561f5c11d93a,True
MZ_Air,R02,148,sou,explicit_no_change,no_change,accepted,38,38,d6926709a88cd9499edba4fd22bc519a1342d237abea40bb0eb2906378eaa750,d6926709a88cd9499edba4fd22bc519a1342d237abea40bb0eb2906378eaa750,True
MZ_Air,R02,149,cor,explicit_no_change,no_change,accepted,47,47,499f95b1ec21b8d6bbf2bae311f7283e97b9b767abf3b315f873f29d308ff16d,499f95b1ec21b8d6bbf2bae311f7283e97b9b767abf3b315f873f29d308ff16d,True
MZ_Air,R02,149,wes,explicit_no_change,no_change,accepted,43,43,ce4da87c98a95a3242f4bba0798cf22c0eecdfd91f6b8a37052b6be61bd6ed5c,ce4da87c98a95a3242f4bba0798cf22c0eecdfd91f6b8a37052b6be61bd6ed5c,True
MZ_Air,R02,149,eas,explicit_no_change,no_change,accepted,53,53,a7e75e9791e0dfcb833f56618e71d97f2819f223534048d8aa5f8a3fa066ecd7,a7e75e9791e0dfcb833f56618e71d97f2819f223534048d8aa5f8a3fa066ecd7,True
MZ_Air,R02,149,nor,explicit_no_change,no_change,accepted,49,49,06d46d4f24729a7b01d0c022b5ae36fde2fc3eace935bda46590561f5c11d93a,06d46d4f24729a7b01d0c022b5ae36fde2fc3eace935bda46590561f5c11d93a,True
MZ_Air,R02,149,sou,explicit_no_change,no_change,accepted,38,38,d6926709a88cd9499edba4fd22bc519a1342d237abea40bb0eb2906378eaa750,d6926709a88cd9499edba4fd22bc519a1342d237abea40bb0eb2906378eaa750,True
MZ_Air,R02,150,cor,explicit_no_change,no_change,accepted,47,47,499f95b1ec21b8d6bbf2bae311f7283e97b9b767abf3b315f873f29d308ff16d,499f95b1ec21b8d6bbf2bae311f7283e97b9b767abf3b315f873f29d308ff16d,True
MZ_Air,R02,150,wes,explicit_no_change,no_change,accepted,43,43,ce4da87c98a95a3242f4bba0798cf22c0eecdfd91f6b8a37052b6be61bd6ed5c,ce4da87c98a95a3242f4bba0798cf22c0eecdfd91f6b8a37052b6be61bd6ed5c,True
MZ_Air,R02,150,eas,explicit_no_change,no_change,accepted,53,53,a7e75e9791e0dfcb833f56618e71d97f2819f223534048d8aa5f8a3fa066ecd7,a7e75e9791e0dfcb833f56618e71d97f2819f223534048d8aa5f8a3fa066ecd7,True
MZ_Air,R02,150,nor,explicit_no_change,no_change,accepted,49,49,06d46d4f24729a7b01d0c022b5ae36fde2fc3eace935bda46590561f5c11d93a,06d46d4f24729a7b01d0c022b5ae36fde2fc3eace935bda46590561f5c11d93a,True
MZ_Air,R02,150,sou,explicit_no_change,no_change,accepted,38,38,d6926709a88cd9499edba4fd22bc519a1342d237abea40bb0eb2906378eaa750,d6926709a88cd9499edba4fd22bc519a1342d237abea40bb0eb2906378eaa750,True
MZ_Air,R02,151,cor,set_param,set_param,accepted,47,48,499f95b1ec21b8d6bbf2bae311f7283e97b9b767abf3b315f873f29d308ff16d,2825ec3272c0315c61d03f659dfd45ed9ebe57d31e08ea69bc142a3e9d897aa0,True
MZ_Air,R02,151,wes,replace_rule,replace_rule,accepted,43,44,ce4da87c98a95a3242f4bba0798cf22c0eecdfd91f6b8a37052b6be61bd6ed5c,eb322953f16639d1271fd0287455c93ee011f27cd1ae41027adc42adc24678cc,True
MZ_Air,R02,151,eas,explicit_no_change,no_change,accepted,53,53,a7e75e9791e0dfcb833f56618e71d97f2819f223534048d8aa5f8a3fa066ecd7,a7e75e9791e0dfcb833f56618e71d97f2819f223534048d8aa5f8a3fa066ecd7,True
MZ_Air,R02,151,nor,explicit_no_change,no_change,accepted,49,49,06d46d4f24729a7b01d0c022b5ae36fde2fc3eace935bda46590561f5c11d93a,06d46d4f24729a7b01d0c022b5ae36fde2fc3eace935bda46590561f5c11d93a,True
MZ_Air,R02,151,sou,explicit_no_change,no_change,accepted,38,38,d6926709a88cd9499edba4fd22bc519a1342d237abea40bb0eb2906378eaa750,d6926709a88cd9499edba4fd22bc519a1342d237abea40bb0eb2906378eaa750,True
MZ_Air,R02,152,cor,explicit_no_change,no_change,accepted,48,48,2825ec3272c0315c61d03f659dfd45ed9ebe57d31e08ea69bc142a3e9d897aa0,2825ec3272c0315c61d03f659dfd45ed9ebe57d31e08ea69bc142a3e9d897aa0,True
MZ_Air,R02,152,wes,add_rule,add_rule,accepted,44,45,eb322953f16639d1271fd0287455c93ee011f27cd1ae41027adc42adc24678cc,6519df03f39b107ecd69560d3c14ab424649922a3d9525a1a3b321abfa6136c1,True
MZ_Air,R02,152,eas,explicit_no_change,no_change,accepted,53,53,a7e75e9791e0dfcb833f56618e71d97f2819f223534048d8aa5f8a3fa066ecd7,a7e75e9791e0dfcb833f56618e71d97f2819f223534048d8aa5f8a3fa066ecd7,True
MZ_Air,R02,152,nor,replace_rule,replace_rule,accepted,49,50,06d46d4f24729a7b01d0c022b5ae36fde2fc3eace935bda46590561f5c11d93a,3d1ea6a6b13c4c9b81f89ca5eebb89d70b1b584d0dd238b59e50368177f52a19,True
MZ_Air,R02,152,sou,explicit_no_change,no_change,accepted,38,38,d6926709a88cd9499edba4fd22bc519a1342d237abea40bb0eb2906378eaa750,d6926709a88cd9499edba4fd22bc519a1342d237abea40bb0eb2906378eaa750,True
MZ_Air,R02,153,cor,replace_rule,replace_rule,accepted,48,49,2825ec3272c0315c61d03f659dfd45ed9ebe57d31e08ea69bc142a3e9d897aa0,e1d7ec9f73e138c3c838315932d8dcef5fffa36b8c3bc1191b2104a310209c2b,True
MZ_Air,R02,153,nor,set_param,set_param,accepted,50,51,3d1ea6a6b13c4c9b81f89ca5eebb89d70b1b584d0dd238b59e50368177f52a19,0f6bb11c3236542dc165d8508e521dea1cef6db572a344bbae641c9256dcad3d,True
MZ_Air,R02,153,sou,explicit_no_change,no_change,accepted,38,38,d6926709a88cd9499edba4fd22bc519a1342d237abea40bb0eb2906378eaa750,d6926709a88cd9499edba4fd22bc519a1342d237abea40bb0eb2906378eaa750,True
MZ_Air,R02,153,eas,replace_rule,replace_rule,accepted,53,54,a7e75e9791e0dfcb833f56618e71d97f2819f223534048d8aa5f8a3fa066ecd7,5fd0a9393aa3e027f41b37678b6d52c72e6701ab6f2fb6ee69e41f71ae84b783,True
MZ_Air,R02,153,wes,set_param,set_param,accepted,45,46,6519df03f39b107ecd69560d3c14ab424649922a3d9525a1a3b321abfa6136c1,861f2025b0d51a6784f0917c43d12b89e9e0773c0c0fd0cc58114811a5a47c38,True
MZ_Air,R02,154,sou,move_rule,move_rule,accepted,38,39,d6926709a88cd9499edba4fd22bc519a1342d237abea40bb0eb2906378eaa750,c77972a251e6010d2c158e571a0328cbb4cce51d045c01a6fd6ac480124b6bc1,True
MZ_Air,R02,154,wes,deterministic_rejection,set_param,rejected,46,46,861f2025b0d51a6784f0917c43d12b89e9e0773c0c0fd0cc58114811a5a47c38,861f2025b0d51a6784f0917c43d12b89e9e0773c0c0fd0cc58114811a5a47c38,True
MZ_Air,R02,154,cor,remove_rule,remove_rule,accepted,49,50,e1d7ec9f73e138c3c838315932d8dcef5fffa36b8c3bc1191b2104a310209c2b,765acbab40ab6358983e048b5d00d71e01286dbf9e37acae061fe259e2937957,True
MZ_Air,R02,154,nor,move_rule,move_rule,accepted,51,52,0f6bb11c3236542dc165d8508e521dea1cef6db572a344bbae641c9256dcad3d,e863cbe183265ca6a718f08eda1373f6ac6172f18a650ea9860963b6e0fd87f5,True
MZ_Air,R02,154,eas,set_param,set_param,accepted,54,55,5fd0a9393aa3e027f41b37678b6d52c72e6701ab6f2fb6ee69e41f71ae84b783,09f38dc7b9d5b16746542a68b22072252c7a331db6aa812129a6e64a8d11f9cf,True
MZ_Air,R02,155,sou,replace_rule,replace_rule,accepted,39,40,c77972a251e6010d2c158e571a0328cbb4cce51d045c01a6fd6ac480124b6bc1,b0aaa85dc3a94ace84dd6fa858db8fb295b7ef08ee4a92e65835c566fa1a6761,True
MZ_Air,R02,155,wes,set_param,set_param,accepted,46,47,861f2025b0d51a6784f0917c43d12b89e9e0773c0c0fd0cc58114811a5a47c38,1bb6c45e1fd516fd2ebdaeca7348499dc0cf3c1fc780c7684b4ea3fbc59462b1,True
MZ_Air,R02,155,cor,explicit_no_change,no_change,accepted,50,50,765acbab40ab6358983e048b5d00d71e01286dbf9e37acae061fe259e2937957,765acbab40ab6358983e048b5d00d71e01286dbf9e37acae061fe259e2937957,True
MZ_Air,R02,155,nor,explicit_no_change,no_change,accepted,52,52,e863cbe183265ca6a718f08eda1373f6ac6172f18a650ea9860963b6e0fd87f5,e863cbe183265ca6a718f08eda1373f6ac6172f18a650ea9860963b6e0fd87f5,True
MZ_Air,R02,155,eas,deterministic_rejection,set_param,rejected,55,55,09f38dc7b9d5b16746542a68b22072252c7a331db6aa812129a6e64a8d11f9cf,09f38dc7b9d5b16746542a68b22072252c7a331db6aa812129a6e64a8d11f9cf,True
MZ_Air,R02,156,wes,deterministic_rejection,replace_rule,rejected,47,47,1bb6c45e1fd516fd2ebdaeca7348499dc0cf3c1fc780c7684b4ea3fbc59462b1,1bb6c45e1fd516fd2ebdaeca7348499dc0cf3c1fc780c7684b4ea3fbc59462b1,True
MZ_Air,R02,156,eas,deterministic_rejection,replace_rule,rejected,55,55,09f38dc7b9d5b16746542a68b22072252c7a331db6aa812129a6e64a8d11f9cf,09f38dc7b9d5b16746542a68b22072252c7a331db6aa812129a6e64a8d11f9cf,True
MZ_Air,R02,156,nor,replace_rule,replace_rule,accepted,52,53,e863cbe183265ca6a718f08eda1373f6ac6172f18a650ea9860963b6e0fd87f5,c6d9bfb60172ea4e9bbe3ad55ad31de7ed35ac6b33c6c3a1037b85f58c12ffb0,True
MZ_Air,R02,156,sou,deterministic_rejection,set_param,rejected,40,40,b0aaa85dc3a94ace84dd6fa858db8fb295b7ef08ee4a92e65835c566fa1a6761,b0aaa85dc3a94ace84dd6fa858db8fb295b7ef08ee4a92e65835c566fa1a6761,True
MZ_Air,R02,156,cor,explicit_no_change,no_change,accepted,50,50,765acbab40ab6358983e048b5d00d71e01286dbf9e37acae061fe259e2937957,765acbab40ab6358983e048b5d00d71e01286dbf9e37acae061fe259e2937957,True
MZ_Air,R02,157,nor,replace_rule,replace_rule,accepted,53,54,c6d9bfb60172ea4e9bbe3ad55ad31de7ed35ac6b33c6c3a1037b85f58c12ffb0,5fe95947f0a9f8f9cdcaa3d2257c39f96a2808456d619d60a49d6613bba04316,True
MZ_Air,R02,157,wes,replace_rule,replace_rule,accepted,47,48,1bb6c45e1fd516fd2ebdaeca7348499dc0cf3c1fc780c7684b4ea3fbc59462b1,8a429e0de6555fffd1ffec86ba2900c4fb866984518a2d741e304b1241ae616c,True
MZ_Air,R02,157,eas,set_param,set_param,accepted,55,56,09f38dc7b9d5b16746542a68b22072252c7a331db6aa812129a6e64a8d11f9cf,5fd0a9393aa3e027f41b37678b6d52c72e6701ab6f2fb6ee69e41f71ae84b783,True
MZ_Air,R02,157,cor,deterministic_rejection,replace_rule,rejected,50,50,765acbab40ab6358983e048b5d00d71e01286dbf9e37acae061fe259e2937957,765acbab40ab6358983e048b5d00d71e01286dbf9e37acae061fe259e2937957,True
MZ_Air,R02,157,sou,add_rule,add_rule,accepted,40,41,b0aaa85dc3a94ace84dd6fa858db8fb295b7ef08ee4a92e65835c566fa1a6761,828e8b1227a95a5a94272d09beaab479f41bb8d1ad7f2f292275c77c6adcc281,True
MZ_Air,R02,158,cor,replace_rule,replace_rule,accepted,50,51,765acbab40ab6358983e048b5d00d71e01286dbf9e37acae061fe259e2937957,a5e2279c5ef0a2b09ed9c442db9f9fb92a118832d15dccd9243cbc0dea5d8cad,True
MZ_Air,R02,158,eas,deterministic_rejection,replace_rule,rejected,56,56,5fd0a9393aa3e027f41b37678b6d52c72e6701ab6f2fb6ee69e41f71ae84b783,5fd0a9393aa3e027f41b37678b6d52c72e6701ab6f2fb6ee69e41f71ae84b783,True
MZ_Air,R02,158,nor,set_param,set_param,accepted,54,55,5fe95947f0a9f8f9cdcaa3d2257c39f96a2808456d619d60a49d6613bba04316,789ccfdbab6fd78b734c64db17c4a9b0a522290e6ee85912f4e2cf7e69b0a883,True
MZ_Air,R02,158,sou,set_param,set_param,accepted,41,42,828e8b1227a95a5a94272d09beaab479f41bb8d1ad7f2f292275c77c6adcc281,437c379ded471c44ca8c47c693699db04309940be94f850407af8dac47ab89fc,True
MZ_Air,R02,158,wes,deterministic_rejection,add_rule,rejected,48,48,8a429e0de6555fffd1ffec86ba2900c4fb866984518a2d741e304b1241ae616c,8a429e0de6555fffd1ffec86ba2900c4fb866984518a2d741e304b1241ae616c,True
MZ_Air,R02,159,eas,deterministic_rejection,replace_rule,rejected,56,56,5fd0a9393aa3e027f41b37678b6d52c72e6701ab6f2fb6ee69e41f71ae84b783,5fd0a9393aa3e027f41b37678b6d52c72e6701ab6f2fb6ee69e41f71ae84b783,True
MZ_Air,R02,159,cor,replace_rule,replace_rule,accepted,51,52,a5e2279c5ef0a2b09ed9c442db9f9fb92a118832d15dccd9243cbc0dea5d8cad,847336788e1fbe778cb0d5a0f3dcd4e2cd4d3af45be1588c6eece8031936b46e,True
MZ_Air,R02,159,wes,replace_rule,replace_rule,accepted,48,49,8a429e0de6555fffd1ffec86ba2900c4fb866984518a2d741e304b1241ae616c,eb3d6c0c785200c2343b72f4fb236dbff7ac5578bdda0309335670249c9c4a56,True
MZ_Air,R02,159,nor,set_param,set_param,accepted,55,56,789ccfdbab6fd78b734c64db17c4a9b0a522290e6ee85912f4e2cf7e69b0a883,5fe95947f0a9f8f9cdcaa3d2257c39f96a2808456d619d60a49d6613bba04316,True
MZ_Air,R02,159,sou,deterministic_rejection,set_param,rejected,42,42,437c379ded471c44ca8c47c693699db04309940be94f850407af8dac47ab89fc,437c379ded471c44ca8c47c693699db04309940be94f850407af8dac47ab89fc,True
MZ_Air,R02,160,eas,deterministic_rejection,add_rule,rejected,56,56,5fd0a9393aa3e027f41b37678b6d52c72e6701ab6f2fb6ee69e41f71ae84b783,5fd0a9393aa3e027f41b37678b6d52c72e6701ab6f2fb6ee69e41f71ae84b783,True
MZ_Air,R02,160,sou,deterministic_rejection,set_param,rejected,42,42,437c379ded471c44ca8c47c693699db04309940be94f850407af8dac47ab89fc,437c379ded471c44ca8c47c693699db04309940be94f850407af8dac47ab89fc,True
MZ_Air,R02,160,cor,replace_rule,replace_rule,accepted,52,53,847336788e1fbe778cb0d5a0f3dcd4e2cd4d3af45be1588c6eece8031936b46e,cfd44f985b048a88f660c68c92f6d86ba5b1aa58e0febb967b6b67a8a33eec6f,True
MZ_Air,R02,160,nor,replace_rule,replace_rule,accepted,56,57,5fe95947f0a9f8f9cdcaa3d2257c39f96a2808456d619d60a49d6613bba04316,7fee0c21cf9428a37f3cdd29ffe1b3053bd9c6ae2638aeca5d65be2ec94a6d70,True
MZ_Air,R02,160,wes,deterministic_rejection,add_rule,rejected,49,49,eb3d6c0c785200c2343b72f4fb236dbff7ac5578bdda0309335670249c9c4a56,eb3d6c0c785200c2343b72f4fb236dbff7ac5578bdda0309335670249c9c4a56,True
MZ_Air,R02,161,eas,deterministic_rejection,replace_rule,rejected,56,56,5fd0a9393aa3e027f41b37678b6d52c72e6701ab6f2fb6ee69e41f71ae84b783,5fd0a9393aa3e027f41b37678b6d52c72e6701ab6f2fb6ee69e41f71ae84b783,True
MZ_Air,R02,161,sou,deterministic_rejection,set_param,rejected,42,42,437c379ded471c44ca8c47c693699db04309940be94f850407af8dac47ab89fc,437c379ded471c44ca8c47c693699db04309940be94f850407af8dac47ab89fc,True
MZ_Air,R02,161,cor,explicit_no_change,no_change,accepted,53,53,cfd44f985b048a88f660c68c92f6d86ba5b1aa58e0febb967b6b67a8a33eec6f,cfd44f985b048a88f660c68c92f6d86ba5b1aa58e0febb967b6b67a8a33eec6f,True
MZ_Air,R02,161,nor,replace_rule,replace_rule,accepted,57,58,7fee0c21cf9428a37f3cdd29ffe1b3053bd9c6ae2638aeca5d65be2ec94a6d70,6073c2942628791a5ba7ba9d7dbd9e6e96c13a58829e681e215ae3257d162903,True
MZ_Air,R02,161,wes,remove_rule,remove_rule,accepted,49,50,eb3d6c0c785200c2343b72f4fb236dbff7ac5578bdda0309335670249c9c4a56,e31306b988202d5c2df6a9016d3cb48b8ad0135a57c386f4990a3b14c6bfa834,True
MZ_Air,R02,162,sou,move_rule,move_rule,accepted,42,43,437c379ded471c44ca8c47c693699db04309940be94f850407af8dac47ab89fc,0834ccc84d1d6baf5d3ef60b1595b2a45e1aff892d41eea4fa6c19d9a3532f03,True
MZ_Air,R02,162,nor,deterministic_rejection,move_rule,rejected,58,58,6073c2942628791a5ba7ba9d7dbd9e6e96c13a58829e681e215ae3257d162903,6073c2942628791a5ba7ba9d7dbd9e6e96c13a58829e681e215ae3257d162903,True
MZ_Air,R02,162,eas,deterministic_rejection,replace_rule,rejected,56,56,5fd0a9393aa3e027f41b37678b6d52c72e6701ab6f2fb6ee69e41f71ae84b783,5fd0a9393aa3e027f41b37678b6d52c72e6701ab6f2fb6ee69e41f71ae84b783,True
MZ_Air,R02,162,cor,explicit_no_change,no_change,accepted,53,53,cfd44f985b048a88f660c68c92f6d86ba5b1aa58e0febb967b6b67a8a33eec6f,cfd44f985b048a88f660c68c92f6d86ba5b1aa58e0febb967b6b67a8a33eec6f,True
MZ_Air,R02,162,wes,deterministic_rejection,add_rule,rejected,50,50,e31306b988202d5c2df6a9016d3cb48b8ad0135a57c386f4990a3b14c6bfa834,e31306b988202d5c2df6a9016d3cb48b8ad0135a57c386f4990a3b14c6bfa834,True
MZ_Air,R02,163,sou,replace_rule,replace_rule,accepted,43,44,0834ccc84d1d6baf5d3ef60b1595b2a45e1aff892d41eea4fa6c19d9a3532f03,d89f0ed659c7ae72bfe3362fa03ab9654caa673f66b1e72588cfa0f9518aa26b,True
MZ_Air,R02,163,eas,deterministic_rejection,replace_rule,rejected,56,56,5fd0a9393aa3e027f41b37678b6d52c72e6701ab6f2fb6ee69e41f71ae84b783,5fd0a9393aa3e027f41b37678b6d52c72e6701ab6f2fb6ee69e41f71ae84b783,True
MZ_Air,R02,163,nor,deterministic_rejection,replace_rule,rejected,58,58,6073c2942628791a5ba7ba9d7dbd9e6e96c13a58829e681e215ae3257d162903,6073c2942628791a5ba7ba9d7dbd9e6e96c13a58829e681e215ae3257d162903,True
MZ_Air,R02,163,wes,deterministic_rejection,replace_rule,rejected,50,50,e31306b988202d5c2df6a9016d3cb48b8ad0135a57c386f4990a3b14c6bfa834,e31306b988202d5c2df6a9016d3cb48b8ad0135a57c386f4990a3b14c6bfa834,True
MZ_Air,R02,163,cor,explicit_no_change,no_change,accepted,53,53,cfd44f985b048a88f660c68c92f6d86ba5b1aa58e0febb967b6b67a8a33eec6f,cfd44f985b048a88f660c68c92f6d86ba5b1aa58e0febb967b6b67a8a33eec6f,True
MZ_Air,R02,164,sou,replace_rule,replace_rule,accepted,44,45,d89f0ed659c7ae72bfe3362fa03ab9654caa673f66b1e72588cfa0f9518aa26b,0fcb057b5c6f3d8c3d5bda47ea4aa7e6d613e08d5bcc75d7da91b56022627cb8,True
MZ_Air,R02,164,eas,deterministic_rejection,replace_rule,rejected,56,56,5fd0a9393aa3e027f41b37678b6d52c72e6701ab6f2fb6ee69e41f71ae84b783,5fd0a9393aa3e027f41b37678b6d52c72e6701ab6f2fb6ee69e41f71ae84b783,True
MZ_Air,R02,164,nor,replace_rule,replace_rule,accepted,58,59,6073c2942628791a5ba7ba9d7dbd9e6e96c13a58829e681e215ae3257d162903,c9bd9a91999463c7e20b99c65359e0245be5703909dbf21c41d4a58be3230cc3,True
MZ_Air,R02,164,wes,deterministic_rejection,replace_rule,rejected,50,50,e31306b988202d5c2df6a9016d3cb48b8ad0135a57c386f4990a3b14c6bfa834,e31306b988202d5c2df6a9016d3cb48b8ad0135a57c386f4990a3b14c6bfa834,True
MZ_Air,R02,164,cor,deterministic_rejection,replace_rule,rejected,53,53,cfd44f985b048a88f660c68c92f6d86ba5b1aa58e0febb967b6b67a8a33eec6f,cfd44f985b048a88f660c68c92f6d86ba5b1aa58e0febb967b6b67a8a33eec6f,True
MZ_Air,R02,165,nor,replace_rule,replace_rule,accepted,59,60,c9bd9a91999463c7e20b99c65359e0245be5703909dbf21c41d4a58be3230cc3,9fe4da9ec55628a2635d2a07a5e3ee5ea3b17f980c11db18c43b05426a7fce0f,True
MZ_Air,R02,165,sou,explicit_no_change,no_change,accepted,45,45,0fcb057b5c6f3d8c3d5bda47ea4aa7e6d613e08d5bcc75d7da91b56022627cb8,0fcb057b5c6f3d8c3d5bda47ea4aa7e6d613e08d5bcc75d7da91b56022627cb8,True
MZ_Air,R02,165,cor,explicit_no_change,no_change,accepted,53,53,cfd44f985b048a88f660c68c92f6d86ba5b1aa58e0febb967b6b67a8a33eec6f,cfd44f985b048a88f660c68c92f6d86ba5b1aa58e0febb967b6b67a8a33eec6f,True
MZ_Air,R02,165,eas,explicit_no_change,no_change,accepted,56,56,5fd0a9393aa3e027f41b37678b6d52c72e6701ab6f2fb6ee69e41f71ae84b783,5fd0a9393aa3e027f41b37678b6d52c72e6701ab6f2fb6ee69e41f71ae84b783,True
MZ_Air,R02,165,wes,deterministic_rejection,replace_rule,rejected,50,50,e31306b988202d5c2df6a9016d3cb48b8ad0135a57c386f4990a3b14c6bfa834,e31306b988202d5c2df6a9016d3cb48b8ad0135a57c386f4990a3b14c6bfa834,True
MZ_Air,R02,166,nor,replace_rule,replace_rule,accepted,60,61,9fe4da9ec55628a2635d2a07a5e3ee5ea3b17f980c11db18c43b05426a7fce0f,31c45fc0051d460151a0f163e963a2ea2d8ac24293c9635af913b410f35a3636,True
MZ_Air,R02,166,sou,explicit_no_change,no_change,accepted,45,45,0fcb057b5c6f3d8c3d5bda47ea4aa7e6d613e08d5bcc75d7da91b56022627cb8,0fcb057b5c6f3d8c3d5bda47ea4aa7e6d613e08d5bcc75d7da91b56022627cb8,True
MZ_Air,R02,166,cor,explicit_no_change,no_change,accepted,53,53,cfd44f985b048a88f660c68c92f6d86ba5b1aa58e0febb967b6b67a8a33eec6f,cfd44f985b048a88f660c68c92f6d86ba5b1aa58e0febb967b6b67a8a33eec6f,True
MZ_Air,R02,166,eas,explicit_no_change,no_change,accepted,56,56,5fd0a9393aa3e027f41b37678b6d52c72e6701ab6f2fb6ee69e41f71ae84b783,5fd0a9393aa3e027f41b37678b6d52c72e6701ab6f2fb6ee69e41f71ae84b783,True
MZ_Air,R02,166,wes,replace_rule,replace_rule,accepted,50,51,e31306b988202d5c2df6a9016d3cb48b8ad0135a57c386f4990a3b14c6bfa834,a19960b68a839a5dd1f4c860afdafc0fec0b01d4f69f1e4bd5d19a1006266151,True
MZ_Air,R02,167,nor,explicit_no_change,no_change,accepted,61,61,31c45fc0051d460151a0f163e963a2ea2d8ac24293c9635af913b410f35a3636,31c45fc0051d460151a0f163e963a2ea2d8ac24293c9635af913b410f35a3636,True
MZ_Air,R02,167,sou,explicit_no_change,no_change,accepted,45,45,0fcb057b5c6f3d8c3d5bda47ea4aa7e6d613e08d5bcc75d7da91b56022627cb8,0fcb057b5c6f3d8c3d5bda47ea4aa7e6d613e08d5bcc75d7da91b56022627cb8,True
MZ_Air,R02,167,cor,explicit_no_change,no_change,accepted,53,53,cfd44f985b048a88f660c68c92f6d86ba5b1aa58e0febb967b6b67a8a33eec6f,cfd44f985b048a88f660c68c92f6d86ba5b1aa58e0febb967b6b67a8a33eec6f,True
MZ_Air,R02,167,eas,explicit_no_change,no_change,accepted,56,56,5fd0a9393aa3e027f41b37678b6d52c72e6701ab6f2fb6ee69e41f71ae84b783,5fd0a9393aa3e027f41b37678b6d52c72e6701ab6f2fb6ee69e41f71ae84b783,True
MZ_Air,R02,167,wes,replace_rule,replace_rule,accepted,51,52,a19960b68a839a5dd1f4c860afdafc0fec0b01d4f69f1e4bd5d19a1006266151,4d4db416373d3e54be2f7d45211fbf2af795c15ac238f5965d8a0c689ed12c41,True
MZ_Air,R02,168,wes,replace_rule,replace_rule,accepted,52,53,4d4db416373d3e54be2f7d45211fbf2af795c15ac238f5965d8a0c689ed12c41,f1b8da0dc7b075c3f97dcae3f237a7e3c0d65951a0a83c30d4b8312675ed144a,True
MZ_Air,R02,168,sou,explicit_no_change,no_change,accepted,45,45,0fcb057b5c6f3d8c3d5bda47ea4aa7e6d613e08d5bcc75d7da91b56022627cb8,0fcb057b5c6f3d8c3d5bda47ea4aa7e6d613e08d5bcc75d7da91b56022627cb8,True
MZ_Air,R02,168,nor,explicit_no_change,no_change,accepted,61,61,31c45fc0051d460151a0f163e963a2ea2d8ac24293c9635af913b410f35a3636,31c45fc0051d460151a0f163e963a2ea2d8ac24293c9635af913b410f35a3636,True
MZ_Air,R02,168,cor,explicit_no_change,no_change,accepted,53,53,cfd44f985b048a88f660c68c92f6d86ba5b1aa58e0febb967b6b67a8a33eec6f,cfd44f985b048a88f660c68c92f6d86ba5b1aa58e0febb967b6b67a8a33eec6f,True
MZ_Air,R02,168,eas,explicit_no_change,no_change,accepted,56,56,5fd0a9393aa3e027f41b37678b6d52c72e6701ab6f2fb6ee69e41f71ae84b783,5fd0a9393aa3e027f41b37678b6d52c72e6701ab6f2fb6ee69e41f71ae84b783,True
MZ_Air,R03,1,wes,explicit_no_change,no_change,accepted,0,0,148991b618bd78876809d302dfbcf3b2564abb5dd76b40327e4181f49b773ba8,148991b618bd78876809d302dfbcf3b2564abb5dd76b40327e4181f49b773ba8,True
MZ_Air,R03,1,sou,explicit_no_change,no_change,accepted,0,0,148991b618bd78876809d302dfbcf3b2564abb5dd76b40327e4181f49b773ba8,148991b618bd78876809d302dfbcf3b2564abb5dd76b40327e4181f49b773ba8,True
MZ_Air,R03,1,eas,explicit_no_change,no_change,accepted,0,0,148991b618bd78876809d302dfbcf3b2564abb5dd76b40327e4181f49b773ba8,148991b618bd78876809d302dfbcf3b2564abb5dd76b40327e4181f49b773ba8,True
MZ_Air,R03,1,nor,explicit_no_change,no_change,accepted,0,0,148991b618bd78876809d302dfbcf3b2564abb5dd76b40327e4181f49b773ba8,148991b618bd78876809d302dfbcf3b2564abb5dd76b40327e4181f49b773ba8,True
MZ_Air,R03,1,cor,explicit_no_change,no_change,accepted,0,0,148991b618bd78876809d302dfbcf3b2564abb5dd76b40327e4181f49b773ba8,148991b618bd78876809d302dfbcf3b2564abb5dd76b40327e4181f49b773ba8,True
MZ_Air,R03,2,wes,explicit_no_change,no_change,accepted,0,0,148991b618bd78876809d302dfbcf3b2564abb5dd76b40327e4181f49b773ba8,148991b618bd78876809d302dfbcf3b2564abb5dd76b40327e4181f49b773ba8,True
MZ_Air,R03,2,sou,explicit_no_change,no_change,accepted,0,0,148991b618bd78876809d302dfbcf3b2564abb5dd76b40327e4181f49b773ba8,148991b618bd78876809d302dfbcf3b2564abb5dd76b40327e4181f49b773ba8,True
MZ_Air,R03,2,eas,explicit_no_change,no_change,accepted,0,0,148991b618bd78876809d302dfbcf3b2564abb5dd76b40327e4181f49b773ba8,148991b618bd78876809d302dfbcf3b2564abb5dd76b40327e4181f49b773ba8,True
MZ_Air,R03,2,nor,explicit_no_change,no_change,accepted,0,0,148991b618bd78876809d302dfbcf3b2564abb5dd76b40327e4181f49b773ba8,148991b618bd78876809d302dfbcf3b2564abb5dd76b40327e4181f49b773ba8,True
MZ_Air,R03,2,cor,explicit_no_change,no_change,accepted,0,0,148991b618bd78876809d302dfbcf3b2564abb5dd76b40327e4181f49b773ba8,148991b618bd78876809d302dfbcf3b2564abb5dd76b40327e4181f49b773ba8,True
MZ_Air,R03,3,wes,explicit_no_change,no_change,accepted,0,0,148991b618bd78876809d302dfbcf3b2564abb5dd76b40327e4181f49b773ba8,148991b618bd78876809d302dfbcf3b2564abb5dd76b40327e4181f49b773ba8,True
MZ_Air,R03,3,sou,explicit_no_change,no_change,accepted,0,0,148991b618bd78876809d302dfbcf3b2564abb5dd76b40327e4181f49b773ba8,148991b618bd78876809d302dfbcf3b2564abb5dd76b40327e4181f49b773ba8,True
MZ_Air,R03,3,eas,explicit_no_change,no_change,accepted,0,0,148991b618bd78876809d302dfbcf3b2564abb5dd76b40327e4181f49b773ba8,148991b618bd78876809d302dfbcf3b2564abb5dd76b40327e4181f49b773ba8,True
MZ_Air,R03,3,nor,explicit_no_change,no_change,accepted,0,0,148991b618bd78876809d302dfbcf3b2564abb5dd76b40327e4181f49b773ba8,148991b618bd78876809d302dfbcf3b2564abb5dd76b40327e4181f49b773ba8,True
MZ_Air,R03,3,cor,explicit_no_change,no_change,accepted,0,0,148991b618bd78876809d302dfbcf3b2564abb5dd76b40327e4181f49b773ba8,148991b618bd78876809d302dfbcf3b2564abb5dd76b40327e4181f49b773ba8,True
MZ_Air,R03,4,wes,explicit_no_change,no_change,accepted,0,0,148991b618bd78876809d302dfbcf3b2564abb5dd76b40327e4181f49b773ba8,148991b618bd78876809d302dfbcf3b2564abb5dd76b40327e4181f49b773ba8,True
MZ_Air,R03,4,sou,explicit_no_change,no_change,accepted,0,0,148991b618bd78876809d302dfbcf3b2564abb5dd76b40327e4181f49b773ba8,148991b618bd78876809d302dfbcf3b2564abb5dd76b40327e4181f49b773ba8,True
MZ_Air,R03,4,eas,explicit_no_change,no_change,accepted,0,0,148991b618bd78876809d302dfbcf3b2564abb5dd76b40327e4181f49b773ba8,148991b618bd78876809d302dfbcf3b2564abb5dd76b40327e4181f49b773ba8,True
MZ_Air,R03,4,nor,explicit_no_change,no_change,accepted,0,0,148991b618bd78876809d302dfbcf3b2564abb5dd76b40327e4181f49b773ba8,148991b618bd78876809d302dfbcf3b2564abb5dd76b40327e4181f49b773ba8,True
MZ_Air,R03,4,cor,explicit_no_change,no_change,accepted,0,0,148991b618bd78876809d302dfbcf3b2564abb5dd76b40327e4181f49b773ba8,148991b618bd78876809d302dfbcf3b2564abb5dd76b40327e4181f49b773ba8,True
MZ_Air,R03,5,cor,explicit_no_change,no_change,accepted,0,0,148991b618bd78876809d302dfbcf3b2564abb5dd76b40327e4181f49b773ba8,148991b618bd78876809d302dfbcf3b2564abb5dd76b40327e4181f49b773ba8,True
MZ_Air,R03,5,eas,explicit_no_change,no_change,accepted,0,0,148991b618bd78876809d302dfbcf3b2564abb5dd76b40327e4181f49b773ba8,148991b618bd78876809d302dfbcf3b2564abb5dd76b40327e4181f49b773ba8,True
MZ_Air,R03,5,nor,explicit_no_change,no_change,accepted,0,0,148991b618bd78876809d302dfbcf3b2564abb5dd76b40327e4181f49b773ba8,148991b618bd78876809d302dfbcf3b2564abb5dd76b40327e4181f49b773ba8,True
MZ_Air,R03,5,sou,explicit_no_change,no_change,accepted,0,0,148991b618bd78876809d302dfbcf3b2564abb5dd76b40327e4181f49b773ba8,148991b618bd78876809d302dfbcf3b2564abb5dd76b40327e4181f49b773ba8,True
MZ_Air,R03,5,wes,explicit_no_change,no_change,accepted,0,0,148991b618bd78876809d302dfbcf3b2564abb5dd76b40327e4181f49b773ba8,148991b618bd78876809d302dfbcf3b2564abb5dd76b40327e4181f49b773ba8,True
MZ_Air,R03,6,cor,explicit_no_change,no_change,accepted,0,0,148991b618bd78876809d302dfbcf3b2564abb5dd76b40327e4181f49b773ba8,148991b618bd78876809d302dfbcf3b2564abb5dd76b40327e4181f49b773ba8,True
MZ_Air,R03,6,eas,add_rule,add_rule,accepted,0,1,148991b618bd78876809d302dfbcf3b2564abb5dd76b40327e4181f49b773ba8,03bdb29a5724b0abcf3389321d6b07f00991319239a7dc298a072780af597f1d,True
MZ_Air,R03,6,nor,explicit_no_change,no_change,accepted,0,0,148991b618bd78876809d302dfbcf3b2564abb5dd76b40327e4181f49b773ba8,148991b618bd78876809d302dfbcf3b2564abb5dd76b40327e4181f49b773ba8,True
MZ_Air,R03,6,sou,explicit_no_change,no_change,accepted,0,0,148991b618bd78876809d302dfbcf3b2564abb5dd76b40327e4181f49b773ba8,148991b618bd78876809d302dfbcf3b2564abb5dd76b40327e4181f49b773ba8,True
MZ_Air,R03,6,wes,explicit_no_change,no_change,accepted,0,0,148991b618bd78876809d302dfbcf3b2564abb5dd76b40327e4181f49b773ba8,148991b618bd78876809d302dfbcf3b2564abb5dd76b40327e4181f49b773ba8,True
MZ_Air,R03,7,cor,deterministic_rejection,move_rule,rejected,0,0,148991b618bd78876809d302dfbcf3b2564abb5dd76b40327e4181f49b773ba8,148991b618bd78876809d302dfbcf3b2564abb5dd76b40327e4181f49b773ba8,True
MZ_Air,R03,7,eas,deterministic_rejection,replace_rule,rejected,1,1,03bdb29a5724b0abcf3389321d6b07f00991319239a7dc298a072780af597f1d,03bdb29a5724b0abcf3389321d6b07f00991319239a7dc298a072780af597f1d,True
MZ_Air,R03,7,nor,explicit_no_change,no_change,accepted,0,0,148991b618bd78876809d302dfbcf3b2564abb5dd76b40327e4181f49b773ba8,148991b618bd78876809d302dfbcf3b2564abb5dd76b40327e4181f49b773ba8,True
MZ_Air,R03,7,sou,explicit_no_change,no_change,accepted,0,0,148991b618bd78876809d302dfbcf3b2564abb5dd76b40327e4181f49b773ba8,148991b618bd78876809d302dfbcf3b2564abb5dd76b40327e4181f49b773ba8,True
MZ_Air,R03,7,wes,explicit_no_change,no_change,accepted,0,0,148991b618bd78876809d302dfbcf3b2564abb5dd76b40327e4181f49b773ba8,148991b618bd78876809d302dfbcf3b2564abb5dd76b40327e4181f49b773ba8,True
MZ_Air,R03,8,cor,deterministic_rejection,set_param,rejected,0,0,148991b618bd78876809d302dfbcf3b2564abb5dd76b40327e4181f49b773ba8,148991b618bd78876809d302dfbcf3b2564abb5dd76b40327e4181f49b773ba8,True
MZ_Air,R03,8,eas,replace_rule,replace_rule,accepted,1,2,03bdb29a5724b0abcf3389321d6b07f00991319239a7dc298a072780af597f1d,99358eaa5828a5b73f0ce7010c47c661979060fce37ee5ac490df24fb4620b16,True
MZ_Air,R03,8,nor,explicit_no_change,no_change,accepted,0,0,148991b618bd78876809d302dfbcf3b2564abb5dd76b40327e4181f49b773ba8,148991b618bd78876809d302dfbcf3b2564abb5dd76b40327e4181f49b773ba8,True
MZ_Air,R03,8,sou,explicit_no_change,no_change,accepted,0,0,148991b618bd78876809d302dfbcf3b2564abb5dd76b40327e4181f49b773ba8,148991b618bd78876809d302dfbcf3b2564abb5dd76b40327e4181f49b773ba8,True
MZ_Air,R03,8,wes,explicit_no_change,no_change,accepted,0,0,148991b618bd78876809d302dfbcf3b2564abb5dd76b40327e4181f49b773ba8,148991b618bd78876809d302dfbcf3b2564abb5dd76b40327e4181f49b773ba8,True
MZ_Air,R03,9,cor,deterministic_rejection,add_rule,rejected,0,0,148991b618bd78876809d302dfbcf3b2564abb5dd76b40327e4181f49b773ba8,148991b618bd78876809d302dfbcf3b2564abb5dd76b40327e4181f49b773ba8,True
MZ_Air,R03,9,nor,set_param,set_param,accepted,0,1,148991b618bd78876809d302dfbcf3b2564abb5dd76b40327e4181f49b773ba8,f072c502a0279df5a94b38b2151d8029efa076815f2301734a4598ce3dc289c8,True
MZ_Air,R03,9,sou,set_param,set_param,accepted,0,1,148991b618bd78876809d302dfbcf3b2564abb5dd76b40327e4181f49b773ba8,1709a3faa0cb135326b11050cb467e499ca96b8fd5974cdfe5da5816d7f00b75,True
MZ_Air,R03,9,eas,set_param,set_param,accepted,2,3,99358eaa5828a5b73f0ce7010c47c661979060fce37ee5ac490df24fb4620b16,bb258c63730b9c23c25c93430f431108a71c65597f045b9db6f4f6f9cdb34d0f,True
MZ_Air,R03,9,wes,set_param,set_param,accepted,0,1,148991b618bd78876809d302dfbcf3b2564abb5dd76b40327e4181f49b773ba8,903b9f3d5093e6681223a04b9d01e66582d668cd92229d8fb3ccc6cf5ec9129c,True
MZ_Air,R03,10,eas,set_param,set_param,accepted,3,4,bb258c63730b9c23c25c93430f431108a71c65597f045b9db6f4f6f9cdb34d0f,1f0fa8bef7e9345bd8a5577c0a6f06780de5c9f106a3310e0dade915f551b6e9,True
MZ_Air,R03,10,nor,deterministic_rejection,set_param,rejected,1,1,f072c502a0279df5a94b38b2151d8029efa076815f2301734a4598ce3dc289c8,f072c502a0279df5a94b38b2151d8029efa076815f2301734a4598ce3dc289c8,True
MZ_Air,R03,10,sou,set_param,set_param,accepted,1,2,1709a3faa0cb135326b11050cb467e499ca96b8fd5974cdfe5da5816d7f00b75,c95cede6b37a6285e628071aad8dbd6649f6eb15fce2551560142961fbee83e3,True
MZ_Air,R03,10,wes,deterministic_rejection,set_param,rejected,1,1,903b9f3d5093e6681223a04b9d01e66582d668cd92229d8fb3ccc6cf5ec9129c,903b9f3d5093e6681223a04b9d01e66582d668cd92229d8fb3ccc6cf5ec9129c,True
MZ_Air,R03,10,cor,deterministic_rejection,set_param,rejected,0,0,148991b618bd78876809d302dfbcf3b2564abb5dd76b40327e4181f49b773ba8,148991b618bd78876809d302dfbcf3b2564abb5dd76b40327e4181f49b773ba8,True
MZ_Air,R03,11,sou,deterministic_rejection,add_rule,rejected,2,2,c95cede6b37a6285e628071aad8dbd6649f6eb15fce2551560142961fbee83e3,c95cede6b37a6285e628071aad8dbd6649f6eb15fce2551560142961fbee83e3,True
MZ_Air,R03,11,wes,schema_fallback,no_change,model_output_rejected,1,1,903b9f3d5093e6681223a04b9d01e66582d668cd92229d8fb3ccc6cf5ec9129c,903b9f3d5093e6681223a04b9d01e66582d668cd92229d8fb3ccc6cf5ec9129c,True
MZ_Air,R03,11,nor,explicit_no_change,no_change,accepted,1,1,f072c502a0279df5a94b38b2151d8029efa076815f2301734a4598ce3dc289c8,f072c502a0279df5a94b38b2151d8029efa076815f2301734a4598ce3dc289c8,True
MZ_Air,R03,11,cor,set_param,set_param,accepted,0,1,148991b618bd78876809d302dfbcf3b2564abb5dd76b40327e4181f49b773ba8,ec198222a5e8c71e1bb38e3221ad12254ed57a0d8f3cd80fc4c8227212dc0e8a,True
MZ_Air,R03,11,eas,set_param,set_param,accepted,4,5,1f0fa8bef7e9345bd8a5577c0a6f06780de5c9f106a3310e0dade915f551b6e9,7a39ac6b7ad732d0f1be212c6afb309dd616eb6904f383bb6845ac4155f7547b,True
MZ_Air,R03,12,sou,set_param,set_param,accepted,2,3,c95cede6b37a6285e628071aad8dbd6649f6eb15fce2551560142961fbee83e3,84246915aae1a05444ab00dcce0c2120cec2a0f38dd6872945663bb847f24b55,True
MZ_Air,R03,12,wes,set_param,set_param,accepted,1,2,903b9f3d5093e6681223a04b9d01e66582d668cd92229d8fb3ccc6cf5ec9129c,c95cede6b37a6285e628071aad8dbd6649f6eb15fce2551560142961fbee83e3,True
MZ_Air,R03,12,nor,set_param,set_param,accepted,1,2,f072c502a0279df5a94b38b2151d8029efa076815f2301734a4598ce3dc289c8,02623623042163c421814c4133e38f49d4227b5ea517b67cfb1447a3c5320c33,True
MZ_Air,R03,12,cor,replace_rule,replace_rule,accepted,1,2,ec198222a5e8c71e1bb38e3221ad12254ed57a0d8f3cd80fc4c8227212dc0e8a,223a4578a3f3910aa49f38afe2dfecbe5932f5029daed988cd76bcc4a72226b7,True
MZ_Air,R03,12,eas,set_param,set_param,accepted,5,6,7a39ac6b7ad732d0f1be212c6afb309dd616eb6904f383bb6845ac4155f7547b,99358eaa5828a5b73f0ce7010c47c661979060fce37ee5ac490df24fb4620b16,True
MZ_Air,R03,13,eas,set_param,set_param,accepted,6,7,99358eaa5828a5b73f0ce7010c47c661979060fce37ee5ac490df24fb4620b16,65a736f1b610b26a3ca7d1afab6479c173c52f5abefefcf026db08094d68b7e1,True
MZ_Air,R03,13,nor,deterministic_rejection,replace_rule,rejected,2,2,02623623042163c421814c4133e38f49d4227b5ea517b67cfb1447a3c5320c33,02623623042163c421814c4133e38f49d4227b5ea517b67cfb1447a3c5320c33,True
MZ_Air,R03,13,wes,explicit_no_change,no_change,accepted,2,2,c95cede6b37a6285e628071aad8dbd6649f6eb15fce2551560142961fbee83e3,c95cede6b37a6285e628071aad8dbd6649f6eb15fce2551560142961fbee83e3,True
MZ_Air,R03,13,cor,set_param,set_param,accepted,2,3,223a4578a3f3910aa49f38afe2dfecbe5932f5029daed988cd76bcc4a72226b7,0515a484031e4eff07805f6d504a38a9d23f217d4b8c1f51301cbeaa14c8dbef,True
MZ_Air,R03,13,sou,set_param,set_param,accepted,3,4,84246915aae1a05444ab00dcce0c2120cec2a0f38dd6872945663bb847f24b55,c95cede6b37a6285e628071aad8dbd6649f6eb15fce2551560142961fbee83e3,True
MZ_Air,R03,14,sou,deterministic_rejection,set_param,rejected,4,4,c95cede6b37a6285e628071aad8dbd6649f6eb15fce2551560142961fbee83e3,c95cede6b37a6285e628071aad8dbd6649f6eb15fce2551560142961fbee83e3,True
MZ_Air,R03,14,wes,schema_fallback,no_change,model_output_rejected,2,2,c95cede6b37a6285e628071aad8dbd6649f6eb15fce2551560142961fbee83e3,c95cede6b37a6285e628071aad8dbd6649f6eb15fce2551560142961fbee83e3,True
MZ_Air,R03,14,nor,set_param,set_param,accepted,2,3,02623623042163c421814c4133e38f49d4227b5ea517b67cfb1447a3c5320c33,c8c5537a6019550a75f1479824583ba0b163cd04996005a70b19597690a78b40,True
MZ_Air,R03,14,eas,set_param,set_param,accepted,7,8,65a736f1b610b26a3ca7d1afab6479c173c52f5abefefcf026db08094d68b7e1,2a5e458f530b8781d588355bd5796277d0ee93ce5829e5ae36da50572fe81224,True
MZ_Air,R03,14,cor,replace_rule,replace_rule,accepted,3,4,0515a484031e4eff07805f6d504a38a9d23f217d4b8c1f51301cbeaa14c8dbef,fa938ce295d9bbba94effd300488df324e5e2b34480c142ed3325bf95f55ec35,True
MZ_Air,R03,15,wes,deterministic_rejection,set_param,rejected,2,2,c95cede6b37a6285e628071aad8dbd6649f6eb15fce2551560142961fbee83e3,c95cede6b37a6285e628071aad8dbd6649f6eb15fce2551560142961fbee83e3,True
MZ_Air,R03,15,nor,deterministic_rejection,set_param,rejected,3,3,c8c5537a6019550a75f1479824583ba0b163cd04996005a70b19597690a78b40,c8c5537a6019550a75f1479824583ba0b163cd04996005a70b19597690a78b40,True
MZ_Air,R03,15,eas,deterministic_rejection,replace_rule,rejected,8,8,2a5e458f530b8781d588355bd5796277d0ee93ce5829e5ae36da50572fe81224,2a5e458f530b8781d588355bd5796277d0ee93ce5829e5ae36da50572fe81224,True
MZ_Air,R03,15,sou,set_param,set_param,accepted,4,5,c95cede6b37a6285e628071aad8dbd6649f6eb15fce2551560142961fbee83e3,c8736337c83f03723dfd6a019a0f8030fea65c7002739a58c65a1dddcfa2cdea,True
MZ_Air,R03,15,cor,replace_rule,replace_rule,accepted,4,5,fa938ce295d9bbba94effd300488df324e5e2b34480c142ed3325bf95f55ec35,60fdb46ca8bb1cf3e0393454beb17ffee1e6bcc77c177fb6a2ffc49f6ed174ce,True
MZ_Air,R03,16,eas,deterministic_rejection,replace_rule,rejected,8,8,2a5e458f530b8781d588355bd5796277d0ee93ce5829e5ae36da50572fe81224,2a5e458f530b8781d588355bd5796277d0ee93ce5829e5ae36da50572fe81224,True
MZ_Air,R03,16,sou,deterministic_rejection,add_rule,rejected,5,5,c8736337c83f03723dfd6a019a0f8030fea65c7002739a58c65a1dddcfa2cdea,c8736337c83f03723dfd6a019a0f8030fea65c7002739a58c65a1dddcfa2cdea,True
MZ_Air,R03,16,wes,deterministic_rejection,add_rule,rejected,2,2,c95cede6b37a6285e628071aad8dbd6649f6eb15fce2551560142961fbee83e3,c95cede6b37a6285e628071aad8dbd6649f6eb15fce2551560142961fbee83e3,True
MZ_Air,R03,16,nor,schema_fallback,no_change,model_output_rejected,3,3,c8c5537a6019550a75f1479824583ba0b163cd04996005a70b19597690a78b40,c8c5537a6019550a75f1479824583ba0b163cd04996005a70b19597690a78b40,True
MZ_Air,R03,16,cor,replace_rule,replace_rule,accepted,5,6,60fdb46ca8bb1cf3e0393454beb17ffee1e6bcc77c177fb6a2ffc49f6ed174ce,ac474db701426591d06763f5415be0522403f517872d7b30ddc17d3e9ffc72e5,True
MZ_Air,R03,17,cor,replace_rule,replace_rule,accepted,6,7,ac474db701426591d06763f5415be0522403f517872d7b30ddc17d3e9ffc72e5,73eff3e2a2e599bdc35532e64bda09afe673f4e7bb543b404cea8974947630d1,True
MZ_Air,R03,17,nor,set_param,set_param,accepted,3,4,c8c5537a6019550a75f1479824583ba0b163cd04996005a70b19597690a78b40,d5f3ba256a7e38da0a34ad81760766f148b1b7b319eed7ffec5aef600287341e,True
MZ_Air,R03,17,sou,deterministic_rejection,replace_rule,rejected,5,5,c8736337c83f03723dfd6a019a0f8030fea65c7002739a58c65a1dddcfa2cdea,c8736337c83f03723dfd6a019a0f8030fea65c7002739a58c65a1dddcfa2cdea,True
MZ_Air,R03,17,eas,deterministic_rejection,replace_rule,rejected,8,8,2a5e458f530b8781d588355bd5796277d0ee93ce5829e5ae36da50572fe81224,2a5e458f530b8781d588355bd5796277d0ee93ce5829e5ae36da50572fe81224,True
MZ_Air,R03,17,wes,deterministic_rejection,add_rule,rejected,2,2,c95cede6b37a6285e628071aad8dbd6649f6eb15fce2551560142961fbee83e3,c95cede6b37a6285e628071aad8dbd6649f6eb15fce2551560142961fbee83e3,True
MZ_Air,R03,18,cor,replace_rule,replace_rule,accepted,7,8,73eff3e2a2e599bdc35532e64bda09afe673f4e7bb543b404cea8974947630d1,13ab6d64072b8868c59de14ff28babb8306fdeeb7cc01f84f2e87676bd47b2be,True
MZ_Air,R03,18,nor,set_param,set_param,accepted,4,5,d5f3ba256a7e38da0a34ad81760766f148b1b7b319eed7ffec5aef600287341e,c96b0ef7d50afef00ce9c3a750a7d215928a3ff7187dcf904fc907808ecebde0,True
MZ_Air,R03,18,sou,schema_fallback,no_change,model_output_rejected,5,5,c8736337c83f03723dfd6a019a0f8030fea65c7002739a58c65a1dddcfa2cdea,c8736337c83f03723dfd6a019a0f8030fea65c7002739a58c65a1dddcfa2cdea,True
MZ_Air,R03,18,eas,deterministic_rejection,replace_rule,rejected,8,8,2a5e458f530b8781d588355bd5796277d0ee93ce5829e5ae36da50572fe81224,2a5e458f530b8781d588355bd5796277d0ee93ce5829e5ae36da50572fe81224,True
MZ_Air,R03,18,wes,deterministic_rejection,set_param,rejected,2,2,c95cede6b37a6285e628071aad8dbd6649f6eb15fce2551560142961fbee83e3,c95cede6b37a6285e628071aad8dbd6649f6eb15fce2551560142961fbee83e3,True
MZ_Air,R03,19,cor,replace_rule,replace_rule,accepted,8,9,13ab6d64072b8868c59de14ff28babb8306fdeeb7cc01f84f2e87676bd47b2be,0515a484031e4eff07805f6d504a38a9d23f217d4b8c1f51301cbeaa14c8dbef,True
MZ_Air,R03,19,nor,deterministic_rejection,set_param,rejected,5,5,c96b0ef7d50afef00ce9c3a750a7d215928a3ff7187dcf904fc907808ecebde0,c96b0ef7d50afef00ce9c3a750a7d215928a3ff7187dcf904fc907808ecebde0,True
MZ_Air,R03,19,sou,deterministic_rejection,add_rule,rejected,5,5,c8736337c83f03723dfd6a019a0f8030fea65c7002739a58c65a1dddcfa2cdea,c8736337c83f03723dfd6a019a0f8030fea65c7002739a58c65a1dddcfa2cdea,True
MZ_Air,R03,19,eas,deterministic_rejection,add_rule,rejected,8,8,2a5e458f530b8781d588355bd5796277d0ee93ce5829e5ae36da50572fe81224,2a5e458f530b8781d588355bd5796277d0ee93ce5829e5ae36da50572fe81224,True
MZ_Air,R03,19,wes,deterministic_rejection,replace_rule,rejected,2,2,c95cede6b37a6285e628071aad8dbd6649f6eb15fce2551560142961fbee83e3,c95cede6b37a6285e628071aad8dbd6649f6eb15fce2551560142961fbee83e3,True
MZ_Air,R03,20,cor,explicit_no_change,no_change,accepted,9,9,0515a484031e4eff07805f6d504a38a9d23f217d4b8c1f51301cbeaa14c8dbef,0515a484031e4eff07805f6d504a38a9d23f217d4b8c1f51301cbeaa14c8dbef,True
MZ_Air,R03,20,nor,replace_rule,replace_rule,accepted,5,6,c96b0ef7d50afef00ce9c3a750a7d215928a3ff7187dcf904fc907808ecebde0,0745e58de329ff20675a8b5b334e5d11610c9d79cf5d8439e9d6b38736724d30,True
MZ_Air,R03,20,sou,deterministic_rejection,replace_rule,rejected,5,5,c8736337c83f03723dfd6a019a0f8030fea65c7002739a58c65a1dddcfa2cdea,c8736337c83f03723dfd6a019a0f8030fea65c7002739a58c65a1dddcfa2cdea,True
MZ_Air,R03,20,eas,replace_rule,replace_rule,accepted,8,9,2a5e458f530b8781d588355bd5796277d0ee93ce5829e5ae36da50572fe81224,c52a5b7b5438c80728515f65a1e2aedf4fe3fc4e6e21a340ddc9a7b2c7301e61,True
MZ_Air,R03,20,wes,deterministic_rejection,replace_rule,rejected,2,2,c95cede6b37a6285e628071aad8dbd6649f6eb15fce2551560142961fbee83e3,c95cede6b37a6285e628071aad8dbd6649f6eb15fce2551560142961fbee83e3,True
MZ_Air,R03,21,cor,explicit_no_change,no_change,accepted,9,9,0515a484031e4eff07805f6d504a38a9d23f217d4b8c1f51301cbeaa14c8dbef,0515a484031e4eff07805f6d504a38a9d23f217d4b8c1f51301cbeaa14c8dbef,True
MZ_Air,R03,21,nor,replace_rule,replace_rule,accepted,6,7,0745e58de329ff20675a8b5b334e5d11610c9d79cf5d8439e9d6b38736724d30,ff12538990385ba23f85fda26d2710a2901db62e4188ebe6898cd7c9a3f4feb7,True
MZ_Air,R03,21,sou,deterministic_rejection,replace_rule,rejected,5,5,c8736337c83f03723dfd6a019a0f8030fea65c7002739a58c65a1dddcfa2cdea,c8736337c83f03723dfd6a019a0f8030fea65c7002739a58c65a1dddcfa2cdea,True
MZ_Air,R03,21,eas,deterministic_rejection,replace_rule,rejected,9,9,c52a5b7b5438c80728515f65a1e2aedf4fe3fc4e6e21a340ddc9a7b2c7301e61,c52a5b7b5438c80728515f65a1e2aedf4fe3fc4e6e21a340ddc9a7b2c7301e61,True
MZ_Air,R03,21,wes,deterministic_rejection,replace_rule,rejected,2,2,c95cede6b37a6285e628071aad8dbd6649f6eb15fce2551560142961fbee83e3,c95cede6b37a6285e628071aad8dbd6649f6eb15fce2551560142961fbee83e3,True
MZ_Air,R03,22,nor,deterministic_rejection,replace_rule,rejected,7,7,ff12538990385ba23f85fda26d2710a2901db62e4188ebe6898cd7c9a3f4feb7,ff12538990385ba23f85fda26d2710a2901db62e4188ebe6898cd7c9a3f4feb7,True
MZ_Air,R03,22,eas,explicit_no_change,no_change,accepted,9,9,c52a5b7b5438c80728515f65a1e2aedf4fe3fc4e6e21a340ddc9a7b2c7301e61,c52a5b7b5438c80728515f65a1e2aedf4fe3fc4e6e21a340ddc9a7b2c7301e61,True
MZ_Air,R03,22,cor,add_rule,add_rule,accepted,9,10,0515a484031e4eff07805f6d504a38a9d23f217d4b8c1f51301cbeaa14c8dbef,c6627f1ce05b41559508dedccae9db9051e983915fa69882ba91b586b043884b,True
MZ_Air,R03,22,sou,explicit_no_change,no_change,accepted,5,5,c8736337c83f03723dfd6a019a0f8030fea65c7002739a58c65a1dddcfa2cdea,c8736337c83f03723dfd6a019a0f8030fea65c7002739a58c65a1dddcfa2cdea,True
MZ_Air,R03,22,wes,replace_rule,replace_rule,accepted,2,3,c95cede6b37a6285e628071aad8dbd6649f6eb15fce2551560142961fbee83e3,f16498070da7f9572d9bbdf0f5eec833a68a26aaa8992d9bb332607cf0f593e7,True
MZ_Air,R03,23,nor,schema_fallback,no_change,model_output_rejected,7,7,ff12538990385ba23f85fda26d2710a2901db62e4188ebe6898cd7c9a3f4feb7,ff12538990385ba23f85fda26d2710a2901db62e4188ebe6898cd7c9a3f4feb7,True
MZ_Air,R03,23,eas,explicit_no_change,no_change,accepted,9,9,c52a5b7b5438c80728515f65a1e2aedf4fe3fc4e6e21a340ddc9a7b2c7301e61,c52a5b7b5438c80728515f65a1e2aedf4fe3fc4e6e21a340ddc9a7b2c7301e61,True
MZ_Air,R03,23,cor,explicit_no_change,no_change,accepted,10,10,c6627f1ce05b41559508dedccae9db9051e983915fa69882ba91b586b043884b,c6627f1ce05b41559508dedccae9db9051e983915fa69882ba91b586b043884b,True
MZ_Air,R03,23,sou,explicit_no_change,no_change,accepted,5,5,c8736337c83f03723dfd6a019a0f8030fea65c7002739a58c65a1dddcfa2cdea,c8736337c83f03723dfd6a019a0f8030fea65c7002739a58c65a1dddcfa2cdea,True
MZ_Air,R03,23,wes,replace_rule,replace_rule,accepted,3,4,f16498070da7f9572d9bbdf0f5eec833a68a26aaa8992d9bb332607cf0f593e7,d3b3c1b83eda73f20e340fd910f7626671a977ecf9d4972bad2a731a299a844e,True
MZ_Air,R03,24,nor,explicit_no_change,no_change,accepted,7,7,ff12538990385ba23f85fda26d2710a2901db62e4188ebe6898cd7c9a3f4feb7,ff12538990385ba23f85fda26d2710a2901db62e4188ebe6898cd7c9a3f4feb7,True
MZ_Air,R03,24,eas,explicit_no_change,no_change,accepted,9,9,c52a5b7b5438c80728515f65a1e2aedf4fe3fc4e6e21a340ddc9a7b2c7301e61,c52a5b7b5438c80728515f65a1e2aedf4fe3fc4e6e21a340ddc9a7b2c7301e61,True
MZ_Air,R03,24,cor,explicit_no_change,no_change,accepted,10,10,c6627f1ce05b41559508dedccae9db9051e983915fa69882ba91b586b043884b,c6627f1ce05b41559508dedccae9db9051e983915fa69882ba91b586b043884b,True
MZ_Air,R03,24,sou,explicit_no_change,no_change,accepted,5,5,c8736337c83f03723dfd6a019a0f8030fea65c7002739a58c65a1dddcfa2cdea,c8736337c83f03723dfd6a019a0f8030fea65c7002739a58c65a1dddcfa2cdea,True
MZ_Air,R03,24,wes,explicit_no_change,no_change,accepted,4,4,d3b3c1b83eda73f20e340fd910f7626671a977ecf9d4972bad2a731a299a844e,d3b3c1b83eda73f20e340fd910f7626671a977ecf9d4972bad2a731a299a844e,True
MZ_Air,R03,25,nor,explicit_no_change,no_change,accepted,7,7,ff12538990385ba23f85fda26d2710a2901db62e4188ebe6898cd7c9a3f4feb7,ff12538990385ba23f85fda26d2710a2901db62e4188ebe6898cd7c9a3f4feb7,True
MZ_Air,R03,25,eas,explicit_no_change,no_change,accepted,9,9,c52a5b7b5438c80728515f65a1e2aedf4fe3fc4e6e21a340ddc9a7b2c7301e61,c52a5b7b5438c80728515f65a1e2aedf4fe3fc4e6e21a340ddc9a7b2c7301e61,True
MZ_Air,R03,25,cor,explicit_no_change,no_change,accepted,10,10,c6627f1ce05b41559508dedccae9db9051e983915fa69882ba91b586b043884b,c6627f1ce05b41559508dedccae9db9051e983915fa69882ba91b586b043884b,True
MZ_Air,R03,25,sou,explicit_no_change,no_change,accepted,5,5,c8736337c83f03723dfd6a019a0f8030fea65c7002739a58c65a1dddcfa2cdea,c8736337c83f03723dfd6a019a0f8030fea65c7002739a58c65a1dddcfa2cdea,True
MZ_Air,R03,25,wes,explicit_no_change,no_change,accepted,4,4,d3b3c1b83eda73f20e340fd910f7626671a977ecf9d4972bad2a731a299a844e,d3b3c1b83eda73f20e340fd910f7626671a977ecf9d4972bad2a731a299a844e,True
MZ_Air,R03,26,nor,explicit_no_change,no_change,accepted,7,7,ff12538990385ba23f85fda26d2710a2901db62e4188ebe6898cd7c9a3f4feb7,ff12538990385ba23f85fda26d2710a2901db62e4188ebe6898cd7c9a3f4feb7,True
MZ_Air,R03,26,eas,explicit_no_change,no_change,accepted,9,9,c52a5b7b5438c80728515f65a1e2aedf4fe3fc4e6e21a340ddc9a7b2c7301e61,c52a5b7b5438c80728515f65a1e2aedf4fe3fc4e6e21a340ddc9a7b2c7301e61,True
MZ_Air,R03,26,cor,explicit_no_change,no_change,accepted,10,10,c6627f1ce05b41559508dedccae9db9051e983915fa69882ba91b586b043884b,c6627f1ce05b41559508dedccae9db9051e983915fa69882ba91b586b043884b,True
MZ_Air,R03,26,sou,explicit_no_change,no_change,accepted,5,5,c8736337c83f03723dfd6a019a0f8030fea65c7002739a58c65a1dddcfa2cdea,c8736337c83f03723dfd6a019a0f8030fea65c7002739a58c65a1dddcfa2cdea,True
MZ_Air,R03,26,wes,explicit_no_change,no_change,accepted,4,4,d3b3c1b83eda73f20e340fd910f7626671a977ecf9d4972bad2a731a299a844e,d3b3c1b83eda73f20e340fd910f7626671a977ecf9d4972bad2a731a299a844e,True
MZ_Air,R03,27,nor,explicit_no_change,no_change,accepted,7,7,ff12538990385ba23f85fda26d2710a2901db62e4188ebe6898cd7c9a3f4feb7,ff12538990385ba23f85fda26d2710a2901db62e4188ebe6898cd7c9a3f4feb7,True
MZ_Air,R03,27,eas,explicit_no_change,no_change,accepted,9,9,c52a5b7b5438c80728515f65a1e2aedf4fe3fc4e6e21a340ddc9a7b2c7301e61,c52a5b7b5438c80728515f65a1e2aedf4fe3fc4e6e21a340ddc9a7b2c7301e61,True
MZ_Air,R03,27,cor,explicit_no_change,no_change,accepted,10,10,c6627f1ce05b41559508dedccae9db9051e983915fa69882ba91b586b043884b,c6627f1ce05b41559508dedccae9db9051e983915fa69882ba91b586b043884b,True
MZ_Air,R03,27,sou,explicit_no_change,no_change,accepted,5,5,c8736337c83f03723dfd6a019a0f8030fea65c7002739a58c65a1dddcfa2cdea,c8736337c83f03723dfd6a019a0f8030fea65c7002739a58c65a1dddcfa2cdea,True
MZ_Air,R03,27,wes,explicit_no_change,no_change,accepted,4,4,d3b3c1b83eda73f20e340fd910f7626671a977ecf9d4972bad2a731a299a844e,d3b3c1b83eda73f20e340fd910f7626671a977ecf9d4972bad2a731a299a844e,True
MZ_Air,R03,28,nor,explicit_no_change,no_change,accepted,7,7,ff12538990385ba23f85fda26d2710a2901db62e4188ebe6898cd7c9a3f4feb7,ff12538990385ba23f85fda26d2710a2901db62e4188ebe6898cd7c9a3f4feb7,True
MZ_Air,R03,28,eas,explicit_no_change,no_change,accepted,9,9,c52a5b7b5438c80728515f65a1e2aedf4fe3fc4e6e21a340ddc9a7b2c7301e61,c52a5b7b5438c80728515f65a1e2aedf4fe3fc4e6e21a340ddc9a7b2c7301e61,True
MZ_Air,R03,28,cor,explicit_no_change,no_change,accepted,10,10,c6627f1ce05b41559508dedccae9db9051e983915fa69882ba91b586b043884b,c6627f1ce05b41559508dedccae9db9051e983915fa69882ba91b586b043884b,True
MZ_Air,R03,28,sou,explicit_no_change,no_change,accepted,5,5,c8736337c83f03723dfd6a019a0f8030fea65c7002739a58c65a1dddcfa2cdea,c8736337c83f03723dfd6a019a0f8030fea65c7002739a58c65a1dddcfa2cdea,True
MZ_Air,R03,28,wes,explicit_no_change,no_change,accepted,4,4,d3b3c1b83eda73f20e340fd910f7626671a977ecf9d4972bad2a731a299a844e,d3b3c1b83eda73f20e340fd910f7626671a977ecf9d4972bad2a731a299a844e,True
MZ_Air,R03,29,nor,explicit_no_change,no_change,accepted,7,7,ff12538990385ba23f85fda26d2710a2901db62e4188ebe6898cd7c9a3f4feb7,ff12538990385ba23f85fda26d2710a2901db62e4188ebe6898cd7c9a3f4feb7,True
MZ_Air,R03,29,eas,explicit_no_change,no_change,accepted,9,9,c52a5b7b5438c80728515f65a1e2aedf4fe3fc4e6e21a340ddc9a7b2c7301e61,c52a5b7b5438c80728515f65a1e2aedf4fe3fc4e6e21a340ddc9a7b2c7301e61,True
MZ_Air,R03,29,cor,explicit_no_change,no_change,accepted,10,10,c6627f1ce05b41559508dedccae9db9051e983915fa69882ba91b586b043884b,c6627f1ce05b41559508dedccae9db9051e983915fa69882ba91b586b043884b,True
MZ_Air,R03,29,sou,explicit_no_change,no_change,accepted,5,5,c8736337c83f03723dfd6a019a0f8030fea65c7002739a58c65a1dddcfa2cdea,c8736337c83f03723dfd6a019a0f8030fea65c7002739a58c65a1dddcfa2cdea,True
MZ_Air,R03,29,wes,explicit_no_change,no_change,accepted,4,4,d3b3c1b83eda73f20e340fd910f7626671a977ecf9d4972bad2a731a299a844e,d3b3c1b83eda73f20e340fd910f7626671a977ecf9d4972bad2a731a299a844e,True
MZ_Air,R03,30,cor,set_param,set_param,accepted,10,11,c6627f1ce05b41559508dedccae9db9051e983915fa69882ba91b586b043884b,bbd3ba4460afe6adaca071172041794ade30ae971a4b7401c12b24a22f50d68c,True
MZ_Air,R03,30,nor,add_rule,add_rule,accepted,7,8,ff12538990385ba23f85fda26d2710a2901db62e4188ebe6898cd7c9a3f4feb7,80f61771ca2181c834987955510425dc49d8f4a4a10e1e78ece04716c57d4cf6,True
MZ_Air,R03,30,eas,replace_rule,replace_rule,accepted,9,10,c52a5b7b5438c80728515f65a1e2aedf4fe3fc4e6e21a340ddc9a7b2c7301e61,757ba5f0f7ddd9c25d6416330b6695db0709b6411ca35f6d03319fc8647a9658,True
MZ_Air,R03,30,sou,explicit_no_change,no_change,accepted,5,5,c8736337c83f03723dfd6a019a0f8030fea65c7002739a58c65a1dddcfa2cdea,c8736337c83f03723dfd6a019a0f8030fea65c7002739a58c65a1dddcfa2cdea,True
MZ_Air,R03,30,wes,explicit_no_change,no_change,accepted,4,4,d3b3c1b83eda73f20e340fd910f7626671a977ecf9d4972bad2a731a299a844e,d3b3c1b83eda73f20e340fd910f7626671a977ecf9d4972bad2a731a299a844e,True
MZ_Air,R03,31,cor,replace_rule,replace_rule,accepted,11,12,bbd3ba4460afe6adaca071172041794ade30ae971a4b7401c12b24a22f50d68c,98d2c7566f9e21dccac4930592e27717135571bf8befac8b1f5d22d64994c16b,True
MZ_Air,R03,31,nor,deterministic_rejection,replace_rule,rejected,8,8,80f61771ca2181c834987955510425dc49d8f4a4a10e1e78ece04716c57d4cf6,80f61771ca2181c834987955510425dc49d8f4a4a10e1e78ece04716c57d4cf6,True
MZ_Air,R03,31,sou,explicit_no_change,no_change,accepted,5,5,c8736337c83f03723dfd6a019a0f8030fea65c7002739a58c65a1dddcfa2cdea,c8736337c83f03723dfd6a019a0f8030fea65c7002739a58c65a1dddcfa2cdea,True
MZ_Air,R03,31,wes,replace_rule,replace_rule,accepted,4,5,d3b3c1b83eda73f20e340fd910f7626671a977ecf9d4972bad2a731a299a844e,c95cede6b37a6285e628071aad8dbd6649f6eb15fce2551560142961fbee83e3,True
MZ_Air,R03,31,eas,explicit_no_change,no_change,accepted,10,10,757ba5f0f7ddd9c25d6416330b6695db0709b6411ca35f6d03319fc8647a9658,757ba5f0f7ddd9c25d6416330b6695db0709b6411ca35f6d03319fc8647a9658,True
MZ_Air,R03,32,cor,deterministic_rejection,replace_rule,rejected,12,12,98d2c7566f9e21dccac4930592e27717135571bf8befac8b1f5d22d64994c16b,98d2c7566f9e21dccac4930592e27717135571bf8befac8b1f5d22d64994c16b,True
MZ_Air,R03,32,eas,replace_rule,replace_rule,accepted,10,11,757ba5f0f7ddd9c25d6416330b6695db0709b6411ca35f6d03319fc8647a9658,04a1e1b5941bde3cbb51ce36ef0285f461743bf6af6e519a50dd84c7951d7b39,True
MZ_Air,R03,32,nor,deterministic_rejection,replace_rule,rejected,8,8,80f61771ca2181c834987955510425dc49d8f4a4a10e1e78ece04716c57d4cf6,80f61771ca2181c834987955510425dc49d8f4a4a10e1e78ece04716c57d4cf6,True
MZ_Air,R03,32,sou,explicit_no_change,no_change,accepted,5,5,c8736337c83f03723dfd6a019a0f8030fea65c7002739a58c65a1dddcfa2cdea,c8736337c83f03723dfd6a019a0f8030fea65c7002739a58c65a1dddcfa2cdea,True
MZ_Air,R03,32,wes,explicit_no_change,no_change,accepted,5,5,c95cede6b37a6285e628071aad8dbd6649f6eb15fce2551560142961fbee83e3,c95cede6b37a6285e628071aad8dbd6649f6eb15fce2551560142961fbee83e3,True
MZ_Air,R03,33,nor,deterministic_rejection,add_rule,rejected,8,8,80f61771ca2181c834987955510425dc49d8f4a4a10e1e78ece04716c57d4cf6,80f61771ca2181c834987955510425dc49d8f4a4a10e1e78ece04716c57d4cf6,True
MZ_Air,R03,33,cor,replace_rule,replace_rule,accepted,12,13,98d2c7566f9e21dccac4930592e27717135571bf8befac8b1f5d22d64994c16b,49f9f49b2a685e2dd132d979a062ce232452a15c6438cb3521a49eee6f017c4c,True
MZ_Air,R03,33,eas,explicit_no_change,no_change,accepted,11,11,04a1e1b5941bde3cbb51ce36ef0285f461743bf6af6e519a50dd84c7951d7b39,04a1e1b5941bde3cbb51ce36ef0285f461743bf6af6e519a50dd84c7951d7b39,True
MZ_Air,R03,33,sou,explicit_no_change,no_change,accepted,5,5,c8736337c83f03723dfd6a019a0f8030fea65c7002739a58c65a1dddcfa2cdea,c8736337c83f03723dfd6a019a0f8030fea65c7002739a58c65a1dddcfa2cdea,True
MZ_Air,R03,33,wes,explicit_no_change,no_change,accepted,5,5,c95cede6b37a6285e628071aad8dbd6649f6eb15fce2551560142961fbee83e3,c95cede6b37a6285e628071aad8dbd6649f6eb15fce2551560142961fbee83e3,True
MZ_Air,R03,34,cor,deterministic_rejection,replace_rule,rejected,13,13,49f9f49b2a685e2dd132d979a062ce232452a15c6438cb3521a49eee6f017c4c,49f9f49b2a685e2dd132d979a062ce232452a15c6438cb3521a49eee6f017c4c,True
MZ_Air,R03,34,eas,explicit_no_change,no_change,accepted,11,11,04a1e1b5941bde3cbb51ce36ef0285f461743bf6af6e519a50dd84c7951d7b39,04a1e1b5941bde3cbb51ce36ef0285f461743bf6af6e519a50dd84c7951d7b39,True
MZ_Air,R03,34,sou,explicit_no_change,no_change,accepted,5,5,c8736337c83f03723dfd6a019a0f8030fea65c7002739a58c65a1dddcfa2cdea,c8736337c83f03723dfd6a019a0f8030fea65c7002739a58c65a1dddcfa2cdea,True
MZ_Air,R03,34,wes,explicit_no_change,no_change,accepted,5,5,c95cede6b37a6285e628071aad8dbd6649f6eb15fce2551560142961fbee83e3,c95cede6b37a6285e628071aad8dbd6649f6eb15fce2551560142961fbee83e3,True
MZ_Air,R03,34,nor,deterministic_rejection,set_param,rejected,8,8,80f61771ca2181c834987955510425dc49d8f4a4a10e1e78ece04716c57d4cf6,80f61771ca2181c834987955510425dc49d8f4a4a10e1e78ece04716c57d4cf6,True
MZ_Air,R03,35,sou,deterministic_rejection,add_rule,rejected,5,5,c8736337c83f03723dfd6a019a0f8030fea65c7002739a58c65a1dddcfa2cdea,c8736337c83f03723dfd6a019a0f8030fea65c7002739a58c65a1dddcfa2cdea,True
MZ_Air,R03,35,eas,set_param,set_param,accepted,11,12,04a1e1b5941bde3cbb51ce36ef0285f461743bf6af6e519a50dd84c7951d7b39,21eaa231af3c5332350e3dc7981813ece54a9ba503c0eca5559748ce224fbacb,True
MZ_Air,R03,35,nor,add_rule,add_rule,accepted,8,9,80f61771ca2181c834987955510425dc49d8f4a4a10e1e78ece04716c57d4cf6,c1a4a17158bb7ded27efc6c37073c6a84a987c8953c8b0dab5162ffcf8800025,True
MZ_Air,R03,35,wes,deterministic_rejection,set_param,rejected,5,5,c95cede6b37a6285e628071aad8dbd6649f6eb15fce2551560142961fbee83e3,c95cede6b37a6285e628071aad8dbd6649f6eb15fce2551560142961fbee83e3,True
MZ_Air,R03,35,cor,replace_rule,replace_rule,accepted,13,14,49f9f49b2a685e2dd132d979a062ce232452a15c6438cb3521a49eee6f017c4c,ba5bcac5908b57b76058fa2e4ade0c6af2a73dc998419609494de3eb490bfd06,True
MZ_Air,R03,36,eas,set_param,set_param,accepted,12,13,21eaa231af3c5332350e3dc7981813ece54a9ba503c0eca5559748ce224fbacb,08bd6e4f4c2c17b405f143f492b74f70e191a24f2149a9a03d37d254d219e978,True
MZ_Air,R03,36,nor,deterministic_rejection,replace_rule,rejected,9,9,c1a4a17158bb7ded27efc6c37073c6a84a987c8953c8b0dab5162ffcf8800025,c1a4a17158bb7ded27efc6c37073c6a84a987c8953c8b0dab5162ffcf8800025,True
MZ_Air,R03,36,sou,set_param,set_param,accepted,5,6,c8736337c83f03723dfd6a019a0f8030fea65c7002739a58c65a1dddcfa2cdea,4fc0a8f1458d0f707b0e8ec53f27c0c22c924df5b7bc4c8d88d3098b8f884390,True
MZ_Air,R03,36,wes,deterministic_rejection,replace_rule,rejected,5,5,c95cede6b37a6285e628071aad8dbd6649f6eb15fce2551560142961fbee83e3,c95cede6b37a6285e628071aad8dbd6649f6eb15fce2551560142961fbee83e3,True
MZ_Air,R03,36,cor,replace_rule,replace_rule,accepted,14,15,ba5bcac5908b57b76058fa2e4ade0c6af2a73dc998419609494de3eb490bfd06,9c253eeb537801da58f65fdbf4b435cafcf2e78348db52dc955b365f09922272,True
MZ_Air,R03,37,nor,deterministic_rejection,replace_rule,rejected,9,9,c1a4a17158bb7ded27efc6c37073c6a84a987c8953c8b0dab5162ffcf8800025,c1a4a17158bb7ded27efc6c37073c6a84a987c8953c8b0dab5162ffcf8800025,True
MZ_Air,R03,37,eas,set_param,set_param,accepted,13,14,08bd6e4f4c2c17b405f143f492b74f70e191a24f2149a9a03d37d254d219e978,4f067411032a8cc49756a683ca9d3ca048d4223d680b194bea772778687a7708,True
MZ_Air,R03,37,sou,deterministic_rejection,add_rule,rejected,6,6,4fc0a8f1458d0f707b0e8ec53f27c0c22c924df5b7bc4c8d88d3098b8f884390,4fc0a8f1458d0f707b0e8ec53f27c0c22c924df5b7bc4c8d88d3098b8f884390,True
MZ_Air,R03,37,wes,deterministic_rejection,add_rule,rejected,5,5,c95cede6b37a6285e628071aad8dbd6649f6eb15fce2551560142961fbee83e3,c95cede6b37a6285e628071aad8dbd6649f6eb15fce2551560142961fbee83e3,True
MZ_Air,R03,37,cor,replace_rule,replace_rule,accepted,15,16,9c253eeb537801da58f65fdbf4b435cafcf2e78348db52dc955b365f09922272,cec27666a43e09321106d6bc17f72c657b29197b585a916265762107a3cae051,True
MZ_Air,R03,38,cor,replace_rule,replace_rule,accepted,16,17,cec27666a43e09321106d6bc17f72c657b29197b585a916265762107a3cae051,f7f14be5b197bd8c2f22fd9cbd94b1ada3ef2378cac070b6a1085d44b8494b7e,True
MZ_Air,R03,38,sou,deterministic_rejection,add_rule,rejected,6,6,4fc0a8f1458d0f707b0e8ec53f27c0c22c924df5b7bc4c8d88d3098b8f884390,4fc0a8f1458d0f707b0e8ec53f27c0c22c924df5b7bc4c8d88d3098b8f884390,True
MZ_Air,R03,38,wes,schema_fallback,no_change,model_output_rejected,5,5,c95cede6b37a6285e628071aad8dbd6649f6eb15fce2551560142961fbee83e3,c95cede6b37a6285e628071aad8dbd6649f6eb15fce2551560142961fbee83e3,True
MZ_Air,R03,38,eas,set_param,set_param,accepted,14,15,4f067411032a8cc49756a683ca9d3ca048d4223d680b194bea772778687a7708,08bd6e4f4c2c17b405f143f492b74f70e191a24f2149a9a03d37d254d219e978,True
MZ_Air,R03,38,nor,set_param,set_param,accepted,9,10,c1a4a17158bb7ded27efc6c37073c6a84a987c8953c8b0dab5162ffcf8800025,667921afac8050831a582d18ca33933da7a2dbd682435db00a579b9e8f6ccf87,True
MZ_Air,R03,39,nor,schema_fallback,no_change,model_output_rejected,10,10,667921afac8050831a582d18ca33933da7a2dbd682435db00a579b9e8f6ccf87,667921afac8050831a582d18ca33933da7a2dbd682435db00a579b9e8f6ccf87,True
MZ_Air,R03,39,wes,explicit_no_change,no_change,accepted,5,5,c95cede6b37a6285e628071aad8dbd6649f6eb15fce2551560142961fbee83e3,c95cede6b37a6285e628071aad8dbd6649f6eb15fce2551560142961fbee83e3,True
MZ_Air,R03,39,sou,add_rule,add_rule,accepted,6,7,4fc0a8f1458d0f707b0e8ec53f27c0c22c924df5b7bc4c8d88d3098b8f884390,04dd17689d43c0215a701108374a932440da233102f849343198948afb1cf793,True
MZ_Air,R03,39,eas,deterministic_rejection,replace_rule,rejected,15,15,08bd6e4f4c2c17b405f143f492b74f70e191a24f2149a9a03d37d254d219e978,08bd6e4f4c2c17b405f143f492b74f70e191a24f2149a9a03d37d254d219e978,True
MZ_Air,R03,39,cor,replace_rule,replace_rule,accepted,17,18,f7f14be5b197bd8c2f22fd9cbd94b1ada3ef2378cac070b6a1085d44b8494b7e,7553058d7121aa523038af59df9d39b9fbffdc64111c1fcdd6cf06374667bf2a,True
MZ_Air,R03,40,cor,explicit_no_change,no_change,accepted,18,18,7553058d7121aa523038af59df9d39b9fbffdc64111c1fcdd6cf06374667bf2a,7553058d7121aa523038af59df9d39b9fbffdc64111c1fcdd6cf06374667bf2a,True
MZ_Air,R03,40,eas,schema_fallback,no_change,model_output_rejected,15,15,08bd6e4f4c2c17b405f143f492b74f70e191a24f2149a9a03d37d254d219e978,08bd6e4f4c2c17b405f143f492b74f70e191a24f2149a9a03d37d254d219e978,True
MZ_Air,R03,40,wes,deterministic_rejection,add_rule,rejected,5,5,c95cede6b37a6285e628071aad8dbd6649f6eb15fce2551560142961fbee83e3,c95cede6b37a6285e628071aad8dbd6649f6eb15fce2551560142961fbee83e3,True
MZ_Air,R03,40,nor,remove_rule,remove_rule,accepted,10,11,667921afac8050831a582d18ca33933da7a2dbd682435db00a579b9e8f6ccf87,caa8417482b55ca7c83189ba2079fa078c5abbc4ff15f7d633eec25094b2a34a,True
MZ_Air,R03,40,sou,replace_rule,replace_rule,accepted,7,8,04dd17689d43c0215a701108374a932440da233102f849343198948afb1cf793,d97249f228e471fb346b731c265ff220ddcdc8087c4196fea5d25b7623edc6b5,True
MZ_Air,R03,41,cor,explicit_no_change,no_change,accepted,18,18,7553058d7121aa523038af59df9d39b9fbffdc64111c1fcdd6cf06374667bf2a,7553058d7121aa523038af59df9d39b9fbffdc64111c1fcdd6cf06374667bf2a,True
MZ_Air,R03,41,eas,add_rule,add_rule,accepted,15,16,08bd6e4f4c2c17b405f143f492b74f70e191a24f2149a9a03d37d254d219e978,5c9b59b3f07d85671225c1fa9b3ff674fded7056f371cacb9d775aa12e2e6f2a,True
MZ_Air,R03,41,wes,schema_fallback,no_change,model_output_rejected,5,5,c95cede6b37a6285e628071aad8dbd6649f6eb15fce2551560142961fbee83e3,c95cede6b37a6285e628071aad8dbd6649f6eb15fce2551560142961fbee83e3,True
MZ_Air,R03,41,nor,deterministic_rejection,add_rule,rejected,11,11,caa8417482b55ca7c83189ba2079fa078c5abbc4ff15f7d633eec25094b2a34a,caa8417482b55ca7c83189ba2079fa078c5abbc4ff15f7d633eec25094b2a34a,True
MZ_Air,R03,41,sou,add_rule,add_rule,accepted,8,9,d97249f228e471fb346b731c265ff220ddcdc8087c4196fea5d25b7623edc6b5,17e8abaf13df86a40086450a0e2e50846f98cee2320bba2ede81f665d73e0242,True
MZ_Air,R03,42,eas,replace_rule,replace_rule,accepted,16,17,5c9b59b3f07d85671225c1fa9b3ff674fded7056f371cacb9d775aa12e2e6f2a,ecef913cd495e748086e09a17c0b9f4f6d79e7046703190944c05dd8e3c9dbc1,True
MZ_Air,R03,42,nor,replace_rule,replace_rule,accepted,11,12,caa8417482b55ca7c83189ba2079fa078c5abbc4ff15f7d633eec25094b2a34a,6e54c70b964dc5fa8b38452092597ff609b58f1844824e324b589c08b35ce456,True
MZ_Air,R03,42,sou,replace_rule,replace_rule,accepted,9,10,17e8abaf13df86a40086450a0e2e50846f98cee2320bba2ede81f665d73e0242,aa4841528830c256266e20dbee90cbafd23f441046ffde97ad3b4ed984e95e18,True
MZ_Air,R03,42,wes,deterministic_rejection,replace_rule,rejected,5,5,c95cede6b37a6285e628071aad8dbd6649f6eb15fce2551560142961fbee83e3,c95cede6b37a6285e628071aad8dbd6649f6eb15fce2551560142961fbee83e3,True
MZ_Air,R03,42,cor,explicit_no_change,no_change,accepted,18,18,7553058d7121aa523038af59df9d39b9fbffdc64111c1fcdd6cf06374667bf2a,7553058d7121aa523038af59df9d39b9fbffdc64111c1fcdd6cf06374667bf2a,True
MZ_Air,R03,43,cor,explicit_no_change,no_change,accepted,18,18,7553058d7121aa523038af59df9d39b9fbffdc64111c1fcdd6cf06374667bf2a,7553058d7121aa523038af59df9d39b9fbffdc64111c1fcdd6cf06374667bf2a,True
MZ_Air,R03,43,nor,explicit_no_change,no_change,accepted,12,12,6e54c70b964dc5fa8b38452092597ff609b58f1844824e324b589c08b35ce456,6e54c70b964dc5fa8b38452092597ff609b58f1844824e324b589c08b35ce456,True
MZ_Air,R03,43,sou,explicit_no_change,no_change,accepted,10,10,aa4841528830c256266e20dbee90cbafd23f441046ffde97ad3b4ed984e95e18,aa4841528830c256266e20dbee90cbafd23f441046ffde97ad3b4ed984e95e18,True
MZ_Air,R03,43,eas,set_param,set_param,accepted,17,18,ecef913cd495e748086e09a17c0b9f4f6d79e7046703190944c05dd8e3c9dbc1,44215a82d8ea1b070eca9618cadf88b807ffd128d28cc385456411d98273f46a,True
MZ_Air,R03,43,wes,schema_fallback,no_change,model_output_rejected,5,5,c95cede6b37a6285e628071aad8dbd6649f6eb15fce2551560142961fbee83e3,c95cede6b37a6285e628071aad8dbd6649f6eb15fce2551560142961fbee83e3,True
MZ_Air,R03,44,cor,explicit_no_change,no_change,accepted,18,18,7553058d7121aa523038af59df9d39b9fbffdc64111c1fcdd6cf06374667bf2a,7553058d7121aa523038af59df9d39b9fbffdc64111c1fcdd6cf06374667bf2a,True
MZ_Air,R03,44,eas,explicit_no_change,no_change,accepted,18,18,44215a82d8ea1b070eca9618cadf88b807ffd128d28cc385456411d98273f46a,44215a82d8ea1b070eca9618cadf88b807ffd128d28cc385456411d98273f46a,True
MZ_Air,R03,44,nor,replace_rule,replace_rule,accepted,12,13,6e54c70b964dc5fa8b38452092597ff609b58f1844824e324b589c08b35ce456,ef1be7c0e33da9f990a3d6ebf639a848bf0b196485ca28c0b050a0089d7790c8,True
MZ_Air,R03,44,sou,explicit_no_change,no_change,accepted,10,10,aa4841528830c256266e20dbee90cbafd23f441046ffde97ad3b4ed984e95e18,aa4841528830c256266e20dbee90cbafd23f441046ffde97ad3b4ed984e95e18,True
MZ_Air,R03,44,wes,explicit_no_change,no_change,accepted,5,5,c95cede6b37a6285e628071aad8dbd6649f6eb15fce2551560142961fbee83e3,c95cede6b37a6285e628071aad8dbd6649f6eb15fce2551560142961fbee83e3,True
MZ_Air,R03,45,nor,replace_rule,replace_rule,accepted,13,14,ef1be7c0e33da9f990a3d6ebf639a848bf0b196485ca28c0b050a0089d7790c8,1e0a531cf04d16e044e58542e46639140cd8f392270eff530e10edcc0e00a24d,True
MZ_Air,R03,45,eas,replace_rule,replace_rule,accepted,18,19,44215a82d8ea1b070eca9618cadf88b807ffd128d28cc385456411d98273f46a,c7b0c65848944c7aabb4e86101877df123fbd8fd4aa9c7151de380925bb377c1,True
MZ_Air,R03,45,cor,explicit_no_change,no_change,accepted,18,18,7553058d7121aa523038af59df9d39b9fbffdc64111c1fcdd6cf06374667bf2a,7553058d7121aa523038af59df9d39b9fbffdc64111c1fcdd6cf06374667bf2a,True
MZ_Air,R03,45,sou,explicit_no_change,no_change,accepted,10,10,aa4841528830c256266e20dbee90cbafd23f441046ffde97ad3b4ed984e95e18,aa4841528830c256266e20dbee90cbafd23f441046ffde97ad3b4ed984e95e18,True
MZ_Air,R03,45,wes,explicit_no_change,no_change,accepted,5,5,c95cede6b37a6285e628071aad8dbd6649f6eb15fce2551560142961fbee83e3,c95cede6b37a6285e628071aad8dbd6649f6eb15fce2551560142961fbee83e3,True
MZ_Air,R03,46,cor,explicit_no_change,no_change,accepted,18,18,7553058d7121aa523038af59df9d39b9fbffdc64111c1fcdd6cf06374667bf2a,7553058d7121aa523038af59df9d39b9fbffdc64111c1fcdd6cf06374667bf2a,True
MZ_Air,R03,46,sou,explicit_no_change,no_change,accepted,10,10,aa4841528830c256266e20dbee90cbafd23f441046ffde97ad3b4ed984e95e18,aa4841528830c256266e20dbee90cbafd23f441046ffde97ad3b4ed984e95e18,True
MZ_Air,R03,46,wes,explicit_no_change,no_change,accepted,5,5,c95cede6b37a6285e628071aad8dbd6649f6eb15fce2551560142961fbee83e3,c95cede6b37a6285e628071aad8dbd6649f6eb15fce2551560142961fbee83e3,True
MZ_Air,R03,46,nor,explicit_no_change,no_change,accepted,14,14,1e0a531cf04d16e044e58542e46639140cd8f392270eff530e10edcc0e00a24d,1e0a531cf04d16e044e58542e46639140cd8f392270eff530e10edcc0e00a24d,True
MZ_Air,R03,46,eas,explicit_no_change,no_change,accepted,19,19,c7b0c65848944c7aabb4e86101877df123fbd8fd4aa9c7151de380925bb377c1,c7b0c65848944c7aabb4e86101877df123fbd8fd4aa9c7151de380925bb377c1,True
MZ_Air,R03,47,eas,replace_rule,replace_rule,accepted,19,20,c7b0c65848944c7aabb4e86101877df123fbd8fd4aa9c7151de380925bb377c1,e19313592af3100656514bedce1f01dc3eda27d7ad10711b0ad0984d9168cb97,True
MZ_Air,R03,47,nor,replace_rule,replace_rule,accepted,14,15,1e0a531cf04d16e044e58542e46639140cd8f392270eff530e10edcc0e00a24d,6e54c70b964dc5fa8b38452092597ff609b58f1844824e324b589c08b35ce456,True
MZ_Air,R03,47,sou,deterministic_rejection,replace_rule,rejected,10,10,aa4841528830c256266e20dbee90cbafd23f441046ffde97ad3b4ed984e95e18,aa4841528830c256266e20dbee90cbafd23f441046ffde97ad3b4ed984e95e18,True
MZ_Air,R03,47,wes,replace_rule,replace_rule,accepted,5,6,c95cede6b37a6285e628071aad8dbd6649f6eb15fce2551560142961fbee83e3,aeb7f843f635cc035e09322c73d29952de72e66bc05007c95a9200b6be2a96d4,True
MZ_Air,R03,47,cor,explicit_no_change,no_change,accepted,18,18,7553058d7121aa523038af59df9d39b9fbffdc64111c1fcdd6cf06374667bf2a,7553058d7121aa523038af59df9d39b9fbffdc64111c1fcdd6cf06374667bf2a,True
MZ_Air,R03,48,eas,replace_rule,replace_rule,accepted,20,21,e19313592af3100656514bedce1f01dc3eda27d7ad10711b0ad0984d9168cb97,aaae280a53dc2af899767b86c7a73f6929e00f3116cc323bf6e9dc24ce8dd51d,True
MZ_Air,R03,48,nor,explicit_no_change,no_change,accepted,15,15,6e54c70b964dc5fa8b38452092597ff609b58f1844824e324b589c08b35ce456,6e54c70b964dc5fa8b38452092597ff609b58f1844824e324b589c08b35ce456,True
MZ_Air,R03,48,sou,explicit_no_change,no_change,accepted,10,10,aa4841528830c256266e20dbee90cbafd23f441046ffde97ad3b4ed984e95e18,aa4841528830c256266e20dbee90cbafd23f441046ffde97ad3b4ed984e95e18,True
MZ_Air,R03,48,wes,replace_rule,replace_rule,accepted,6,7,aeb7f843f635cc035e09322c73d29952de72e66bc05007c95a9200b6be2a96d4,f16498070da7f9572d9bbdf0f5eec833a68a26aaa8992d9bb332607cf0f593e7,True
MZ_Air,R03,48,cor,explicit_no_change,no_change,accepted,18,18,7553058d7121aa523038af59df9d39b9fbffdc64111c1fcdd6cf06374667bf2a,7553058d7121aa523038af59df9d39b9fbffdc64111c1fcdd6cf06374667bf2a,True
MZ_Air,R03,49,eas,deterministic_rejection,replace_rule,rejected,21,21,aaae280a53dc2af899767b86c7a73f6929e00f3116cc323bf6e9dc24ce8dd51d,aaae280a53dc2af899767b86c7a73f6929e00f3116cc323bf6e9dc24ce8dd51d,True
MZ_Air,R03,49,nor,explicit_no_change,no_change,accepted,15,15,6e54c70b964dc5fa8b38452092597ff609b58f1844824e324b589c08b35ce456,6e54c70b964dc5fa8b38452092597ff609b58f1844824e324b589c08b35ce456,True
MZ_Air,R03,49,sou,explicit_no_change,no_change,accepted,10,10,aa4841528830c256266e20dbee90cbafd23f441046ffde97ad3b4ed984e95e18,aa4841528830c256266e20dbee90cbafd23f441046ffde97ad3b4ed984e95e18,True
MZ_Air,R03,49,wes,explicit_no_change,no_change,accepted,7,7,f16498070da7f9572d9bbdf0f5eec833a68a26aaa8992d9bb332607cf0f593e7,f16498070da7f9572d9bbdf0f5eec833a68a26aaa8992d9bb332607cf0f593e7,True
MZ_Air,R03,49,cor,explicit_no_change,no_change,accepted,18,18,7553058d7121aa523038af59df9d39b9fbffdc64111c1fcdd6cf06374667bf2a,7553058d7121aa523038af59df9d39b9fbffdc64111c1fcdd6cf06374667bf2a,True
MZ_Air,R03,50,eas,explicit_no_change,no_change,accepted,21,21,aaae280a53dc2af899767b86c7a73f6929e00f3116cc323bf6e9dc24ce8dd51d,aaae280a53dc2af899767b86c7a73f6929e00f3116cc323bf6e9dc24ce8dd51d,True
MZ_Air,R03,50,nor,explicit_no_change,no_change,accepted,15,15,6e54c70b964dc5fa8b38452092597ff609b58f1844824e324b589c08b35ce456,6e54c70b964dc5fa8b38452092597ff609b58f1844824e324b589c08b35ce456,True
MZ_Air,R03,50,sou,explicit_no_change,no_change,accepted,10,10,aa4841528830c256266e20dbee90cbafd23f441046ffde97ad3b4ed984e95e18,aa4841528830c256266e20dbee90cbafd23f441046ffde97ad3b4ed984e95e18,True
MZ_Air,R03,50,wes,replace_rule,replace_rule,accepted,7,8,f16498070da7f9572d9bbdf0f5eec833a68a26aaa8992d9bb332607cf0f593e7,c95cede6b37a6285e628071aad8dbd6649f6eb15fce2551560142961fbee83e3,True
MZ_Air,R03,50,cor,explicit_no_change,no_change,accepted,18,18,7553058d7121aa523038af59df9d39b9fbffdc64111c1fcdd6cf06374667bf2a,7553058d7121aa523038af59df9d39b9fbffdc64111c1fcdd6cf06374667bf2a,True
MZ_Air,R03,51,eas,explicit_no_change,no_change,accepted,21,21,aaae280a53dc2af899767b86c7a73f6929e00f3116cc323bf6e9dc24ce8dd51d,aaae280a53dc2af899767b86c7a73f6929e00f3116cc323bf6e9dc24ce8dd51d,True
MZ_Air,R03,51,nor,explicit_no_change,no_change,accepted,15,15,6e54c70b964dc5fa8b38452092597ff609b58f1844824e324b589c08b35ce456,6e54c70b964dc5fa8b38452092597ff609b58f1844824e324b589c08b35ce456,True
MZ_Air,R03,51,sou,explicit_no_change,no_change,accepted,10,10,aa4841528830c256266e20dbee90cbafd23f441046ffde97ad3b4ed984e95e18,aa4841528830c256266e20dbee90cbafd23f441046ffde97ad3b4ed984e95e18,True
MZ_Air,R03,51,wes,explicit_no_change,no_change,accepted,8,8,c95cede6b37a6285e628071aad8dbd6649f6eb15fce2551560142961fbee83e3,c95cede6b37a6285e628071aad8dbd6649f6eb15fce2551560142961fbee83e3,True
MZ_Air,R03,51,cor,explicit_no_change,no_change,accepted,18,18,7553058d7121aa523038af59df9d39b9fbffdc64111c1fcdd6cf06374667bf2a,7553058d7121aa523038af59df9d39b9fbffdc64111c1fcdd6cf06374667bf2a,True
MZ_Air,R03,52,eas,deterministic_rejection,replace_rule,rejected,21,21,aaae280a53dc2af899767b86c7a73f6929e00f3116cc323bf6e9dc24ce8dd51d,aaae280a53dc2af899767b86c7a73f6929e00f3116cc323bf6e9dc24ce8dd51d,True
MZ_Air,R03,52,nor,explicit_no_change,no_change,accepted,15,15,6e54c70b964dc5fa8b38452092597ff609b58f1844824e324b589c08b35ce456,6e54c70b964dc5fa8b38452092597ff609b58f1844824e324b589c08b35ce456,True
MZ_Air,R03,52,sou,explicit_no_change,no_change,accepted,10,10,aa4841528830c256266e20dbee90cbafd23f441046ffde97ad3b4ed984e95e18,aa4841528830c256266e20dbee90cbafd23f441046ffde97ad3b4ed984e95e18,True
MZ_Air,R03,52,wes,explicit_no_change,no_change,accepted,8,8,c95cede6b37a6285e628071aad8dbd6649f6eb15fce2551560142961fbee83e3,c95cede6b37a6285e628071aad8dbd6649f6eb15fce2551560142961fbee83e3,True
MZ_Air,R03,52,cor,explicit_no_change,no_change,accepted,18,18,7553058d7121aa523038af59df9d39b9fbffdc64111c1fcdd6cf06374667bf2a,7553058d7121aa523038af59df9d39b9fbffdc64111c1fcdd6cf06374667bf2a,True
MZ_Air,R03,53,cor,explicit_no_change,no_change,accepted,18,18,7553058d7121aa523038af59df9d39b9fbffdc64111c1fcdd6cf06374667bf2a,7553058d7121aa523038af59df9d39b9fbffdc64111c1fcdd6cf06374667bf2a,True
MZ_Air,R03,53,eas,explicit_no_change,no_change,accepted,21,21,aaae280a53dc2af899767b86c7a73f6929e00f3116cc323bf6e9dc24ce8dd51d,aaae280a53dc2af899767b86c7a73f6929e00f3116cc323bf6e9dc24ce8dd51d,True
MZ_Air,R03,53,nor,explicit_no_change,no_change,accepted,15,15,6e54c70b964dc5fa8b38452092597ff609b58f1844824e324b589c08b35ce456,6e54c70b964dc5fa8b38452092597ff609b58f1844824e324b589c08b35ce456,True
MZ_Air,R03,53,sou,explicit_no_change,no_change,accepted,10,10,aa4841528830c256266e20dbee90cbafd23f441046ffde97ad3b4ed984e95e18,aa4841528830c256266e20dbee90cbafd23f441046ffde97ad3b4ed984e95e18,True
MZ_Air,R03,53,wes,explicit_no_change,no_change,accepted,8,8,c95cede6b37a6285e628071aad8dbd6649f6eb15fce2551560142961fbee83e3,c95cede6b37a6285e628071aad8dbd6649f6eb15fce2551560142961fbee83e3,True
MZ_Air,R03,54,cor,set_param,set_param,accepted,18,19,7553058d7121aa523038af59df9d39b9fbffdc64111c1fcdd6cf06374667bf2a,6c43b6a4c83c3c85e3f26ea511a43138c3a4dd424dc14a6d8715d87d01b0caf2,True
MZ_Air,R03,54,eas,remove_rule,remove_rule,accepted,21,22,aaae280a53dc2af899767b86c7a73f6929e00f3116cc323bf6e9dc24ce8dd51d,c1b0ac9959447256dae79158f8560419cd07191d01ab824dbae80aecdb2318b6,True
MZ_Air,R03,54,nor,explicit_no_change,no_change,accepted,15,15,6e54c70b964dc5fa8b38452092597ff609b58f1844824e324b589c08b35ce456,6e54c70b964dc5fa8b38452092597ff609b58f1844824e324b589c08b35ce456,True
MZ_Air,R03,54,sou,explicit_no_change,no_change,accepted,10,10,aa4841528830c256266e20dbee90cbafd23f441046ffde97ad3b4ed984e95e18,aa4841528830c256266e20dbee90cbafd23f441046ffde97ad3b4ed984e95e18,True
MZ_Air,R03,54,wes,explicit_no_change,no_change,accepted,8,8,c95cede6b37a6285e628071aad8dbd6649f6eb15fce2551560142961fbee83e3,c95cede6b37a6285e628071aad8dbd6649f6eb15fce2551560142961fbee83e3,True
MZ_Air,R03,55,cor,replace_rule,replace_rule,accepted,19,20,6c43b6a4c83c3c85e3f26ea511a43138c3a4dd424dc14a6d8715d87d01b0caf2,a1c2e8f6ff9f8bafd5af5847d3d5dfd4b067cc417b2129592b7d1ddacbe3317b,True
MZ_Air,R03,55,eas,replace_rule,replace_rule,accepted,22,23,c1b0ac9959447256dae79158f8560419cd07191d01ab824dbae80aecdb2318b6,a98b3e1b9443951253022466b436cbe2c3bbcb1141b4cba4043a563193a264a4,True
MZ_Air,R03,55,nor,deterministic_rejection,replace_rule,rejected,15,15,6e54c70b964dc5fa8b38452092597ff609b58f1844824e324b589c08b35ce456,6e54c70b964dc5fa8b38452092597ff609b58f1844824e324b589c08b35ce456,True
MZ_Air,R03,55,sou,explicit_no_change,no_change,accepted,10,10,aa4841528830c256266e20dbee90cbafd23f441046ffde97ad3b4ed984e95e18,aa4841528830c256266e20dbee90cbafd23f441046ffde97ad3b4ed984e95e18,True
MZ_Air,R03,55,wes,explicit_no_change,no_change,accepted,8,8,c95cede6b37a6285e628071aad8dbd6649f6eb15fce2551560142961fbee83e3,c95cede6b37a6285e628071aad8dbd6649f6eb15fce2551560142961fbee83e3,True
MZ_Air,R03,56,cor,replace_rule,replace_rule,accepted,20,21,a1c2e8f6ff9f8bafd5af5847d3d5dfd4b067cc417b2129592b7d1ddacbe3317b,d3c7cda8f8e03444b961284f470dc075dfc50f4477fbe944e779a93519a94872,True
MZ_Air,R03,56,eas,explicit_no_change,no_change,accepted,23,23,a98b3e1b9443951253022466b436cbe2c3bbcb1141b4cba4043a563193a264a4,a98b3e1b9443951253022466b436cbe2c3bbcb1141b4cba4043a563193a264a4,True
MZ_Air,R03,56,nor,deterministic_rejection,replace_rule,rejected,15,15,6e54c70b964dc5fa8b38452092597ff609b58f1844824e324b589c08b35ce456,6e54c70b964dc5fa8b38452092597ff609b58f1844824e324b589c08b35ce456,True
MZ_Air,R03,56,sou,explicit_no_change,no_change,accepted,10,10,aa4841528830c256266e20dbee90cbafd23f441046ffde97ad3b4ed984e95e18,aa4841528830c256266e20dbee90cbafd23f441046ffde97ad3b4ed984e95e18,True
MZ_Air,R03,56,wes,explicit_no_change,no_change,accepted,8,8,c95cede6b37a6285e628071aad8dbd6649f6eb15fce2551560142961fbee83e3,c95cede6b37a6285e628071aad8dbd6649f6eb15fce2551560142961fbee83e3,True
MZ_Air,R03,57,nor,set_param,set_param,accepted,15,16,6e54c70b964dc5fa8b38452092597ff609b58f1844824e324b589c08b35ce456,49426638a7173ee88e82caa0fe0c9215722f3fe4d19f0c5d222be02017b76390,True
MZ_Air,R03,57,cor,replace_rule,replace_rule,accepted,21,22,d3c7cda8f8e03444b961284f470dc075dfc50f4477fbe944e779a93519a94872,a1c2e8f6ff9f8bafd5af5847d3d5dfd4b067cc417b2129592b7d1ddacbe3317b,True
MZ_Air,R03,57,sou,explicit_no_change,no_change,accepted,10,10,aa4841528830c256266e20dbee90cbafd23f441046ffde97ad3b4ed984e95e18,aa4841528830c256266e20dbee90cbafd23f441046ffde97ad3b4ed984e95e18,True
MZ_Air,R03,57,eas,explicit_no_change,no_change,accepted,23,23,a98b3e1b9443951253022466b436cbe2c3bbcb1141b4cba4043a563193a264a4,a98b3e1b9443951253022466b436cbe2c3bbcb1141b4cba4043a563193a264a4,True
MZ_Air,R03,57,wes,explicit_no_change,no_change,accepted,8,8,c95cede6b37a6285e628071aad8dbd6649f6eb15fce2551560142961fbee83e3,c95cede6b37a6285e628071aad8dbd6649f6eb15fce2551560142961fbee83e3,True
MZ_Air,R03,58,nor,deterministic_rejection,add_rule,rejected,16,16,49426638a7173ee88e82caa0fe0c9215722f3fe4d19f0c5d222be02017b76390,49426638a7173ee88e82caa0fe0c9215722f3fe4d19f0c5d222be02017b76390,True
MZ_Air,R03,58,eas,deterministic_rejection,set_param,rejected,23,23,a98b3e1b9443951253022466b436cbe2c3bbcb1141b4cba4043a563193a264a4,a98b3e1b9443951253022466b436cbe2c3bbcb1141b4cba4043a563193a264a4,True
MZ_Air,R03,58,wes,set_param,set_param,accepted,8,9,c95cede6b37a6285e628071aad8dbd6649f6eb15fce2551560142961fbee83e3,903b9f3d5093e6681223a04b9d01e66582d668cd92229d8fb3ccc6cf5ec9129c,True
MZ_Air,R03,58,cor,add_rule,add_rule,accepted,22,23,a1c2e8f6ff9f8bafd5af5847d3d5dfd4b067cc417b2129592b7d1ddacbe3317b,a26fb9a16eb4820462a6ce5c96ec37f3990c1ed84ddea469c045c0895f8b9b74,True
MZ_Air,R03,58,sou,deterministic_rejection,replace_rule,rejected,10,10,aa4841528830c256266e20dbee90cbafd23f441046ffde97ad3b4ed984e95e18,aa4841528830c256266e20dbee90cbafd23f441046ffde97ad3b4ed984e95e18,True
MZ_Air,R03,59,sou,replace_rule,replace_rule,accepted,10,11,aa4841528830c256266e20dbee90cbafd23f441046ffde97ad3b4ed984e95e18,f41a956ae798c2b174d64001e2f3738ae24912ceae4b7b4b2f3b46d7d28734fd,True
MZ_Air,R03,59,cor,deterministic_rejection,replace_rule,rejected,23,23,a26fb9a16eb4820462a6ce5c96ec37f3990c1ed84ddea469c045c0895f8b9b74,a26fb9a16eb4820462a6ce5c96ec37f3990c1ed84ddea469c045c0895f8b9b74,True
MZ_Air,R03,59,wes,set_param,set_param,accepted,9,10,903b9f3d5093e6681223a04b9d01e66582d668cd92229d8fb3ccc6cf5ec9129c,c95cede6b37a6285e628071aad8dbd6649f6eb15fce2551560142961fbee83e3,True
MZ_Air,R03,59,eas,explicit_no_change,no_change,accepted,23,23,a98b3e1b9443951253022466b436cbe2c3bbcb1141b4cba4043a563193a264a4,a98b3e1b9443951253022466b436cbe2c3bbcb1141b4cba4043a563193a264a4,True
MZ_Air,R03,59,nor,replace_rule,replace_rule,accepted,16,17,49426638a7173ee88e82caa0fe0c9215722f3fe4d19f0c5d222be02017b76390,e30c9155c76703aacb36a58af522f1f226546bad06c1fa72471b94660c2eba0e,True
MZ_Air,R03,60,nor,add_rule,add_rule,accepted,17,18,e30c9155c76703aacb36a58af522f1f226546bad06c1fa72471b94660c2eba0e,c3df9c13ab8f0c32f56ed224e976a779d44f9af3ce1303614c7190a82003fbe1,True
MZ_Air,R03,60,eas,deterministic_rejection,replace_rule,rejected,23,23,a98b3e1b9443951253022466b436cbe2c3bbcb1141b4cba4043a563193a264a4,a98b3e1b9443951253022466b436cbe2c3bbcb1141b4cba4043a563193a264a4,True
MZ_Air,R03,60,sou,deterministic_rejection,replace_rule,rejected,11,11,f41a956ae798c2b174d64001e2f3738ae24912ceae4b7b4b2f3b46d7d28734fd,f41a956ae798c2b174d64001e2f3738ae24912ceae4b7b4b2f3b46d7d28734fd,True
MZ_Air,R03,60,wes,deterministic_rejection,add_rule,rejected,10,10,c95cede6b37a6285e628071aad8dbd6649f6eb15fce2551560142961fbee83e3,c95cede6b37a6285e628071aad8dbd6649f6eb15fce2551560142961fbee83e3,True
MZ_Air,R03,60,cor,replace_rule,replace_rule,accepted,23,24,a26fb9a16eb4820462a6ce5c96ec37f3990c1ed84ddea469c045c0895f8b9b74,44b32921fa77cdf2ac205ca9cc47b62c7624ad8010db7a47dc9af430720871b4,True
MZ_Air,R03,61,nor,replace_rule,replace_rule,accepted,18,19,c3df9c13ab8f0c32f56ed224e976a779d44f9af3ce1303614c7190a82003fbe1,46144801f071dd737764ae470e253009d228cda21b30ee63b1980e82681121c0,True
MZ_Air,R03,61,eas,set_param,set_param,accepted,23,24,a98b3e1b9443951253022466b436cbe2c3bbcb1141b4cba4043a563193a264a4,ee9181d650c618e1a0be6e8237b7d4c353ad6661537e1e6564a5009c5b75400e,True
MZ_Air,R03,61,sou,schema_fallback,no_change,model_output_rejected,11,11,f41a956ae798c2b174d64001e2f3738ae24912ceae4b7b4b2f3b46d7d28734fd,f41a956ae798c2b174d64001e2f3738ae24912ceae4b7b4b2f3b46d7d28734fd,True
MZ_Air,R03,61,wes,deterministic_rejection,replace_rule,rejected,10,10,c95cede6b37a6285e628071aad8dbd6649f6eb15fce2551560142961fbee83e3,c95cede6b37a6285e628071aad8dbd6649f6eb15fce2551560142961fbee83e3,True
MZ_Air,R03,61,cor,replace_rule,replace_rule,accepted,24,25,44b32921fa77cdf2ac205ca9cc47b62c7624ad8010db7a47dc9af430720871b4,22c3af79daefb6079861453ef355d717ebd2d61a6dbea29b348c340ee10fa9a0,True
MZ_Air,R03,62,nor,set_param,set_param,accepted,19,20,46144801f071dd737764ae470e253009d228cda21b30ee63b1980e82681121c0,963f5e266431625215688e26b7ad1343e4878cf0eabd9a2254f09b5e9a7efc54,True
MZ_Air,R03,62,sou,deterministic_rejection,replace_rule,rejected,11,11,f41a956ae798c2b174d64001e2f3738ae24912ceae4b7b4b2f3b46d7d28734fd,f41a956ae798c2b174d64001e2f3738ae24912ceae4b7b4b2f3b46d7d28734fd,True
MZ_Air,R03,62,wes,deterministic_rejection,set_param,rejected,10,10,c95cede6b37a6285e628071aad8dbd6649f6eb15fce2551560142961fbee83e3,c95cede6b37a6285e628071aad8dbd6649f6eb15fce2551560142961fbee83e3,True
MZ_Air,R03,62,cor,replace_rule,replace_rule,accepted,25,26,22c3af79daefb6079861453ef355d717ebd2d61a6dbea29b348c340ee10fa9a0,44b32921fa77cdf2ac205ca9cc47b62c7624ad8010db7a47dc9af430720871b4,True
MZ_Air,R03,62,eas,deterministic_rejection,replace_rule,rejected,24,24,ee9181d650c618e1a0be6e8237b7d4c353ad6661537e1e6564a5009c5b75400e,ee9181d650c618e1a0be6e8237b7d4c353ad6661537e1e6564a5009c5b75400e,True
MZ_Air,R03,63,eas,set_param,set_param,accepted,24,25,ee9181d650c618e1a0be6e8237b7d4c353ad6661537e1e6564a5009c5b75400e,a98b3e1b9443951253022466b436cbe2c3bbcb1141b4cba4043a563193a264a4,True
MZ_Air,R03,63,nor,deterministic_rejection,replace_rule,rejected,20,20,963f5e266431625215688e26b7ad1343e4878cf0eabd9a2254f09b5e9a7efc54,963f5e266431625215688e26b7ad1343e4878cf0eabd9a2254f09b5e9a7efc54,True
MZ_Air,R03,63,sou,schema_fallback,no_change,model_output_rejected,11,11,f41a956ae798c2b174d64001e2f3738ae24912ceae4b7b4b2f3b46d7d28734fd,f41a956ae798c2b174d64001e2f3738ae24912ceae4b7b4b2f3b46d7d28734fd,True
MZ_Air,R03,63,wes,set_param,set_param,accepted,10,11,c95cede6b37a6285e628071aad8dbd6649f6eb15fce2551560142961fbee83e3,c8736337c83f03723dfd6a019a0f8030fea65c7002739a58c65a1dddcfa2cdea,True
MZ_Air,R03,63,cor,replace_rule,replace_rule,accepted,26,27,44b32921fa77cdf2ac205ca9cc47b62c7624ad8010db7a47dc9af430720871b4,521b70fbcdfca21a5a424b90304d7ca930ca76c31697ccef6981444e4e3033d5,True
MZ_Air,R03,64,sou,deterministic_rejection,replace_rule,rejected,11,11,f41a956ae798c2b174d64001e2f3738ae24912ceae4b7b4b2f3b46d7d28734fd,f41a956ae798c2b174d64001e2f3738ae24912ceae4b7b4b2f3b46d7d28734fd,True
MZ_Air,R03,64,nor,deterministic_rejection,replace_rule,rejected,20,20,963f5e266431625215688e26b7ad1343e4878cf0eabd9a2254f09b5e9a7efc54,963f5e266431625215688e26b7ad1343e4878cf0eabd9a2254f09b5e9a7efc54,True
MZ_Air,R03,64,wes,deterministic_rejection,set_param,rejected,11,11,c8736337c83f03723dfd6a019a0f8030fea65c7002739a58c65a1dddcfa2cdea,c8736337c83f03723dfd6a019a0f8030fea65c7002739a58c65a1dddcfa2cdea,True
MZ_Air,R03,64,eas,deterministic_rejection,set_param,rejected,25,25,a98b3e1b9443951253022466b436cbe2c3bbcb1141b4cba4043a563193a264a4,a98b3e1b9443951253022466b436cbe2c3bbcb1141b4cba4043a563193a264a4,True
MZ_Air,R03,64,cor,replace_rule,replace_rule,accepted,27,28,521b70fbcdfca21a5a424b90304d7ca930ca76c31697ccef6981444e4e3033d5,950f2761d13969caa7f55131fd76fef7bd4296a9c46b1863b9f9975c9b1a4f0f,True
MZ_Air,R03,65,eas,replace_rule,replace_rule,accepted,25,26,a98b3e1b9443951253022466b436cbe2c3bbcb1141b4cba4043a563193a264a4,4172a3b92ef0a200ea2a77389f003bb5d933d6e1e0a8834fe7bee9beb8d0b389,True
MZ_Air,R03,65,cor,replace_rule,replace_rule,accepted,28,29,950f2761d13969caa7f55131fd76fef7bd4296a9c46b1863b9f9975c9b1a4f0f,f917ef18154c0ed4f7de397c44cc8acd85a2dbf7494b555e675ba08399f5b5a2,True
MZ_Air,R03,65,nor,schema_fallback,no_change,model_output_rejected,20,20,963f5e266431625215688e26b7ad1343e4878cf0eabd9a2254f09b5e9a7efc54,963f5e266431625215688e26b7ad1343e4878cf0eabd9a2254f09b5e9a7efc54,True
MZ_Air,R03,65,sou,replace_rule,replace_rule,accepted,11,12,f41a956ae798c2b174d64001e2f3738ae24912ceae4b7b4b2f3b46d7d28734fd,aa4841528830c256266e20dbee90cbafd23f441046ffde97ad3b4ed984e95e18,True
MZ_Air,R03,65,wes,schema_fallback,no_change,model_output_rejected,11,11,c8736337c83f03723dfd6a019a0f8030fea65c7002739a58c65a1dddcfa2cdea,c8736337c83f03723dfd6a019a0f8030fea65c7002739a58c65a1dddcfa2cdea,True
MZ_Air,R03,66,cor,replace_rule,replace_rule,accepted,29,30,f917ef18154c0ed4f7de397c44cc8acd85a2dbf7494b555e675ba08399f5b5a2,06286475a274098cd65c941d854d0b89e466aae0e43354c86a41da4851f22b56,True
MZ_Air,R03,66,eas,explicit_no_change,no_change,accepted,26,26,4172a3b92ef0a200ea2a77389f003bb5d933d6e1e0a8834fe7bee9beb8d0b389,4172a3b92ef0a200ea2a77389f003bb5d933d6e1e0a8834fe7bee9beb8d0b389,True
MZ_Air,R03,66,sou,deterministic_rejection,replace_rule,rejected,12,12,aa4841528830c256266e20dbee90cbafd23f441046ffde97ad3b4ed984e95e18,aa4841528830c256266e20dbee90cbafd23f441046ffde97ad3b4ed984e95e18,True
MZ_Air,R03,66,nor,deterministic_rejection,replace_rule,rejected,20,20,963f5e266431625215688e26b7ad1343e4878cf0eabd9a2254f09b5e9a7efc54,963f5e266431625215688e26b7ad1343e4878cf0eabd9a2254f09b5e9a7efc54,True
MZ_Air,R03,66,wes,deterministic_rejection,set_param,rejected,11,11,c8736337c83f03723dfd6a019a0f8030fea65c7002739a58c65a1dddcfa2cdea,c8736337c83f03723dfd6a019a0f8030fea65c7002739a58c65a1dddcfa2cdea,True
MZ_Air,R03,67,cor,replace_rule,replace_rule,accepted,30,31,06286475a274098cd65c941d854d0b89e466aae0e43354c86a41da4851f22b56,50931236af320adf52d832c5a8adfd0ab8dbb39c0ce0498709138dc4e5e15196,True
MZ_Air,R03,67,eas,explicit_no_change,no_change,accepted,26,26,4172a3b92ef0a200ea2a77389f003bb5d933d6e1e0a8834fe7bee9beb8d0b389,4172a3b92ef0a200ea2a77389f003bb5d933d6e1e0a8834fe7bee9beb8d0b389,True
MZ_Air,R03,67,sou,deterministic_rejection,replace_rule,rejected,12,12,aa4841528830c256266e20dbee90cbafd23f441046ffde97ad3b4ed984e95e18,aa4841528830c256266e20dbee90cbafd23f441046ffde97ad3b4ed984e95e18,True
MZ_Air,R03,67,nor,deterministic_rejection,replace_rule,rejected,20,20,963f5e266431625215688e26b7ad1343e4878cf0eabd9a2254f09b5e9a7efc54,963f5e266431625215688e26b7ad1343e4878cf0eabd9a2254f09b5e9a7efc54,True
MZ_Air,R03,67,wes,replace_rule,replace_rule,accepted,11,12,c8736337c83f03723dfd6a019a0f8030fea65c7002739a58c65a1dddcfa2cdea,ad92fc9139b20bb3f2afc36986ec6f661c3224988a4ec9df0dac853bfc467889,True
MZ_Air,R03,68,wes,replace_rule,replace_rule,accepted,12,13,ad92fc9139b20bb3f2afc36986ec6f661c3224988a4ec9df0dac853bfc467889,5916de746d5b5277e824025daeb676c6f1f4fdb09cccab13e909378f0413de7b,True
MZ_Air,R03,68,cor,replace_rule,replace_rule,accepted,31,32,50931236af320adf52d832c5a8adfd0ab8dbb39c0ce0498709138dc4e5e15196,44a777c80a6f625ed24cb39e4ecd6e84461d294a99151c30e15b74d670b64af3,True
MZ_Air,R03,68,eas,explicit_no_change,no_change,accepted,26,26,4172a3b92ef0a200ea2a77389f003bb5d933d6e1e0a8834fe7bee9beb8d0b389,4172a3b92ef0a200ea2a77389f003bb5d933d6e1e0a8834fe7bee9beb8d0b389,True
MZ_Air,R03,68,sou,deterministic_rejection,replace_rule,rejected,12,12,aa4841528830c256266e20dbee90cbafd23f441046ffde97ad3b4ed984e95e18,aa4841528830c256266e20dbee90cbafd23f441046ffde97ad3b4ed984e95e18,True
MZ_Air,R03,68,nor,replace_rule,replace_rule,accepted,20,21,963f5e266431625215688e26b7ad1343e4878cf0eabd9a2254f09b5e9a7efc54,bc898b1455c18ae0e0cbf2c94b8e691b0b9163b6669452135d1b890f37721e3a,True
MZ_Air,R03,69,wes,explicit_no_change,no_change,accepted,13,13,5916de746d5b5277e824025daeb676c6f1f4fdb09cccab13e909378f0413de7b,5916de746d5b5277e824025daeb676c6f1f4fdb09cccab13e909378f0413de7b,True
MZ_Air,R03,69,cor,deterministic_rejection,replace_rule,rejected,32,32,44a777c80a6f625ed24cb39e4ecd6e84461d294a99151c30e15b74d670b64af3,44a777c80a6f625ed24cb39e4ecd6e84461d294a99151c30e15b74d670b64af3,True
MZ_Air,R03,69,nor,explicit_no_change,no_change,accepted,21,21,bc898b1455c18ae0e0cbf2c94b8e691b0b9163b6669452135d1b890f37721e3a,bc898b1455c18ae0e0cbf2c94b8e691b0b9163b6669452135d1b890f37721e3a,True
MZ_Air,R03,69,eas,explicit_no_change,no_change,accepted,26,26,4172a3b92ef0a200ea2a77389f003bb5d933d6e1e0a8834fe7bee9beb8d0b389,4172a3b92ef0a200ea2a77389f003bb5d933d6e1e0a8834fe7bee9beb8d0b389,True
MZ_Air,R03,69,sou,explicit_no_change,no_change,accepted,12,12,aa4841528830c256266e20dbee90cbafd23f441046ffde97ad3b4ed984e95e18,aa4841528830c256266e20dbee90cbafd23f441046ffde97ad3b4ed984e95e18,True
MZ_Air,R03,70,cor,deterministic_rejection,replace_rule,rejected,32,32,44a777c80a6f625ed24cb39e4ecd6e84461d294a99151c30e15b74d670b64af3,44a777c80a6f625ed24cb39e4ecd6e84461d294a99151c30e15b74d670b64af3,True
MZ_Air,R03,70,wes,explicit_no_change,no_change,accepted,13,13,5916de746d5b5277e824025daeb676c6f1f4fdb09cccab13e909378f0413de7b,5916de746d5b5277e824025daeb676c6f1f4fdb09cccab13e909378f0413de7b,True
MZ_Air,R03,70,nor,explicit_no_change,no_change,accepted,21,21,bc898b1455c18ae0e0cbf2c94b8e691b0b9163b6669452135d1b890f37721e3a,bc898b1455c18ae0e0cbf2c94b8e691b0b9163b6669452135d1b890f37721e3a,True
MZ_Air,R03,70,eas,explicit_no_change,no_change,accepted,26,26,4172a3b92ef0a200ea2a77389f003bb5d933d6e1e0a8834fe7bee9beb8d0b389,4172a3b92ef0a200ea2a77389f003bb5d933d6e1e0a8834fe7bee9beb8d0b389,True
MZ_Air,R03,70,sou,explicit_no_change,no_change,accepted,12,12,aa4841528830c256266e20dbee90cbafd23f441046ffde97ad3b4ed984e95e18,aa4841528830c256266e20dbee90cbafd23f441046ffde97ad3b4ed984e95e18,True
MZ_Air,R03,71,cor,explicit_no_change,no_change,accepted,32,32,44a777c80a6f625ed24cb39e4ecd6e84461d294a99151c30e15b74d670b64af3,44a777c80a6f625ed24cb39e4ecd6e84461d294a99151c30e15b74d670b64af3,True
MZ_Air,R03,71,wes,explicit_no_change,no_change,accepted,13,13,5916de746d5b5277e824025daeb676c6f1f4fdb09cccab13e909378f0413de7b,5916de746d5b5277e824025daeb676c6f1f4fdb09cccab13e909378f0413de7b,True
MZ_Air,R03,71,nor,explicit_no_change,no_change,accepted,21,21,bc898b1455c18ae0e0cbf2c94b8e691b0b9163b6669452135d1b890f37721e3a,bc898b1455c18ae0e0cbf2c94b8e691b0b9163b6669452135d1b890f37721e3a,True
MZ_Air,R03,71,eas,explicit_no_change,no_change,accepted,26,26,4172a3b92ef0a200ea2a77389f003bb5d933d6e1e0a8834fe7bee9beb8d0b389,4172a3b92ef0a200ea2a77389f003bb5d933d6e1e0a8834fe7bee9beb8d0b389,True
MZ_Air,R03,71,sou,explicit_no_change,no_change,accepted,12,12,aa4841528830c256266e20dbee90cbafd23f441046ffde97ad3b4ed984e95e18,aa4841528830c256266e20dbee90cbafd23f441046ffde97ad3b4ed984e95e18,True
MZ_Air,R03,72,cor,explicit_no_change,no_change,accepted,32,32,44a777c80a6f625ed24cb39e4ecd6e84461d294a99151c30e15b74d670b64af3,44a777c80a6f625ed24cb39e4ecd6e84461d294a99151c30e15b74d670b64af3,True
MZ_Air,R03,72,wes,deterministic_rejection,replace_rule,rejected,13,13,5916de746d5b5277e824025daeb676c6f1f4fdb09cccab13e909378f0413de7b,5916de746d5b5277e824025daeb676c6f1f4fdb09cccab13e909378f0413de7b,True
MZ_Air,R03,72,nor,explicit_no_change,no_change,accepted,21,21,bc898b1455c18ae0e0cbf2c94b8e691b0b9163b6669452135d1b890f37721e3a,bc898b1455c18ae0e0cbf2c94b8e691b0b9163b6669452135d1b890f37721e3a,True
MZ_Air,R03,72,eas,explicit_no_change,no_change,accepted,26,26,4172a3b92ef0a200ea2a77389f003bb5d933d6e1e0a8834fe7bee9beb8d0b389,4172a3b92ef0a200ea2a77389f003bb5d933d6e1e0a8834fe7bee9beb8d0b389,True
MZ_Air,R03,72,sou,explicit_no_change,no_change,accepted,12,12,aa4841528830c256266e20dbee90cbafd23f441046ffde97ad3b4ed984e95e18,aa4841528830c256266e20dbee90cbafd23f441046ffde97ad3b4ed984e95e18,True
MZ_Air,R03,73,cor,explicit_no_change,no_change,accepted,32,32,44a777c80a6f625ed24cb39e4ecd6e84461d294a99151c30e15b74d670b64af3,44a777c80a6f625ed24cb39e4ecd6e84461d294a99151c30e15b74d670b64af3,True
MZ_Air,R03,73,wes,deterministic_rejection,replace_rule,rejected,13,13,5916de746d5b5277e824025daeb676c6f1f4fdb09cccab13e909378f0413de7b,5916de746d5b5277e824025daeb676c6f1f4fdb09cccab13e909378f0413de7b,True
MZ_Air,R03,73,nor,explicit_no_change,no_change,accepted,21,21,bc898b1455c18ae0e0cbf2c94b8e691b0b9163b6669452135d1b890f37721e3a,bc898b1455c18ae0e0cbf2c94b8e691b0b9163b6669452135d1b890f37721e3a,True
MZ_Air,R03,73,eas,explicit_no_change,no_change,accepted,26,26,4172a3b92ef0a200ea2a77389f003bb5d933d6e1e0a8834fe7bee9beb8d0b389,4172a3b92ef0a200ea2a77389f003bb5d933d6e1e0a8834fe7bee9beb8d0b389,True
MZ_Air,R03,73,sou,explicit_no_change,no_change,accepted,12,12,aa4841528830c256266e20dbee90cbafd23f441046ffde97ad3b4ed984e95e18,aa4841528830c256266e20dbee90cbafd23f441046ffde97ad3b4ed984e95e18,True
MZ_Air,R03,74,cor,explicit_no_change,no_change,accepted,32,32,44a777c80a6f625ed24cb39e4ecd6e84461d294a99151c30e15b74d670b64af3,44a777c80a6f625ed24cb39e4ecd6e84461d294a99151c30e15b74d670b64af3,True
MZ_Air,R03,74,wes,deterministic_rejection,replace_rule,rejected,13,13,5916de746d5b5277e824025daeb676c6f1f4fdb09cccab13e909378f0413de7b,5916de746d5b5277e824025daeb676c6f1f4fdb09cccab13e909378f0413de7b,True
MZ_Air,R03,74,nor,replace_rule,replace_rule,accepted,21,22,bc898b1455c18ae0e0cbf2c94b8e691b0b9163b6669452135d1b890f37721e3a,98dc9e29cfec570b4d19b4fdf9957b899c48f1e24136494f32bd6b256a94eb7e,True
MZ_Air,R03,74,eas,explicit_no_change,no_change,accepted,26,26,4172a3b92ef0a200ea2a77389f003bb5d933d6e1e0a8834fe7bee9beb8d0b389,4172a3b92ef0a200ea2a77389f003bb5d933d6e1e0a8834fe7bee9beb8d0b389,True
MZ_Air,R03,74,sou,explicit_no_change,no_change,accepted,12,12,aa4841528830c256266e20dbee90cbafd23f441046ffde97ad3b4ed984e95e18,aa4841528830c256266e20dbee90cbafd23f441046ffde97ad3b4ed984e95e18,True
MZ_Air,R03,75,cor,explicit_no_change,no_change,accepted,32,32,44a777c80a6f625ed24cb39e4ecd6e84461d294a99151c30e15b74d670b64af3,44a777c80a6f625ed24cb39e4ecd6e84461d294a99151c30e15b74d670b64af3,True
MZ_Air,R03,75,wes,deterministic_rejection,replace_rule,rejected,13,13,5916de746d5b5277e824025daeb676c6f1f4fdb09cccab13e909378f0413de7b,5916de746d5b5277e824025daeb676c6f1f4fdb09cccab13e909378f0413de7b,True
MZ_Air,R03,75,nor,explicit_no_change,no_change,accepted,22,22,98dc9e29cfec570b4d19b4fdf9957b899c48f1e24136494f32bd6b256a94eb7e,98dc9e29cfec570b4d19b4fdf9957b899c48f1e24136494f32bd6b256a94eb7e,True
MZ_Air,R03,75,eas,explicit_no_change,no_change,accepted,26,26,4172a3b92ef0a200ea2a77389f003bb5d933d6e1e0a8834fe7bee9beb8d0b389,4172a3b92ef0a200ea2a77389f003bb5d933d6e1e0a8834fe7bee9beb8d0b389,True
MZ_Air,R03,75,sou,explicit_no_change,no_change,accepted,12,12,aa4841528830c256266e20dbee90cbafd23f441046ffde97ad3b4ed984e95e18,aa4841528830c256266e20dbee90cbafd23f441046ffde97ad3b4ed984e95e18,True
MZ_Air,R03,76,cor,explicit_no_change,no_change,accepted,32,32,44a777c80a6f625ed24cb39e4ecd6e84461d294a99151c30e15b74d670b64af3,44a777c80a6f625ed24cb39e4ecd6e84461d294a99151c30e15b74d670b64af3,True
MZ_Air,R03,76,wes,explicit_no_change,no_change,accepted,13,13,5916de746d5b5277e824025daeb676c6f1f4fdb09cccab13e909378f0413de7b,5916de746d5b5277e824025daeb676c6f1f4fdb09cccab13e909378f0413de7b,True
MZ_Air,R03,76,nor,explicit_no_change,no_change,accepted,22,22,98dc9e29cfec570b4d19b4fdf9957b899c48f1e24136494f32bd6b256a94eb7e,98dc9e29cfec570b4d19b4fdf9957b899c48f1e24136494f32bd6b256a94eb7e,True
MZ_Air,R03,76,eas,explicit_no_change,no_change,accepted,26,26,4172a3b92ef0a200ea2a77389f003bb5d933d6e1e0a8834fe7bee9beb8d0b389,4172a3b92ef0a200ea2a77389f003bb5d933d6e1e0a8834fe7bee9beb8d0b389,True
MZ_Air,R03,76,sou,explicit_no_change,no_change,accepted,12,12,aa4841528830c256266e20dbee90cbafd23f441046ffde97ad3b4ed984e95e18,aa4841528830c256266e20dbee90cbafd23f441046ffde97ad3b4ed984e95e18,True
MZ_Air,R03,77,eas,explicit_no_change,no_change,accepted,26,26,4172a3b92ef0a200ea2a77389f003bb5d933d6e1e0a8834fe7bee9beb8d0b389,4172a3b92ef0a200ea2a77389f003bb5d933d6e1e0a8834fe7bee9beb8d0b389,True
MZ_Air,R03,77,sou,explicit_no_change,no_change,accepted,12,12,aa4841528830c256266e20dbee90cbafd23f441046ffde97ad3b4ed984e95e18,aa4841528830c256266e20dbee90cbafd23f441046ffde97ad3b4ed984e95e18,True
MZ_Air,R03,77,nor,explicit_no_change,no_change,accepted,22,22,98dc9e29cfec570b4d19b4fdf9957b899c48f1e24136494f32bd6b256a94eb7e,98dc9e29cfec570b4d19b4fdf9957b899c48f1e24136494f32bd6b256a94eb7e,True
MZ_Air,R03,77,cor,explicit_no_change,no_change,accepted,32,32,44a777c80a6f625ed24cb39e4ecd6e84461d294a99151c30e15b74d670b64af3,44a777c80a6f625ed24cb39e4ecd6e84461d294a99151c30e15b74d670b64af3,True
MZ_Air,R03,77,wes,explicit_no_change,no_change,accepted,13,13,5916de746d5b5277e824025daeb676c6f1f4fdb09cccab13e909378f0413de7b,5916de746d5b5277e824025daeb676c6f1f4fdb09cccab13e909378f0413de7b,True
MZ_Air,R03,78,cor,set_param,set_param,accepted,32,33,44a777c80a6f625ed24cb39e4ecd6e84461d294a99151c30e15b74d670b64af3,b12873b5aa8e49dd5d45f8d4e79bc5a4299c6404c6f52719559f854cb2190970,True
MZ_Air,R03,78,eas,explicit_no_change,no_change,accepted,26,26,4172a3b92ef0a200ea2a77389f003bb5d933d6e1e0a8834fe7bee9beb8d0b389,4172a3b92ef0a200ea2a77389f003bb5d933d6e1e0a8834fe7bee9beb8d0b389,True
MZ_Air,R03,78,nor,explicit_no_change,no_change,accepted,22,22,98dc9e29cfec570b4d19b4fdf9957b899c48f1e24136494f32bd6b256a94eb7e,98dc9e29cfec570b4d19b4fdf9957b899c48f1e24136494f32bd6b256a94eb7e,True
MZ_Air,R03,78,sou,explicit_no_change,no_change,accepted,12,12,aa4841528830c256266e20dbee90cbafd23f441046ffde97ad3b4ed984e95e18,aa4841528830c256266e20dbee90cbafd23f441046ffde97ad3b4ed984e95e18,True
MZ_Air,R03,78,wes,deterministic_rejection,add_rule,rejected,13,13,5916de746d5b5277e824025daeb676c6f1f4fdb09cccab13e909378f0413de7b,5916de746d5b5277e824025daeb676c6f1f4fdb09cccab13e909378f0413de7b,True
MZ_Air,R03,79,cor,replace_rule,replace_rule,accepted,33,34,b12873b5aa8e49dd5d45f8d4e79bc5a4299c6404c6f52719559f854cb2190970,4ddb952334cbfdd0f3e8b717b5febc0a4dfdd1ba9d308709c85c7af568156c4f,True
MZ_Air,R03,79,nor,explicit_no_change,no_change,accepted,22,22,98dc9e29cfec570b4d19b4fdf9957b899c48f1e24136494f32bd6b256a94eb7e,98dc9e29cfec570b4d19b4fdf9957b899c48f1e24136494f32bd6b256a94eb7e,True
MZ_Air,R03,79,wes,deterministic_rejection,add_rule,rejected,13,13,5916de746d5b5277e824025daeb676c6f1f4fdb09cccab13e909378f0413de7b,5916de746d5b5277e824025daeb676c6f1f4fdb09cccab13e909378f0413de7b,True
MZ_Air,R03,79,eas,explicit_no_change,no_change,accepted,26,26,4172a3b92ef0a200ea2a77389f003bb5d933d6e1e0a8834fe7bee9beb8d0b389,4172a3b92ef0a200ea2a77389f003bb5d933d6e1e0a8834fe7bee9beb8d0b389,True
MZ_Air,R03,79,sou,deterministic_rejection,replace_rule,rejected,12,12,aa4841528830c256266e20dbee90cbafd23f441046ffde97ad3b4ed984e95e18,aa4841528830c256266e20dbee90cbafd23f441046ffde97ad3b4ed984e95e18,True
MZ_Air,R03,80,eas,add_rule,add_rule,accepted,26,27,4172a3b92ef0a200ea2a77389f003bb5d933d6e1e0a8834fe7bee9beb8d0b389,9ba3253513aa941fa713a94c160a3f582f225339fb12e3bc1f4079ff56baee4e,True
MZ_Air,R03,80,sou,explicit_no_change,no_change,accepted,12,12,aa4841528830c256266e20dbee90cbafd23f441046ffde97ad3b4ed984e95e18,aa4841528830c256266e20dbee90cbafd23f441046ffde97ad3b4ed984e95e18,True
MZ_Air,R03,80,cor,replace_rule,replace_rule,accepted,34,35,4ddb952334cbfdd0f3e8b717b5febc0a4dfdd1ba9d308709c85c7af568156c4f,158b49469131387849dd59a9d1fd1f6a520f050079aa183501f35702137fc4bb,True
MZ_Air,R03,80,nor,explicit_no_change,no_change,accepted,22,22,98dc9e29cfec570b4d19b4fdf9957b899c48f1e24136494f32bd6b256a94eb7e,98dc9e29cfec570b4d19b4fdf9957b899c48f1e24136494f32bd6b256a94eb7e,True
MZ_Air,R03,80,wes,schema_fallback,no_change,model_output_rejected,13,13,5916de746d5b5277e824025daeb676c6f1f4fdb09cccab13e909378f0413de7b,5916de746d5b5277e824025daeb676c6f1f4fdb09cccab13e909378f0413de7b,True
MZ_Air,R03,81,cor,explicit_no_change,no_change,accepted,35,35,158b49469131387849dd59a9d1fd1f6a520f050079aa183501f35702137fc4bb,158b49469131387849dd59a9d1fd1f6a520f050079aa183501f35702137fc4bb,True
MZ_Air,R03,81,nor,replace_rule,replace_rule,accepted,22,23,98dc9e29cfec570b4d19b4fdf9957b899c48f1e24136494f32bd6b256a94eb7e,967191a36a411dee6fff98ef1b84a96dd12ecec721d71f1d45a81a86a3fab285,True
MZ_Air,R03,81,sou,set_param,set_param,accepted,12,13,aa4841528830c256266e20dbee90cbafd23f441046ffde97ad3b4ed984e95e18,26684ebf2426ee572f69b9b2ebe3010e0e334d23f362a141fa6049a0992210b1,True
MZ_Air,R03,81,eas,set_param,set_param,accepted,27,28,9ba3253513aa941fa713a94c160a3f582f225339fb12e3bc1f4079ff56baee4e,b95292132948a54e7450d032a6b0f519930e6cec2d4242374a252ad082f553ee,True
MZ_Air,R03,81,wes,deterministic_rejection,set_param,rejected,13,13,5916de746d5b5277e824025daeb676c6f1f4fdb09cccab13e909378f0413de7b,5916de746d5b5277e824025daeb676c6f1f4fdb09cccab13e909378f0413de7b,True
MZ_Air,R03,82,nor,deterministic_rejection,set_param,rejected,23,23,967191a36a411dee6fff98ef1b84a96dd12ecec721d71f1d45a81a86a3fab285,967191a36a411dee6fff98ef1b84a96dd12ecec721d71f1d45a81a86a3fab285,True
MZ_Air,R03,82,wes,set_param,set_param,accepted,13,14,5916de746d5b5277e824025daeb676c6f1f4fdb09cccab13e909378f0413de7b,0221012d4f8ba4f9daff47a53e98669dec48d44ce7976fd581fb20773790edb8,True
MZ_Air,R03,82,cor,replace_rule,replace_rule,accepted,35,36,158b49469131387849dd59a9d1fd1f6a520f050079aa183501f35702137fc4bb,de341948b2261aa1ca5232f22e226479848a88deef2cab9c5d521f7e58b17f33,True
MZ_Air,R03,82,eas,deterministic_rejection,replace_rule,rejected,28,28,b95292132948a54e7450d032a6b0f519930e6cec2d4242374a252ad082f553ee,b95292132948a54e7450d032a6b0f519930e6cec2d4242374a252ad082f553ee,True
MZ_Air,R03,82,sou,replace_rule,replace_rule,accepted,13,14,26684ebf2426ee572f69b9b2ebe3010e0e334d23f362a141fa6049a0992210b1,540bb56fbc50eab1ae70e919c37d1b8cbb160eec801abe93d0e833c2877b09fd,True
MZ_Air,R03,83,sou,set_param,set_param,accepted,14,15,540bb56fbc50eab1ae70e919c37d1b8cbb160eec801abe93d0e833c2877b09fd,2cb99f7664dd5984f34b2a8b14ece990e98ecdecff8b73bb7784d1dc86b11a0c,True
MZ_Air,R03,83,nor,deterministic_rejection,replace_rule,rejected,23,23,967191a36a411dee6fff98ef1b84a96dd12ecec721d71f1d45a81a86a3fab285,967191a36a411dee6fff98ef1b84a96dd12ecec721d71f1d45a81a86a3fab285,True
MZ_Air,R03,83,wes,set_param,set_param,accepted,14,15,0221012d4f8ba4f9daff47a53e98669dec48d44ce7976fd581fb20773790edb8,5916de746d5b5277e824025daeb676c6f1f4fdb09cccab13e909378f0413de7b,True
MZ_Air,R03,83,cor,replace_rule,replace_rule,accepted,36,37,de341948b2261aa1ca5232f22e226479848a88deef2cab9c5d521f7e58b17f33,f25aeb21abbdd324c2875877e15a6b43eca107c7594a9342549b51b8941ff23c,True
MZ_Air,R03,83,eas,replace_rule,replace_rule,accepted,28,29,b95292132948a54e7450d032a6b0f519930e6cec2d4242374a252ad082f553ee,342f88da9bb1066773a2bf643d3bfdb55283a354c69c2011f24508eb16665f58,True
MZ_Air,R03,84,nor,replace_rule,replace_rule,accepted,23,24,967191a36a411dee6fff98ef1b84a96dd12ecec721d71f1d45a81a86a3fab285,e95f145ab9ca3042cb1d8cc47d233ea6d7a15e6491f2a2a9a0cb5a80191e486f,True
MZ_Air,R03,84,wes,set_param,set_param,accepted,15,16,5916de746d5b5277e824025daeb676c6f1f4fdb09cccab13e909378f0413de7b,507553cc4b101ab2c48dfe7a08869a15b71052c637e65ed024a61fe9218d1c76,True
MZ_Air,R03,84,eas,deterministic_rejection,replace_rule,rejected,29,29,342f88da9bb1066773a2bf643d3bfdb55283a354c69c2011f24508eb16665f58,342f88da9bb1066773a2bf643d3bfdb55283a354c69c2011f24508eb16665f58,True
MZ_Air,R03,84,sou,deterministic_rejection,replace_rule,rejected,15,15,2cb99f7664dd5984f34b2a8b14ece990e98ecdecff8b73bb7784d1dc86b11a0c,2cb99f7664dd5984f34b2a8b14ece990e98ecdecff8b73bb7784d1dc86b11a0c,True
MZ_Air,R03,84,cor,replace_rule,replace_rule,accepted,37,38,f25aeb21abbdd324c2875877e15a6b43eca107c7594a9342549b51b8941ff23c,158b49469131387849dd59a9d1fd1f6a520f050079aa183501f35702137fc4bb,True
MZ_Air,R03,85,wes,replace_rule,replace_rule,accepted,16,17,507553cc4b101ab2c48dfe7a08869a15b71052c637e65ed024a61fe9218d1c76,0fe47e263b41f69e4dfeeae7348bf31d7638dbfa149d54656cbec829841c7bd5,True
MZ_Air,R03,85,eas,set_param,set_param,accepted,29,30,342f88da9bb1066773a2bf643d3bfdb55283a354c69c2011f24508eb16665f58,bef170ff58059ebbd528aee6ffefd7a65ac04d6b0b4940a9449766c7e48b1637,True
MZ_Air,R03,85,cor,replace_rule,replace_rule,accepted,38,39,158b49469131387849dd59a9d1fd1f6a520f050079aa183501f35702137fc4bb,11d1468173d3434fcfeae3b477852ea029c3b35963f3937e340c3a7f868b58ca,True
MZ_Air,R03,85,nor,replace_rule,replace_rule,accepted,24,25,e95f145ab9ca3042cb1d8cc47d233ea6d7a15e6491f2a2a9a0cb5a80191e486f,6873d970d47d6f1620e54d8eba76bf96e7619afa9dc2b4f8d4da63cd201b13a6,True
MZ_Air,R03,85,sou,replace_rule,replace_rule,accepted,15,16,2cb99f7664dd5984f34b2a8b14ece990e98ecdecff8b73bb7784d1dc86b11a0c,740467e06eef4437fa66b66abe113f7eb5f03647ecf9f8525c07629fcdb30f8d,True
MZ_Air,R03,86,wes,replace_rule,replace_rule,accepted,17,18,0fe47e263b41f69e4dfeeae7348bf31d7638dbfa149d54656cbec829841c7bd5,507553cc4b101ab2c48dfe7a08869a15b71052c637e65ed024a61fe9218d1c76,True
MZ_Air,R03,86,cor,replace_rule,replace_rule,accepted,39,40,11d1468173d3434fcfeae3b477852ea029c3b35963f3937e340c3a7f868b58ca,0e3552144061aa9c6fba93d70ce0d8ec31169d4bd41aa355a18791454104548d,True
MZ_Air,R03,86,sou,set_param,set_param,accepted,16,17,740467e06eef4437fa66b66abe113f7eb5f03647ecf9f8525c07629fcdb30f8d,67a499a7d3ddce1e92d960f91a774fd7a0d7e1a1375a7b210c5620911adebdc1,True
MZ_Air,R03,86,eas,deterministic_rejection,replace_rule,rejected,30,30,bef170ff58059ebbd528aee6ffefd7a65ac04d6b0b4940a9449766c7e48b1637,bef170ff58059ebbd528aee6ffefd7a65ac04d6b0b4940a9449766c7e48b1637,True
MZ_Air,R03,86,nor,replace_rule,replace_rule,accepted,25,26,6873d970d47d6f1620e54d8eba76bf96e7619afa9dc2b4f8d4da63cd201b13a6,67c62a9be94a2587c641d1ba68cffb473089b0bab7003bc4a20b90fd7874f501,True
MZ_Air,R03,87,wes,deterministic_rejection,replace_rule,rejected,18,18,507553cc4b101ab2c48dfe7a08869a15b71052c637e65ed024a61fe9218d1c76,507553cc4b101ab2c48dfe7a08869a15b71052c637e65ed024a61fe9218d1c76,True
MZ_Air,R03,87,eas,deterministic_rejection,replace_rule,rejected,30,30,bef170ff58059ebbd528aee6ffefd7a65ac04d6b0b4940a9449766c7e48b1637,bef170ff58059ebbd528aee6ffefd7a65ac04d6b0b4940a9449766c7e48b1637,True
MZ_Air,R03,87,nor,explicit_no_change,no_change,accepted,26,26,67c62a9be94a2587c641d1ba68cffb473089b0bab7003bc4a20b90fd7874f501,67c62a9be94a2587c641d1ba68cffb473089b0bab7003bc4a20b90fd7874f501,True
MZ_Air,R03,87,cor,replace_rule,replace_rule,accepted,40,41,0e3552144061aa9c6fba93d70ce0d8ec31169d4bd41aa355a18791454104548d,e8b12c4e1b2eda6d63ec07799c8843a64f1f77afddd03270902401d198c3bc88,True
MZ_Air,R03,87,sou,set_param,set_param,accepted,17,18,67a499a7d3ddce1e92d960f91a774fd7a0d7e1a1375a7b210c5620911adebdc1,8711d94f2c31f198c5cfad40a4d4e811b7947c7521091c37bccfc76e7496d545,True
MZ_Air,R03,88,eas,set_param,set_param,accepted,30,31,bef170ff58059ebbd528aee6ffefd7a65ac04d6b0b4940a9449766c7e48b1637,2362cc2d63354191d3aa7fcd477a4cba0da810a999b7a518533c474fc647c027,True
MZ_Air,R03,88,wes,remove_rule,remove_rule,accepted,18,19,507553cc4b101ab2c48dfe7a08869a15b71052c637e65ed024a61fe9218d1c76,2f7e9f5371b6289cad7182f674a9648a298dfd2db2585a9880b6b432707d04a1,True
MZ_Air,R03,88,cor,deterministic_rejection,replace_rule,rejected,41,41,e8b12c4e1b2eda6d63ec07799c8843a64f1f77afddd03270902401d198c3bc88,e8b12c4e1b2eda6d63ec07799c8843a64f1f77afddd03270902401d198c3bc88,True
MZ_Air,R03,88,sou,deterministic_rejection,replace_rule,rejected,18,18,8711d94f2c31f198c5cfad40a4d4e811b7947c7521091c37bccfc76e7496d545,8711d94f2c31f198c5cfad40a4d4e811b7947c7521091c37bccfc76e7496d545,True
MZ_Air,R03,88,nor,deterministic_rejection,replace_rule,rejected,26,26,67c62a9be94a2587c641d1ba68cffb473089b0bab7003bc4a20b90fd7874f501,67c62a9be94a2587c641d1ba68cffb473089b0bab7003bc4a20b90fd7874f501,True
MZ_Air,R03,89,nor,schema_fallback,no_change,model_output_rejected,26,26,67c62a9be94a2587c641d1ba68cffb473089b0bab7003bc4a20b90fd7874f501,67c62a9be94a2587c641d1ba68cffb473089b0bab7003bc4a20b90fd7874f501,True
MZ_Air,R03,89,cor,replace_rule,replace_rule,accepted,41,42,e8b12c4e1b2eda6d63ec07799c8843a64f1f77afddd03270902401d198c3bc88,f8c278c971191dd9675952e313d92a91addcf2dcd07e30f803e9ef14cd166e83,True
MZ_Air,R03,89,sou,schema_fallback,no_change,model_output_rejected,18,18,8711d94f2c31f198c5cfad40a4d4e811b7947c7521091c37bccfc76e7496d545,8711d94f2c31f198c5cfad40a4d4e811b7947c7521091c37bccfc76e7496d545,True
MZ_Air,R03,89,eas,set_param,set_param,accepted,31,32,2362cc2d63354191d3aa7fcd477a4cba0da810a999b7a518533c474fc647c027,ff5e2b21fd776e92fe23eae11f4c6060ae9d9b3479943b05765f7226b2bee841,True
MZ_Air,R03,89,wes,set_param,set_param,accepted,19,20,2f7e9f5371b6289cad7182f674a9648a298dfd2db2585a9880b6b432707d04a1,07102f7f39e438cb977e4c7432a1bf702993072093000c29335b23218a0d991f,True
MZ_Air,R03,90,wes,set_param,set_param,accepted,20,21,07102f7f39e438cb977e4c7432a1bf702993072093000c29335b23218a0d991f,76f9ccf44e17f842ebd0189a394407339f1554b1d3005e16ee109a4784421b60,True
MZ_Air,R03,90,eas,deterministic_rejection,replace_rule,rejected,32,32,ff5e2b21fd776e92fe23eae11f4c6060ae9d9b3479943b05765f7226b2bee841,ff5e2b21fd776e92fe23eae11f4c6060ae9d9b3479943b05765f7226b2bee841,True
MZ_Air,R03,90,cor,replace_rule,replace_rule,accepted,42,43,f8c278c971191dd9675952e313d92a91addcf2dcd07e30f803e9ef14cd166e83,de341948b2261aa1ca5232f22e226479848a88deef2cab9c5d521f7e58b17f33,True
MZ_Air,R03,90,sou,deterministic_rejection,replace_rule,rejected,18,18,8711d94f2c31f198c5cfad40a4d4e811b7947c7521091c37bccfc76e7496d545,8711d94f2c31f198c5cfad40a4d4e811b7947c7521091c37bccfc76e7496d545,True
MZ_Air,R03,90,nor,deterministic_rejection,replace_rule,rejected,26,26,67c62a9be94a2587c641d1ba68cffb473089b0bab7003bc4a20b90fd7874f501,67c62a9be94a2587c641d1ba68cffb473089b0bab7003bc4a20b90fd7874f501,True
MZ_Air,R03,91,cor,replace_rule,replace_rule,accepted,43,44,de341948b2261aa1ca5232f22e226479848a88deef2cab9c5d521f7e58b17f33,9c273c5546bb71086e61a4f30cc590a129c15e855381fd80d096696e6bd8ac05,True
MZ_Air,R03,91,sou,deterministic_rejection,replace_rule,rejected,18,18,8711d94f2c31f198c5cfad40a4d4e811b7947c7521091c37bccfc76e7496d545,8711d94f2c31f198c5cfad40a4d4e811b7947c7521091c37bccfc76e7496d545,True
MZ_Air,R03,91,nor,replace_rule,replace_rule,accepted,26,27,67c62a9be94a2587c641d1ba68cffb473089b0bab7003bc4a20b90fd7874f501,478e0b7e9c983d68fa9217b3373c247586ba75ebacae4897c44834a0df2294ce,True
MZ_Air,R03,91,wes,set_param,set_param,accepted,21,22,76f9ccf44e17f842ebd0189a394407339f1554b1d3005e16ee109a4784421b60,8a6ec768e680e762b36fb5a98eadba052c51f51efc6060ea5d16ca9eded9cbaf,True
MZ_Air,R03,91,eas,deterministic_rejection,set_param,rejected,32,32,ff5e2b21fd776e92fe23eae11f4c6060ae9d9b3479943b05765f7226b2bee841,ff5e2b21fd776e92fe23eae11f4c6060ae9d9b3479943b05765f7226b2bee841,True
MZ_Air,R03,92,cor,explicit_no_change,no_change,accepted,44,44,9c273c5546bb71086e61a4f30cc590a129c15e855381fd80d096696e6bd8ac05,9c273c5546bb71086e61a4f30cc590a129c15e855381fd80d096696e6bd8ac05,True
MZ_Air,R03,92,eas,explicit_no_change,no_change,accepted,32,32,ff5e2b21fd776e92fe23eae11f4c6060ae9d9b3479943b05765f7226b2bee841,ff5e2b21fd776e92fe23eae11f4c6060ae9d9b3479943b05765f7226b2bee841,True
MZ_Air,R03,92,nor,replace_rule,replace_rule,accepted,27,28,478e0b7e9c983d68fa9217b3373c247586ba75ebacae4897c44834a0df2294ce,f9fd069362ce649df1f485dab64f6daa4c35b0013848c8d06f8e680d36b1f442,True
MZ_Air,R03,92,sou,replace_rule,replace_rule,accepted,18,19,8711d94f2c31f198c5cfad40a4d4e811b7947c7521091c37bccfc76e7496d545,8a9559382262877a04bf332c0a203ff53d98d75444119cc830baf530542a7005,True
MZ_Air,R03,92,wes,deterministic_rejection,set_param,rejected,22,22,8a6ec768e680e762b36fb5a98eadba052c51f51efc6060ea5d16ca9eded9cbaf,8a6ec768e680e762b36fb5a98eadba052c51f51efc6060ea5d16ca9eded9cbaf,True
MZ_Air,R03,93,wes,deterministic_rejection,set_param,rejected,22,22,8a6ec768e680e762b36fb5a98eadba052c51f51efc6060ea5d16ca9eded9cbaf,8a6ec768e680e762b36fb5a98eadba052c51f51efc6060ea5d16ca9eded9cbaf,True
MZ_Air,R03,93,cor,replace_rule,replace_rule,accepted,44,45,9c273c5546bb71086e61a4f30cc590a129c15e855381fd80d096696e6bd8ac05,da97160f8c44dbf217e028b1d49fca47212f7b570c8119b3948c8adef1a5d56a,True
MZ_Air,R03,93,eas,explicit_no_change,no_change,accepted,32,32,ff5e2b21fd776e92fe23eae11f4c6060ae9d9b3479943b05765f7226b2bee841,ff5e2b21fd776e92fe23eae11f4c6060ae9d9b3479943b05765f7226b2bee841,True
MZ_Air,R03,93,nor,explicit_no_change,no_change,accepted,28,28,f9fd069362ce649df1f485dab64f6daa4c35b0013848c8d06f8e680d36b1f442,f9fd069362ce649df1f485dab64f6daa4c35b0013848c8d06f8e680d36b1f442,True
MZ_Air,R03,93,sou,explicit_no_change,no_change,accepted,19,19,8a9559382262877a04bf332c0a203ff53d98d75444119cc830baf530542a7005,8a9559382262877a04bf332c0a203ff53d98d75444119cc830baf530542a7005,True
MZ_Air,R03,94,wes,add_rule,add_rule,accepted,22,23,8a6ec768e680e762b36fb5a98eadba052c51f51efc6060ea5d16ca9eded9cbaf,e44207c418196e1e45e43f478a1b7635438afc301f7fd7d689a3167f4d0863da,True
MZ_Air,R03,94,cor,explicit_no_change,no_change,accepted,45,45,da97160f8c44dbf217e028b1d49fca47212f7b570c8119b3948c8adef1a5d56a,da97160f8c44dbf217e028b1d49fca47212f7b570c8119b3948c8adef1a5d56a,True
MZ_Air,R03,94,eas,explicit_no_change,no_change,accepted,32,32,ff5e2b21fd776e92fe23eae11f4c6060ae9d9b3479943b05765f7226b2bee841,ff5e2b21fd776e92fe23eae11f4c6060ae9d9b3479943b05765f7226b2bee841,True
MZ_Air,R03,94,nor,deterministic_rejection,replace_rule,rejected,28,28,f9fd069362ce649df1f485dab64f6daa4c35b0013848c8d06f8e680d36b1f442,f9fd069362ce649df1f485dab64f6daa4c35b0013848c8d06f8e680d36b1f442,True
MZ_Air,R03,94,sou,explicit_no_change,no_change,accepted,19,19,8a9559382262877a04bf332c0a203ff53d98d75444119cc830baf530542a7005,8a9559382262877a04bf332c0a203ff53d98d75444119cc830baf530542a7005,True
MZ_Air,R03,95,cor,replace_rule,replace_rule,accepted,45,46,da97160f8c44dbf217e028b1d49fca47212f7b570c8119b3948c8adef1a5d56a,e1eb07787425967559fe2b0fd08f357a63de5d99764ffb6f65c7af8573a761d2,True
MZ_Air,R03,95,eas,explicit_no_change,no_change,accepted,32,32,ff5e2b21fd776e92fe23eae11f4c6060ae9d9b3479943b05765f7226b2bee841,ff5e2b21fd776e92fe23eae11f4c6060ae9d9b3479943b05765f7226b2bee841,True
MZ_Air,R03,95,nor,replace_rule,replace_rule,accepted,28,29,f9fd069362ce649df1f485dab64f6daa4c35b0013848c8d06f8e680d36b1f442,9aabe32a7c0d42ab907fc9e977eb5545d23b15182fcf60492d27782c9faeeb5c,True
MZ_Air,R03,95,sou,explicit_no_change,no_change,accepted,19,19,8a9559382262877a04bf332c0a203ff53d98d75444119cc830baf530542a7005,8a9559382262877a04bf332c0a203ff53d98d75444119cc830baf530542a7005,True
MZ_Air,R03,95,wes,remove_rule,remove_rule,accepted,23,24,e44207c418196e1e45e43f478a1b7635438afc301f7fd7d689a3167f4d0863da,8a6ec768e680e762b36fb5a98eadba052c51f51efc6060ea5d16ca9eded9cbaf,True
MZ_Air,R03,96,nor,replace_rule,replace_rule,accepted,29,30,9aabe32a7c0d42ab907fc9e977eb5545d23b15182fcf60492d27782c9faeeb5c,416090130dd80a3da3d203595c1d7a04f74b4873f50e78b50c4409fd9e487b02,True
MZ_Air,R03,96,sou,replace_rule,replace_rule,accepted,19,20,8a9559382262877a04bf332c0a203ff53d98d75444119cc830baf530542a7005,863543b3eb9998ff1d657b0694ffb8b7bfe74cfbde98fb4f72e56e3a614544e1,True
MZ_Air,R03,96,wes,replace_rule,replace_rule,accepted,24,25,8a6ec768e680e762b36fb5a98eadba052c51f51efc6060ea5d16ca9eded9cbaf,611e36643b3b6ae1bf93ad793c0f3365a3bce607c5b2f7d63e2638c96718cf60,True
MZ_Air,R03,96,cor,replace_rule,replace_rule,accepted,46,47,e1eb07787425967559fe2b0fd08f357a63de5d99764ffb6f65c7af8573a761d2,596637513ba1f378ec4cbaaf1bbcf83d9569e9f5ca62b0fe7d63b4f9ad82fb0d,True
MZ_Air,R03,96,eas,replace_rule,replace_rule,accepted,32,33,ff5e2b21fd776e92fe23eae11f4c6060ae9d9b3479943b05765f7226b2bee841,8c85c54f66263c52a9e4863794ee6d62442720e300bc915295c29460b08b8b69,True
MZ_Air,R03,97,nor,replace_rule,replace_rule,accepted,30,31,416090130dd80a3da3d203595c1d7a04f74b4873f50e78b50c4409fd9e487b02,8562e174c14514621d5d62e37ab0f08f57dd6621af3b4af802d0634d10465bf4,True
MZ_Air,R03,97,sou,replace_rule,replace_rule,accepted,20,21,863543b3eb9998ff1d657b0694ffb8b7bfe74cfbde98fb4f72e56e3a614544e1,77002c7552a04d5b854bfbcc636de97b1b6b8b64c040e3a6ea134c79c7a3edcd,True
MZ_Air,R03,97,wes,deterministic_rejection,replace_rule,rejected,25,25,611e36643b3b6ae1bf93ad793c0f3365a3bce607c5b2f7d63e2638c96718cf60,611e36643b3b6ae1bf93ad793c0f3365a3bce607c5b2f7d63e2638c96718cf60,True
MZ_Air,R03,97,cor,deterministic_rejection,replace_rule,rejected,47,47,596637513ba1f378ec4cbaaf1bbcf83d9569e9f5ca62b0fe7d63b4f9ad82fb0d,596637513ba1f378ec4cbaaf1bbcf83d9569e9f5ca62b0fe7d63b4f9ad82fb0d,True
MZ_Air,R03,97,eas,replace_rule,replace_rule,accepted,33,34,8c85c54f66263c52a9e4863794ee6d62442720e300bc915295c29460b08b8b69,fc49c04f1f1130dc5c5957ebf81a7cf9ad5a1d3c8b9b38b46c3d09119e9a585d,True
MZ_Air,R03,98,eas,explicit_no_change,no_change,accepted,34,34,fc49c04f1f1130dc5c5957ebf81a7cf9ad5a1d3c8b9b38b46c3d09119e9a585d,fc49c04f1f1130dc5c5957ebf81a7cf9ad5a1d3c8b9b38b46c3d09119e9a585d,True
MZ_Air,R03,98,nor,explicit_no_change,no_change,accepted,31,31,8562e174c14514621d5d62e37ab0f08f57dd6621af3b4af802d0634d10465bf4,8562e174c14514621d5d62e37ab0f08f57dd6621af3b4af802d0634d10465bf4,True
MZ_Air,R03,98,sou,explicit_no_change,no_change,accepted,21,21,77002c7552a04d5b854bfbcc636de97b1b6b8b64c040e3a6ea134c79c7a3edcd,77002c7552a04d5b854bfbcc636de97b1b6b8b64c040e3a6ea134c79c7a3edcd,True
MZ_Air,R03,98,cor,explicit_no_change,no_change,accepted,47,47,596637513ba1f378ec4cbaaf1bbcf83d9569e9f5ca62b0fe7d63b4f9ad82fb0d,596637513ba1f378ec4cbaaf1bbcf83d9569e9f5ca62b0fe7d63b4f9ad82fb0d,True
MZ_Air,R03,98,wes,deterministic_rejection,replace_rule,rejected,25,25,611e36643b3b6ae1bf93ad793c0f3365a3bce607c5b2f7d63e2638c96718cf60,611e36643b3b6ae1bf93ad793c0f3365a3bce607c5b2f7d63e2638c96718cf60,True
MZ_Air,R03,99,eas,explicit_no_change,no_change,accepted,34,34,fc49c04f1f1130dc5c5957ebf81a7cf9ad5a1d3c8b9b38b46c3d09119e9a585d,fc49c04f1f1130dc5c5957ebf81a7cf9ad5a1d3c8b9b38b46c3d09119e9a585d,True
MZ_Air,R03,99,nor,explicit_no_change,no_change,accepted,31,31,8562e174c14514621d5d62e37ab0f08f57dd6621af3b4af802d0634d10465bf4,8562e174c14514621d5d62e37ab0f08f57dd6621af3b4af802d0634d10465bf4,True
MZ_Air,R03,99,sou,replace_rule,replace_rule,accepted,21,22,77002c7552a04d5b854bfbcc636de97b1b6b8b64c040e3a6ea134c79c7a3edcd,e1cdc89ea0f594ebe14b8fd6226e3907d479da8eb9298483966b6c5eaa52c19e,True
MZ_Air,R03,99,cor,explicit_no_change,no_change,accepted,47,47,596637513ba1f378ec4cbaaf1bbcf83d9569e9f5ca62b0fe7d63b4f9ad82fb0d,596637513ba1f378ec4cbaaf1bbcf83d9569e9f5ca62b0fe7d63b4f9ad82fb0d,True
MZ_Air,R03,99,wes,explicit_no_change,no_change,accepted,25,25,611e36643b3b6ae1bf93ad793c0f3365a3bce607c5b2f7d63e2638c96718cf60,611e36643b3b6ae1bf93ad793c0f3365a3bce607c5b2f7d63e2638c96718cf60,True
MZ_Air,R03,100,sou,replace_rule,replace_rule,accepted,22,23,e1cdc89ea0f594ebe14b8fd6226e3907d479da8eb9298483966b6c5eaa52c19e,f5ab8c195b2b5d88e8f34b432ebfeab06c50cad86daae09e0a3360464bffadb4,True
MZ_Air,R03,100,eas,explicit_no_change,no_change,accepted,34,34,fc49c04f1f1130dc5c5957ebf81a7cf9ad5a1d3c8b9b38b46c3d09119e9a585d,fc49c04f1f1130dc5c5957ebf81a7cf9ad5a1d3c8b9b38b46c3d09119e9a585d,True
MZ_Air,R03,100,nor,explicit_no_change,no_change,accepted,31,31,8562e174c14514621d5d62e37ab0f08f57dd6621af3b4af802d0634d10465bf4,8562e174c14514621d5d62e37ab0f08f57dd6621af3b4af802d0634d10465bf4,True
MZ_Air,R03,100,cor,explicit_no_change,no_change,accepted,47,47,596637513ba1f378ec4cbaaf1bbcf83d9569e9f5ca62b0fe7d63b4f9ad82fb0d,596637513ba1f378ec4cbaaf1bbcf83d9569e9f5ca62b0fe7d63b4f9ad82fb0d,True
MZ_Air,R03,100,wes,explicit_no_change,no_change,accepted,25,25,611e36643b3b6ae1bf93ad793c0f3365a3bce607c5b2f7d63e2638c96718cf60,611e36643b3b6ae1bf93ad793c0f3365a3bce607c5b2f7d63e2638c96718cf60,True
MZ_Air,R03,101,sou,explicit_no_change,no_change,accepted,23,23,f5ab8c195b2b5d88e8f34b432ebfeab06c50cad86daae09e0a3360464bffadb4,f5ab8c195b2b5d88e8f34b432ebfeab06c50cad86daae09e0a3360464bffadb4,True
MZ_Air,R03,101,eas,explicit_no_change,no_change,accepted,34,34,fc49c04f1f1130dc5c5957ebf81a7cf9ad5a1d3c8b9b38b46c3d09119e9a585d,fc49c04f1f1130dc5c5957ebf81a7cf9ad5a1d3c8b9b38b46c3d09119e9a585d,True
MZ_Air,R03,101,nor,explicit_no_change,no_change,accepted,31,31,8562e174c14514621d5d62e37ab0f08f57dd6621af3b4af802d0634d10465bf4,8562e174c14514621d5d62e37ab0f08f57dd6621af3b4af802d0634d10465bf4,True
MZ_Air,R03,101,cor,explicit_no_change,no_change,accepted,47,47,596637513ba1f378ec4cbaaf1bbcf83d9569e9f5ca62b0fe7d63b4f9ad82fb0d,596637513ba1f378ec4cbaaf1bbcf83d9569e9f5ca62b0fe7d63b4f9ad82fb0d,True
MZ_Air,R03,101,wes,explicit_no_change,no_change,accepted,25,25,611e36643b3b6ae1bf93ad793c0f3365a3bce607c5b2f7d63e2638c96718cf60,611e36643b3b6ae1bf93ad793c0f3365a3bce607c5b2f7d63e2638c96718cf60,True
MZ_Air,R03,102,cor,explicit_no_change,no_change,accepted,47,47,596637513ba1f378ec4cbaaf1bbcf83d9569e9f5ca62b0fe7d63b4f9ad82fb0d,596637513ba1f378ec4cbaaf1bbcf83d9569e9f5ca62b0fe7d63b4f9ad82fb0d,True
MZ_Air,R03,102,eas,replace_rule,replace_rule,accepted,34,35,fc49c04f1f1130dc5c5957ebf81a7cf9ad5a1d3c8b9b38b46c3d09119e9a585d,14e0b039e525bfd47fa59e01bb23d6826df3a10697207f15ce5cfd732d756465,True
MZ_Air,R03,102,wes,explicit_no_change,no_change,accepted,25,25,611e36643b3b6ae1bf93ad793c0f3365a3bce607c5b2f7d63e2638c96718cf60,611e36643b3b6ae1bf93ad793c0f3365a3bce607c5b2f7d63e2638c96718cf60,True
MZ_Air,R03,102,sou,replace_rule,replace_rule,accepted,23,24,f5ab8c195b2b5d88e8f34b432ebfeab06c50cad86daae09e0a3360464bffadb4,eb5f5859bb7b5159a9328872a43c0f6624731e8739759f8cbee412bed3340a9f,True
MZ_Air,R03,102,nor,remove_rule,remove_rule,accepted,31,32,8562e174c14514621d5d62e37ab0f08f57dd6621af3b4af802d0634d10465bf4,57e0732522700cae87bc1d060daa3c549496378a5c1075d2daa9ae153fc316da,True
MZ_Air,R03,103,cor,deterministic_rejection,move_rule,rejected,47,47,596637513ba1f378ec4cbaaf1bbcf83d9569e9f5ca62b0fe7d63b4f9ad82fb0d,596637513ba1f378ec4cbaaf1bbcf83d9569e9f5ca62b0fe7d63b4f9ad82fb0d,True
MZ_Air,R03,103,eas,explicit_no_change,no_change,accepted,35,35,14e0b039e525bfd47fa59e01bb23d6826df3a10697207f15ce5cfd732d756465,14e0b039e525bfd47fa59e01bb23d6826df3a10697207f15ce5cfd732d756465,True
MZ_Air,R03,103,wes,explicit_no_change,no_change,accepted,25,25,611e36643b3b6ae1bf93ad793c0f3365a3bce607c5b2f7d63e2638c96718cf60,611e36643b3b6ae1bf93ad793c0f3365a3bce607c5b2f7d63e2638c96718cf60,True
MZ_Air,R03,103,sou,explicit_no_change,no_change,accepted,24,24,eb5f5859bb7b5159a9328872a43c0f6624731e8739759f8cbee412bed3340a9f,eb5f5859bb7b5159a9328872a43c0f6624731e8739759f8cbee412bed3340a9f,True
MZ_Air,R03,103,nor,explicit_no_change,no_change,accepted,32,32,57e0732522700cae87bc1d060daa3c549496378a5c1075d2daa9ae153fc316da,57e0732522700cae87bc1d060daa3c549496378a5c1075d2daa9ae153fc316da,True
MZ_Air,R03,104,cor,replace_rule,replace_rule,accepted,47,48,596637513ba1f378ec4cbaaf1bbcf83d9569e9f5ca62b0fe7d63b4f9ad82fb0d,053598a08906a120c640cfa9b8fd318eb2612a45f08bd771563357590fbc266b,True
MZ_Air,R03,104,sou,replace_rule,replace_rule,accepted,24,25,eb5f5859bb7b5159a9328872a43c0f6624731e8739759f8cbee412bed3340a9f,534df01e28fd9e3c84492f7db9ad0555f831bf15bad5cfc29e9ff269ccbc6cb9,True
MZ_Air,R03,104,nor,deterministic_rejection,replace_rule,rejected,32,32,57e0732522700cae87bc1d060daa3c549496378a5c1075d2daa9ae153fc316da,57e0732522700cae87bc1d060daa3c549496378a5c1075d2daa9ae153fc316da,True
MZ_Air,R03,104,eas,explicit_no_change,no_change,accepted,35,35,14e0b039e525bfd47fa59e01bb23d6826df3a10697207f15ce5cfd732d756465,14e0b039e525bfd47fa59e01bb23d6826df3a10697207f15ce5cfd732d756465,True
MZ_Air,R03,104,wes,explicit_no_change,no_change,accepted,25,25,611e36643b3b6ae1bf93ad793c0f3365a3bce607c5b2f7d63e2638c96718cf60,611e36643b3b6ae1bf93ad793c0f3365a3bce607c5b2f7d63e2638c96718cf60,True
MZ_Air,R03,105,cor,replace_rule,replace_rule,accepted,48,49,053598a08906a120c640cfa9b8fd318eb2612a45f08bd771563357590fbc266b,edfbc8f63f7e066b35e96ecf1eee36078fdbb97e367f11b06d6e59e7ec7bb702,True
MZ_Air,R03,105,eas,replace_rule,replace_rule,accepted,35,36,14e0b039e525bfd47fa59e01bb23d6826df3a10697207f15ce5cfd732d756465,c36a2657ec77afcb47bf1e0be370b1102035a8b0c1091e867f105278daf0191e,True
MZ_Air,R03,105,sou,move_rule,move_rule,accepted,25,26,534df01e28fd9e3c84492f7db9ad0555f831bf15bad5cfc29e9ff269ccbc6cb9,4cf451798e341589145074431c44893892c5fe4f07a2ae5e1bf3e6efafec78ef,True
MZ_Air,R03,105,nor,set_param,set_param,accepted,32,33,57e0732522700cae87bc1d060daa3c549496378a5c1075d2daa9ae153fc316da,24d96f30ef9f0ee6e1c26573d901fac7f6e6703b56ba0effb232d48a7dfb584f,True
MZ_Air,R03,105,wes,set_param,set_param,accepted,25,26,611e36643b3b6ae1bf93ad793c0f3365a3bce607c5b2f7d63e2638c96718cf60,a790b51ba3da2c421fdffdaa2103025af7482fb634f4056aae344b8221ab7d41,True
MZ_Air,R03,106,nor,set_param,set_param,accepted,33,34,24d96f30ef9f0ee6e1c26573d901fac7f6e6703b56ba0effb232d48a7dfb584f,39e8c84610897c63056aaf0253e03be38e9010949fa5069039c56417ff3c095b,True
MZ_Air,R03,106,eas,deterministic_rejection,replace_rule,rejected,36,36,c36a2657ec77afcb47bf1e0be370b1102035a8b0c1091e867f105278daf0191e,c36a2657ec77afcb47bf1e0be370b1102035a8b0c1091e867f105278daf0191e,True
MZ_Air,R03,106,sou,replace_rule,replace_rule,accepted,26,27,4cf451798e341589145074431c44893892c5fe4f07a2ae5e1bf3e6efafec78ef,756b38ad69fcb8816fb2402eee66f79cbeed71220ce5523c802fd7d8680f0917,True
MZ_Air,R03,106,wes,deterministic_rejection,replace_rule,rejected,26,26,a790b51ba3da2c421fdffdaa2103025af7482fb634f4056aae344b8221ab7d41,a790b51ba3da2c421fdffdaa2103025af7482fb634f4056aae344b8221ab7d41,True
MZ_Air,R03,106,cor,deterministic_rejection,replace_rule,rejected,49,49,edfbc8f63f7e066b35e96ecf1eee36078fdbb97e367f11b06d6e59e7ec7bb702,edfbc8f63f7e066b35e96ecf1eee36078fdbb97e367f11b06d6e59e7ec7bb702,True
MZ_Air,R03,107,nor,deterministic_rejection,set_param,rejected,34,34,39e8c84610897c63056aaf0253e03be38e9010949fa5069039c56417ff3c095b,39e8c84610897c63056aaf0253e03be38e9010949fa5069039c56417ff3c095b,True
MZ_Air,R03,107,eas,replace_rule,replace_rule,accepted,36,37,c36a2657ec77afcb47bf1e0be370b1102035a8b0c1091e867f105278daf0191e,a12dc4ec42e42ce11de33484c33ac667559740a2486aa0af910399178c6b69ee,True
MZ_Air,R03,107,sou,replace_rule,replace_rule,accepted,27,28,756b38ad69fcb8816fb2402eee66f79cbeed71220ce5523c802fd7d8680f0917,1ab10eda82a79cdbbc41c8a0e736aefb00da124049378dbd426adace36a49ccb,True
MZ_Air,R03,107,wes,deterministic_rejection,remove_rule,rejected,26,26,a790b51ba3da2c421fdffdaa2103025af7482fb634f4056aae344b8221ab7d41,a790b51ba3da2c421fdffdaa2103025af7482fb634f4056aae344b8221ab7d41,True
MZ_Air,R03,107,cor,deterministic_rejection,remove_rule,rejected,49,49,edfbc8f63f7e066b35e96ecf1eee36078fdbb97e367f11b06d6e59e7ec7bb702,edfbc8f63f7e066b35e96ecf1eee36078fdbb97e367f11b06d6e59e7ec7bb702,True
MZ_Air,R03,108,sou,replace_rule,replace_rule,accepted,28,29,1ab10eda82a79cdbbc41c8a0e736aefb00da124049378dbd426adace36a49ccb,0ded8abe08dcf42ac53fd0443830366197579a6e2642c15401c2f5c090e6988c,True
MZ_Air,R03,108,eas,replace_rule,replace_rule,accepted,37,38,a12dc4ec42e42ce11de33484c33ac667559740a2486aa0af910399178c6b69ee,5043893d29c838b206de7d1e7fc7ef8ec2c6bd97d895fd59e325a2c8d1279afd,True
MZ_Air,R03,108,nor,explicit_no_change,no_change,accepted,34,34,39e8c84610897c63056aaf0253e03be38e9010949fa5069039c56417ff3c095b,39e8c84610897c63056aaf0253e03be38e9010949fa5069039c56417ff3c095b,True
MZ_Air,R03,108,wes,set_param,set_param,accepted,26,27,a790b51ba3da2c421fdffdaa2103025af7482fb634f4056aae344b8221ab7d41,acfa609f6ee7e95ed54a59f443f97efd95a47e49c767a348c180d55fdd3b7718,True
MZ_Air,R03,108,cor,deterministic_rejection,move_rule,rejected,49,49,edfbc8f63f7e066b35e96ecf1eee36078fdbb97e367f11b06d6e59e7ec7bb702,edfbc8f63f7e066b35e96ecf1eee36078fdbb97e367f11b06d6e59e7ec7bb702,True
MZ_Air,R03,109,sou,replace_rule,replace_rule,accepted,29,30,0ded8abe08dcf42ac53fd0443830366197579a6e2642c15401c2f5c090e6988c,187d639cfacf12b747299670f5f9f292426b408c8561928476faf4bee0677f08,True
MZ_Air,R03,109,eas,set_param,set_param,accepted,38,39,5043893d29c838b206de7d1e7fc7ef8ec2c6bd97d895fd59e325a2c8d1279afd,ad4d981b7c8b73cf648756f4e1b446747617ab84fea2a0f6ec97514efce2d03a,True
MZ_Air,R03,109,nor,deterministic_rejection,set_param,rejected,34,34,39e8c84610897c63056aaf0253e03be38e9010949fa5069039c56417ff3c095b,39e8c84610897c63056aaf0253e03be38e9010949fa5069039c56417ff3c095b,True
MZ_Air,R03,109,wes,deterministic_rejection,replace_rule,rejected,27,27,acfa609f6ee7e95ed54a59f443f97efd95a47e49c767a348c180d55fdd3b7718,acfa609f6ee7e95ed54a59f443f97efd95a47e49c767a348c180d55fdd3b7718,True
MZ_Air,R03,109,cor,replace_rule,replace_rule,accepted,49,50,edfbc8f63f7e066b35e96ecf1eee36078fdbb97e367f11b06d6e59e7ec7bb702,5f9a308082ea6a2d65b0d5a74a96ffb1b92f6e8b4ae2657b07c94a02e379f997,True
MZ_Air,R03,110,nor,set_param,set_param,accepted,34,35,39e8c84610897c63056aaf0253e03be38e9010949fa5069039c56417ff3c095b,57e0732522700cae87bc1d060daa3c549496378a5c1075d2daa9ae153fc316da,True
MZ_Air,R03,110,wes,deterministic_rejection,set_param,rejected,27,27,acfa609f6ee7e95ed54a59f443f97efd95a47e49c767a348c180d55fdd3b7718,acfa609f6ee7e95ed54a59f443f97efd95a47e49c767a348c180d55fdd3b7718,True
MZ_Air,R03,110,eas,set_param,set_param,accepted,39,40,ad4d981b7c8b73cf648756f4e1b446747617ab84fea2a0f6ec97514efce2d03a,38005bde4e05f9129f1793611c6b1d67f670cf3c4ed7a29cb405c9bb69c256a0,True
MZ_Air,R03,110,sou,deterministic_rejection,replace_rule,rejected,30,30,187d639cfacf12b747299670f5f9f292426b408c8561928476faf4bee0677f08,187d639cfacf12b747299670f5f9f292426b408c8561928476faf4bee0677f08,True
MZ_Air,R03,110,cor,deterministic_rejection,replace_rule,rejected,50,50,5f9a308082ea6a2d65b0d5a74a96ffb1b92f6e8b4ae2657b07c94a02e379f997,5f9a308082ea6a2d65b0d5a74a96ffb1b92f6e8b4ae2657b07c94a02e379f997,True
MZ_Air,R03,111,nor,replace_rule,replace_rule,accepted,35,36,57e0732522700cae87bc1d060daa3c549496378a5c1075d2daa9ae153fc316da,9c193c89e53ab622354cb9eda3c5db97763ad6a613d8acb586b94e2891e939e3,True
MZ_Air,R03,111,wes,set_param,set_param,accepted,27,28,acfa609f6ee7e95ed54a59f443f97efd95a47e49c767a348c180d55fdd3b7718,78a8d1f8f189dfd6651d11e8a2bb534e854d3a5c8d3bc3d8e3acf008cdfb1166,True
MZ_Air,R03,111,eas,deterministic_rejection,replace_rule,rejected,40,40,38005bde4e05f9129f1793611c6b1d67f670cf3c4ed7a29cb405c9bb69c256a0,38005bde4e05f9129f1793611c6b1d67f670cf3c4ed7a29cb405c9bb69c256a0,True
MZ_Air,R03,111,sou,deterministic_rejection,replace_rule,rejected,30,30,187d639cfacf12b747299670f5f9f292426b408c8561928476faf4bee0677f08,187d639cfacf12b747299670f5f9f292426b408c8561928476faf4bee0677f08,True
MZ_Air,R03,111,cor,replace_rule,replace_rule,accepted,50,51,5f9a308082ea6a2d65b0d5a74a96ffb1b92f6e8b4ae2657b07c94a02e379f997,8c568dd6d507f3a5acde340b59719f684411a04faf2e0557d2cefe685323bc2a,True
MZ_Air,R03,112,nor,deterministic_rejection,replace_rule,rejected,36,36,9c193c89e53ab622354cb9eda3c5db97763ad6a613d8acb586b94e2891e939e3,9c193c89e53ab622354cb9eda3c5db97763ad6a613d8acb586b94e2891e939e3,True
MZ_Air,R03,112,wes,set_param,set_param,accepted,28,29,78a8d1f8f189dfd6651d11e8a2bb534e854d3a5c8d3bc3d8e3acf008cdfb1166,9d0f42be7137ca583b63f23112112a6ade631d23d257ed8703314612376ad88b,True
MZ_Air,R03,112,eas,schema_fallback,no_change,model_output_rejected,40,40,38005bde4e05f9129f1793611c6b1d67f670cf3c4ed7a29cb405c9bb69c256a0,38005bde4e05f9129f1793611c6b1d67f670cf3c4ed7a29cb405c9bb69c256a0,True
MZ_Air,R03,112,sou,remove_rule,remove_rule,accepted,30,31,187d639cfacf12b747299670f5f9f292426b408c8561928476faf4bee0677f08,29b822e835597dd27d7817329b6f734d7fcfb912ff4868904599dd587fff687f,True
MZ_Air,R03,112,cor,replace_rule,replace_rule,accepted,51,52,8c568dd6d507f3a5acde340b59719f684411a04faf2e0557d2cefe685323bc2a,1ee7f58d25872d0b6c450556953ad0191db682782ed6529ee3cf63623002cf8d,True
MZ_Air,R03,113,wes,add_rule,add_rule,accepted,29,30,9d0f42be7137ca583b63f23112112a6ade631d23d257ed8703314612376ad88b,59be298bab6f91022bb7b25a8be677adfa43ad6b09c6501fb10039029c82012f,True
MZ_Air,R03,113,eas,deterministic_rejection,replace_rule,rejected,40,40,38005bde4e05f9129f1793611c6b1d67f670cf3c4ed7a29cb405c9bb69c256a0,38005bde4e05f9129f1793611c6b1d67f670cf3c4ed7a29cb405c9bb69c256a0,True
MZ_Air,R03,113,nor,set_param,set_param,accepted,36,37,9c193c89e53ab622354cb9eda3c5db97763ad6a613d8acb586b94e2891e939e3,df56cecf10058535074cf8c89c700d254d0f836e1978d9d19537c32c52755db8,True
MZ_Air,R03,113,cor,replace_rule,replace_rule,accepted,52,53,1ee7f58d25872d0b6c450556953ad0191db682782ed6529ee3cf63623002cf8d,23519613cf9b896e37f00c5bd7386cff93febd8ac3e9998c9d80ed15a5058c37,True
MZ_Air,R03,113,sou,add_rule,add_rule,accepted,31,32,29b822e835597dd27d7817329b6f734d7fcfb912ff4868904599dd587fff687f,1162951d439f15ff610bfbed38c7db5199a89113c145da3b0d198729185d29d0,True
MZ_Air,R03,114,wes,deterministic_rejection,replace_rule,rejected,30,30,59be298bab6f91022bb7b25a8be677adfa43ad6b09c6501fb10039029c82012f,59be298bab6f91022bb7b25a8be677adfa43ad6b09c6501fb10039029c82012f,True
MZ_Air,R03,114,eas,deterministic_rejection,replace_rule,rejected,40,40,38005bde4e05f9129f1793611c6b1d67f670cf3c4ed7a29cb405c9bb69c256a0,38005bde4e05f9129f1793611c6b1d67f670cf3c4ed7a29cb405c9bb69c256a0,True
MZ_Air,R03,114,cor,replace_rule,replace_rule,accepted,53,54,23519613cf9b896e37f00c5bd7386cff93febd8ac3e9998c9d80ed15a5058c37,ccd52faa3f4706935ad4becce54b647a758c18b5f12fcd79d96d5c35061d255f,True
MZ_Air,R03,114,sou,replace_rule,replace_rule,accepted,32,33,1162951d439f15ff610bfbed38c7db5199a89113c145da3b0d198729185d29d0,9e5ae2d22a49c8cb3261b09f574259fcbd8c88381c61519bbd7952dbbdd1295e,True
MZ_Air,R03,114,nor,set_param,set_param,accepted,37,38,df56cecf10058535074cf8c89c700d254d0f836e1978d9d19537c32c52755db8,a8d8790379fa8513d791843eb10013c97991026e7361de34fffce38f88598c8a,True
MZ_Air,R03,115,wes,explicit_no_change,no_change,accepted,30,30,59be298bab6f91022bb7b25a8be677adfa43ad6b09c6501fb10039029c82012f,59be298bab6f91022bb7b25a8be677adfa43ad6b09c6501fb10039029c82012f,True
MZ_Air,R03,115,eas,schema_fallback,no_change,model_output_rejected,40,40,38005bde4e05f9129f1793611c6b1d67f670cf3c4ed7a29cb405c9bb69c256a0,38005bde4e05f9129f1793611c6b1d67f670cf3c4ed7a29cb405c9bb69c256a0,True
MZ_Air,R03,115,nor,deterministic_rejection,set_param,rejected,38,38,a8d8790379fa8513d791843eb10013c97991026e7361de34fffce38f88598c8a,a8d8790379fa8513d791843eb10013c97991026e7361de34fffce38f88598c8a,True
MZ_Air,R03,115,sou,replace_rule,replace_rule,accepted,33,34,9e5ae2d22a49c8cb3261b09f574259fcbd8c88381c61519bbd7952dbbdd1295e,c5cdd627d1a5aaea5dfed861012d00c61fec5a5bb742d488c1ca003be67c2438,True
MZ_Air,R03,115,cor,replace_rule,replace_rule,accepted,54,55,ccd52faa3f4706935ad4becce54b647a758c18b5f12fcd79d96d5c35061d255f,921524c459f5fc734ca58529d20412a0dfc4d4938dc8f43712a8063d6958b91a,True
MZ_Air,R03,116,wes,explicit_no_change,no_change,accepted,30,30,59be298bab6f91022bb7b25a8be677adfa43ad6b09c6501fb10039029c82012f,59be298bab6f91022bb7b25a8be677adfa43ad6b09c6501fb10039029c82012f,True
MZ_Air,R03,116,eas,explicit_no_change,no_change,accepted,40,40,38005bde4e05f9129f1793611c6b1d67f670cf3c4ed7a29cb405c9bb69c256a0,38005bde4e05f9129f1793611c6b1d67f670cf3c4ed7a29cb405c9bb69c256a0,True
MZ_Air,R03,116,nor,deterministic_rejection,set_param,rejected,38,38,a8d8790379fa8513d791843eb10013c97991026e7361de34fffce38f88598c8a,a8d8790379fa8513d791843eb10013c97991026e7361de34fffce38f88598c8a,True
MZ_Air,R03,116,sou,replace_rule,replace_rule,accepted,34,35,c5cdd627d1a5aaea5dfed861012d00c61fec5a5bb742d488c1ca003be67c2438,b39d0488d54ca8be3c6cebd32bc3ba20344e743fa980aad699de348a0dc630ae,True
MZ_Air,R03,116,cor,replace_rule,replace_rule,accepted,55,56,921524c459f5fc734ca58529d20412a0dfc4d4938dc8f43712a8063d6958b91a,b0520413f0563898fbe193bd3aa13172ac2e9cc95eda97378b52d86bea4ca00d,True
MZ_Air,R03,117,cor,deterministic_rejection,replace_rule,rejected,56,56,b0520413f0563898fbe193bd3aa13172ac2e9cc95eda97378b52d86bea4ca00d,b0520413f0563898fbe193bd3aa13172ac2e9cc95eda97378b52d86bea4ca00d,True
MZ_Air,R03,117,eas,replace_rule,replace_rule,accepted,40,41,38005bde4e05f9129f1793611c6b1d67f670cf3c4ed7a29cb405c9bb69c256a0,736bab4a5d001fb0f4dc7c97ff8463b85cb1b227f5ca16ad6a3f4902bddcceb4,True
MZ_Air,R03,117,nor,replace_rule,replace_rule,accepted,38,39,a8d8790379fa8513d791843eb10013c97991026e7361de34fffce38f88598c8a,440324832a3ac3274bdd68cd2a30e890a4bc47c6f99a06b78b84d5517268da5b,True
MZ_Air,R03,117,sou,replace_rule,replace_rule,accepted,35,36,b39d0488d54ca8be3c6cebd32bc3ba20344e743fa980aad699de348a0dc630ae,31feb0b95728ac44518777ca475c2d0c5e985688e7785e250ae5c0ee074a44da,True
MZ_Air,R03,117,wes,replace_rule,replace_rule,accepted,30,31,59be298bab6f91022bb7b25a8be677adfa43ad6b09c6501fb10039029c82012f,e628494449d0c5860fb43a5d9138e4b77bc6679a13aabe9f8319daf2209376ce,True
MZ_Air,R03,118,cor,explicit_no_change,no_change,accepted,56,56,b0520413f0563898fbe193bd3aa13172ac2e9cc95eda97378b52d86bea4ca00d,b0520413f0563898fbe193bd3aa13172ac2e9cc95eda97378b52d86bea4ca00d,True
MZ_Air,R03,118,eas,explicit_no_change,no_change,accepted,41,41,736bab4a5d001fb0f4dc7c97ff8463b85cb1b227f5ca16ad6a3f4902bddcceb4,736bab4a5d001fb0f4dc7c97ff8463b85cb1b227f5ca16ad6a3f4902bddcceb4,True
MZ_Air,R03,118,nor,explicit_no_change,no_change,accepted,39,39,440324832a3ac3274bdd68cd2a30e890a4bc47c6f99a06b78b84d5517268da5b,440324832a3ac3274bdd68cd2a30e890a4bc47c6f99a06b78b84d5517268da5b,True
MZ_Air,R03,118,sou,explicit_no_change,no_change,accepted,36,36,31feb0b95728ac44518777ca475c2d0c5e985688e7785e250ae5c0ee074a44da,31feb0b95728ac44518777ca475c2d0c5e985688e7785e250ae5c0ee074a44da,True
MZ_Air,R03,118,wes,explicit_no_change,no_change,accepted,31,31,e628494449d0c5860fb43a5d9138e4b77bc6679a13aabe9f8319daf2209376ce,e628494449d0c5860fb43a5d9138e4b77bc6679a13aabe9f8319daf2209376ce,True
MZ_Air,R03,119,eas,explicit_no_change,no_change,accepted,41,41,736bab4a5d001fb0f4dc7c97ff8463b85cb1b227f5ca16ad6a3f4902bddcceb4,736bab4a5d001fb0f4dc7c97ff8463b85cb1b227f5ca16ad6a3f4902bddcceb4,True
MZ_Air,R03,119,sou,explicit_no_change,no_change,accepted,36,36,31feb0b95728ac44518777ca475c2d0c5e985688e7785e250ae5c0ee074a44da,31feb0b95728ac44518777ca475c2d0c5e985688e7785e250ae5c0ee074a44da,True
MZ_Air,R03,119,nor,explicit_no_change,no_change,accepted,39,39,440324832a3ac3274bdd68cd2a30e890a4bc47c6f99a06b78b84d5517268da5b,440324832a3ac3274bdd68cd2a30e890a4bc47c6f99a06b78b84d5517268da5b,True
MZ_Air,R03,119,cor,explicit_no_change,no_change,accepted,56,56,b0520413f0563898fbe193bd3aa13172ac2e9cc95eda97378b52d86bea4ca00d,b0520413f0563898fbe193bd3aa13172ac2e9cc95eda97378b52d86bea4ca00d,True
MZ_Air,R03,119,wes,explicit_no_change,no_change,accepted,31,31,e628494449d0c5860fb43a5d9138e4b77bc6679a13aabe9f8319daf2209376ce,e628494449d0c5860fb43a5d9138e4b77bc6679a13aabe9f8319daf2209376ce,True
MZ_Air,R03,120,sou,explicit_no_change,no_change,accepted,36,36,31feb0b95728ac44518777ca475c2d0c5e985688e7785e250ae5c0ee074a44da,31feb0b95728ac44518777ca475c2d0c5e985688e7785e250ae5c0ee074a44da,True
MZ_Air,R03,120,eas,set_param,set_param,accepted,41,42,736bab4a5d001fb0f4dc7c97ff8463b85cb1b227f5ca16ad6a3f4902bddcceb4,93691a1f3fa08e8620c82c4d28ba6f2cbe7c23e3dfb684654306967fa40c9c17,True
MZ_Air,R03,120,nor,explicit_no_change,no_change,accepted,39,39,440324832a3ac3274bdd68cd2a30e890a4bc47c6f99a06b78b84d5517268da5b,440324832a3ac3274bdd68cd2a30e890a4bc47c6f99a06b78b84d5517268da5b,True
MZ_Air,R03,120,cor,explicit_no_change,no_change,accepted,56,56,b0520413f0563898fbe193bd3aa13172ac2e9cc95eda97378b52d86bea4ca00d,b0520413f0563898fbe193bd3aa13172ac2e9cc95eda97378b52d86bea4ca00d,True
MZ_Air,R03,120,wes,explicit_no_change,no_change,accepted,31,31,e628494449d0c5860fb43a5d9138e4b77bc6679a13aabe9f8319daf2209376ce,e628494449d0c5860fb43a5d9138e4b77bc6679a13aabe9f8319daf2209376ce,True
MZ_Air,R03,121,sou,explicit_no_change,no_change,accepted,36,36,31feb0b95728ac44518777ca475c2d0c5e985688e7785e250ae5c0ee074a44da,31feb0b95728ac44518777ca475c2d0c5e985688e7785e250ae5c0ee074a44da,True
MZ_Air,R03,121,eas,replace_rule,replace_rule,accepted,42,43,93691a1f3fa08e8620c82c4d28ba6f2cbe7c23e3dfb684654306967fa40c9c17,8837b2a81eba8d0b8e5770af9fdd75f044f70d95eeb8cff670d8463ab927031b,True
MZ_Air,R03,121,nor,explicit_no_change,no_change,accepted,39,39,440324832a3ac3274bdd68cd2a30e890a4bc47c6f99a06b78b84d5517268da5b,440324832a3ac3274bdd68cd2a30e890a4bc47c6f99a06b78b84d5517268da5b,True
MZ_Air,R03,121,cor,explicit_no_change,no_change,accepted,56,56,b0520413f0563898fbe193bd3aa13172ac2e9cc95eda97378b52d86bea4ca00d,b0520413f0563898fbe193bd3aa13172ac2e9cc95eda97378b52d86bea4ca00d,True
MZ_Air,R03,121,wes,explicit_no_change,no_change,accepted,31,31,e628494449d0c5860fb43a5d9138e4b77bc6679a13aabe9f8319daf2209376ce,e628494449d0c5860fb43a5d9138e4b77bc6679a13aabe9f8319daf2209376ce,True
MZ_Air,R03,122,sou,explicit_no_change,no_change,accepted,36,36,31feb0b95728ac44518777ca475c2d0c5e985688e7785e250ae5c0ee074a44da,31feb0b95728ac44518777ca475c2d0c5e985688e7785e250ae5c0ee074a44da,True
MZ_Air,R03,122,eas,explicit_no_change,no_change,accepted,43,43,8837b2a81eba8d0b8e5770af9fdd75f044f70d95eeb8cff670d8463ab927031b,8837b2a81eba8d0b8e5770af9fdd75f044f70d95eeb8cff670d8463ab927031b,True
MZ_Air,R03,122,nor,explicit_no_change,no_change,accepted,39,39,440324832a3ac3274bdd68cd2a30e890a4bc47c6f99a06b78b84d5517268da5b,440324832a3ac3274bdd68cd2a30e890a4bc47c6f99a06b78b84d5517268da5b,True
MZ_Air,R03,122,cor,explicit_no_change,no_change,accepted,56,56,b0520413f0563898fbe193bd3aa13172ac2e9cc95eda97378b52d86bea4ca00d,b0520413f0563898fbe193bd3aa13172ac2e9cc95eda97378b52d86bea4ca00d,True
MZ_Air,R03,122,wes,explicit_no_change,no_change,accepted,31,31,e628494449d0c5860fb43a5d9138e4b77bc6679a13aabe9f8319daf2209376ce,e628494449d0c5860fb43a5d9138e4b77bc6679a13aabe9f8319daf2209376ce,True
MZ_Air,R03,123,cor,explicit_no_change,no_change,accepted,56,56,b0520413f0563898fbe193bd3aa13172ac2e9cc95eda97378b52d86bea4ca00d,b0520413f0563898fbe193bd3aa13172ac2e9cc95eda97378b52d86bea4ca00d,True
MZ_Air,R03,123,eas,explicit_no_change,no_change,accepted,43,43,8837b2a81eba8d0b8e5770af9fdd75f044f70d95eeb8cff670d8463ab927031b,8837b2a81eba8d0b8e5770af9fdd75f044f70d95eeb8cff670d8463ab927031b,True
MZ_Air,R03,123,nor,explicit_no_change,no_change,accepted,39,39,440324832a3ac3274bdd68cd2a30e890a4bc47c6f99a06b78b84d5517268da5b,440324832a3ac3274bdd68cd2a30e890a4bc47c6f99a06b78b84d5517268da5b,True
MZ_Air,R03,123,sou,explicit_no_change,no_change,accepted,36,36,31feb0b95728ac44518777ca475c2d0c5e985688e7785e250ae5c0ee074a44da,31feb0b95728ac44518777ca475c2d0c5e985688e7785e250ae5c0ee074a44da,True
MZ_Air,R03,123,wes,explicit_no_change,no_change,accepted,31,31,e628494449d0c5860fb43a5d9138e4b77bc6679a13aabe9f8319daf2209376ce,e628494449d0c5860fb43a5d9138e4b77bc6679a13aabe9f8319daf2209376ce,True
MZ_Air,R03,124,cor,explicit_no_change,no_change,accepted,56,56,b0520413f0563898fbe193bd3aa13172ac2e9cc95eda97378b52d86bea4ca00d,b0520413f0563898fbe193bd3aa13172ac2e9cc95eda97378b52d86bea4ca00d,True
MZ_Air,R03,124,eas,explicit_no_change,no_change,accepted,43,43,8837b2a81eba8d0b8e5770af9fdd75f044f70d95eeb8cff670d8463ab927031b,8837b2a81eba8d0b8e5770af9fdd75f044f70d95eeb8cff670d8463ab927031b,True
MZ_Air,R03,124,nor,explicit_no_change,no_change,accepted,39,39,440324832a3ac3274bdd68cd2a30e890a4bc47c6f99a06b78b84d5517268da5b,440324832a3ac3274bdd68cd2a30e890a4bc47c6f99a06b78b84d5517268da5b,True
MZ_Air,R03,124,sou,replace_rule,replace_rule,accepted,36,37,31feb0b95728ac44518777ca475c2d0c5e985688e7785e250ae5c0ee074a44da,6d5ee9af4d59b65c628850178bc0c6a3a8ed410939b50e48e6fb5ffa8ca28114,True
MZ_Air,R03,124,wes,explicit_no_change,no_change,accepted,31,31,e628494449d0c5860fb43a5d9138e4b77bc6679a13aabe9f8319daf2209376ce,e628494449d0c5860fb43a5d9138e4b77bc6679a13aabe9f8319daf2209376ce,True
MZ_Air,R03,125,sou,replace_rule,replace_rule,accepted,37,38,6d5ee9af4d59b65c628850178bc0c6a3a8ed410939b50e48e6fb5ffa8ca28114,8b23f48ea3070bfb0cbd39922793a9ab4c480cef6f801053d1624549a41d8aad,True
MZ_Air,R03,125,nor,explicit_no_change,no_change,accepted,39,39,440324832a3ac3274bdd68cd2a30e890a4bc47c6f99a06b78b84d5517268da5b,440324832a3ac3274bdd68cd2a30e890a4bc47c6f99a06b78b84d5517268da5b,True
MZ_Air,R03,125,cor,explicit_no_change,no_change,accepted,56,56,b0520413f0563898fbe193bd3aa13172ac2e9cc95eda97378b52d86bea4ca00d,b0520413f0563898fbe193bd3aa13172ac2e9cc95eda97378b52d86bea4ca00d,True
MZ_Air,R03,125,eas,explicit_no_change,no_change,accepted,43,43,8837b2a81eba8d0b8e5770af9fdd75f044f70d95eeb8cff670d8463ab927031b,8837b2a81eba8d0b8e5770af9fdd75f044f70d95eeb8cff670d8463ab927031b,True
MZ_Air,R03,125,wes,explicit_no_change,no_change,accepted,31,31,e628494449d0c5860fb43a5d9138e4b77bc6679a13aabe9f8319daf2209376ce,e628494449d0c5860fb43a5d9138e4b77bc6679a13aabe9f8319daf2209376ce,True
MZ_Air,R03,126,cor,set_param,set_param,accepted,56,57,b0520413f0563898fbe193bd3aa13172ac2e9cc95eda97378b52d86bea4ca00d,478fede776c18882612a720f916ae185b917397d7f65a712b99a134b658f5f2a,True
MZ_Air,R03,126,wes,explicit_no_change,no_change,accepted,31,31,e628494449d0c5860fb43a5d9138e4b77bc6679a13aabe9f8319daf2209376ce,e628494449d0c5860fb43a5d9138e4b77bc6679a13aabe9f8319daf2209376ce,True
MZ_Air,R03,126,eas,explicit_no_change,no_change,accepted,43,43,8837b2a81eba8d0b8e5770af9fdd75f044f70d95eeb8cff670d8463ab927031b,8837b2a81eba8d0b8e5770af9fdd75f044f70d95eeb8cff670d8463ab927031b,True
MZ_Air,R03,126,nor,explicit_no_change,no_change,accepted,39,39,440324832a3ac3274bdd68cd2a30e890a4bc47c6f99a06b78b84d5517268da5b,440324832a3ac3274bdd68cd2a30e890a4bc47c6f99a06b78b84d5517268da5b,True
MZ_Air,R03,126,sou,set_param,set_param,accepted,38,39,8b23f48ea3070bfb0cbd39922793a9ab4c480cef6f801053d1624549a41d8aad,976639bec2f3956bb137c570fbcbe5fdc55a8cd497e914a108f02c146d94fb9c,True
MZ_Air,R03,127,cor,deterministic_rejection,replace_rule,rejected,57,57,478fede776c18882612a720f916ae185b917397d7f65a712b99a134b658f5f2a,478fede776c18882612a720f916ae185b917397d7f65a712b99a134b658f5f2a,True
MZ_Air,R03,127,eas,replace_rule,replace_rule,accepted,43,44,8837b2a81eba8d0b8e5770af9fdd75f044f70d95eeb8cff670d8463ab927031b,ae80c02dd217d59edfab5eea773cc8869e6f2ea0091f13e133a8d5dc24058c22,True
MZ_Air,R03,127,nor,explicit_no_change,no_change,accepted,39,39,440324832a3ac3274bdd68cd2a30e890a4bc47c6f99a06b78b84d5517268da5b,440324832a3ac3274bdd68cd2a30e890a4bc47c6f99a06b78b84d5517268da5b,True
MZ_Air,R03,127,sou,explicit_no_change,no_change,accepted,39,39,976639bec2f3956bb137c570fbcbe5fdc55a8cd497e914a108f02c146d94fb9c,976639bec2f3956bb137c570fbcbe5fdc55a8cd497e914a108f02c146d94fb9c,True
MZ_Air,R03,127,wes,explicit_no_change,no_change,accepted,31,31,e628494449d0c5860fb43a5d9138e4b77bc6679a13aabe9f8319daf2209376ce,e628494449d0c5860fb43a5d9138e4b77bc6679a13aabe9f8319daf2209376ce,True
MZ_Air,R03,128,cor,deterministic_rejection,set_param,rejected,57,57,478fede776c18882612a720f916ae185b917397d7f65a712b99a134b658f5f2a,478fede776c18882612a720f916ae185b917397d7f65a712b99a134b658f5f2a,True
MZ_Air,R03,128,eas,remove_rule,remove_rule,accepted,44,45,ae80c02dd217d59edfab5eea773cc8869e6f2ea0091f13e133a8d5dc24058c22,389ec116c7d86b1145bfa95df48b121d89e1925f8819abf1b3949a47f921d5df,True
MZ_Air,R03,128,nor,explicit_no_change,no_change,accepted,39,39,440324832a3ac3274bdd68cd2a30e890a4bc47c6f99a06b78b84d5517268da5b,440324832a3ac3274bdd68cd2a30e890a4bc47c6f99a06b78b84d5517268da5b,True
MZ_Air,R03,128,sou,explicit_no_change,no_change,accepted,39,39,976639bec2f3956bb137c570fbcbe5fdc55a8cd497e914a108f02c146d94fb9c,976639bec2f3956bb137c570fbcbe5fdc55a8cd497e914a108f02c146d94fb9c,True
MZ_Air,R03,128,wes,explicit_no_change,no_change,accepted,31,31,e628494449d0c5860fb43a5d9138e4b77bc6679a13aabe9f8319daf2209376ce,e628494449d0c5860fb43a5d9138e4b77bc6679a13aabe9f8319daf2209376ce,True
MZ_Air,R03,129,sou,set_param,set_param,accepted,39,40,976639bec2f3956bb137c570fbcbe5fdc55a8cd497e914a108f02c146d94fb9c,4981126a6c28c6d412f9ea918eeaffcfbf503fc7a8cef0d4a21d0438a7d22dfd,True
MZ_Air,R03,129,cor,schema_fallback,no_change,model_output_rejected,57,57,478fede776c18882612a720f916ae185b917397d7f65a712b99a134b658f5f2a,478fede776c18882612a720f916ae185b917397d7f65a712b99a134b658f5f2a,True
MZ_Air,R03,129,eas,deterministic_rejection,replace_rule,rejected,45,45,389ec116c7d86b1145bfa95df48b121d89e1925f8819abf1b3949a47f921d5df,389ec116c7d86b1145bfa95df48b121d89e1925f8819abf1b3949a47f921d5df,True
MZ_Air,R03,129,wes,replace_rule,replace_rule,accepted,31,32,e628494449d0c5860fb43a5d9138e4b77bc6679a13aabe9f8319daf2209376ce,f73e62a6402b10432e7aeb6e61df238962af29bc659100b00eac5449e8d1d8be,True
MZ_Air,R03,129,nor,set_param,set_param,accepted,39,40,440324832a3ac3274bdd68cd2a30e890a4bc47c6f99a06b78b84d5517268da5b,3c7ac08acdc40aba4970706752aa12745e4f951bbc3e35bf3e2daf6b817fa185,True
MZ_Air,R03,130,cor,explicit_no_change,no_change,accepted,57,57,478fede776c18882612a720f916ae185b917397d7f65a712b99a134b658f5f2a,478fede776c18882612a720f916ae185b917397d7f65a712b99a134b658f5f2a,True
MZ_Air,R03,130,nor,set_param,set_param,accepted,40,41,3c7ac08acdc40aba4970706752aa12745e4f951bbc3e35bf3e2daf6b817fa185,189ba6d3da0e6c7bd8890472b8541fc07fecbf89d69c42fc12ad3bed95819d7e,True
MZ_Air,R03,130,sou,remove_rule,remove_rule,accepted,40,41,4981126a6c28c6d412f9ea918eeaffcfbf503fc7a8cef0d4a21d0438a7d22dfd,a02904c6bb55ba665576d20aa32d063db196e0aaeba824ad91db86e071aecefc,True
MZ_Air,R03,130,eas,replace_rule,replace_rule,accepted,45,46,389ec116c7d86b1145bfa95df48b121d89e1925f8819abf1b3949a47f921d5df,36e901b670d92d3a1efdc2905caa091b4d35b5305f1abb31373aed8d2ae402b4,True
MZ_Air,R03,130,wes,deterministic_rejection,add_rule,rejected,32,32,f73e62a6402b10432e7aeb6e61df238962af29bc659100b00eac5449e8d1d8be,f73e62a6402b10432e7aeb6e61df238962af29bc659100b00eac5449e8d1d8be,True
MZ_Air,R03,131,eas,replace_rule,replace_rule,accepted,46,47,36e901b670d92d3a1efdc2905caa091b4d35b5305f1abb31373aed8d2ae402b4,48c84e79dd3b3b0d149f8a335c9e46a5f1a617f32d6489693041568839ea9996,True
MZ_Air,R03,131,nor,replace_rule,replace_rule,accepted,41,42,189ba6d3da0e6c7bd8890472b8541fc07fecbf89d69c42fc12ad3bed95819d7e,83d26b0404cebe0b8166b60c943b385941e6c067c9f4cd5efb83574b783ac504,True
MZ_Air,R03,131,wes,set_param,set_param,accepted,32,33,f73e62a6402b10432e7aeb6e61df238962af29bc659100b00eac5449e8d1d8be,fb5ed8403df568a1c747d51eb826c2815d1a95da2bffee971a27f9309510abd1,True
MZ_Air,R03,131,cor,deterministic_rejection,remove_rule,rejected,57,57,478fede776c18882612a720f916ae185b917397d7f65a712b99a134b658f5f2a,478fede776c18882612a720f916ae185b917397d7f65a712b99a134b658f5f2a,True
MZ_Air,R03,131,sou,replace_rule,replace_rule,accepted,41,42,a02904c6bb55ba665576d20aa32d063db196e0aaeba824ad91db86e071aecefc,54c950f2aa2a29c077b131e019b06c7405638c1241768cab9ea1e7f99affea14,True
MZ_Air,R03,132,wes,replace_rule,replace_rule,accepted,33,34,fb5ed8403df568a1c747d51eb826c2815d1a95da2bffee971a27f9309510abd1,c7d2619bc8e529e2274fc24fa7a3c1a8010f1d7691fa4f9cb2f68067d9ba1185,True
MZ_Air,R03,132,eas,replace_rule,replace_rule,accepted,47,48,48c84e79dd3b3b0d149f8a335c9e46a5f1a617f32d6489693041568839ea9996,41ee1136c908439b42787ede3efc34d0bb21888debe0a3ca6d6c6806bc0c0a42,True
MZ_Air,R03,132,nor,deterministic_rejection,replace_rule,rejected,42,42,83d26b0404cebe0b8166b60c943b385941e6c067c9f4cd5efb83574b783ac504,83d26b0404cebe0b8166b60c943b385941e6c067c9f4cd5efb83574b783ac504,True
MZ_Air,R03,132,sou,replace_rule,replace_rule,accepted,42,43,54c950f2aa2a29c077b131e019b06c7405638c1241768cab9ea1e7f99affea14,31dd312a3f954b82775aa7ab6defc09ad35d56e135258dc66878152b940a10a1,True
MZ_Air,R03,132,cor,deterministic_rejection,replace_rule,rejected,57,57,478fede776c18882612a720f916ae185b917397d7f65a712b99a134b658f5f2a,478fede776c18882612a720f916ae185b917397d7f65a712b99a134b658f5f2a,True
MZ_Air,R03,133,sou,replace_rule,replace_rule,accepted,43,44,31dd312a3f954b82775aa7ab6defc09ad35d56e135258dc66878152b940a10a1,3a9a13e042a58d45eb50fb58a306fc6b73d11df8c8e26abc3407715daabe5f83,True
MZ_Air,R03,133,eas,deterministic_rejection,replace_rule,rejected,48,48,41ee1136c908439b42787ede3efc34d0bb21888debe0a3ca6d6c6806bc0c0a42,41ee1136c908439b42787ede3efc34d0bb21888debe0a3ca6d6c6806bc0c0a42,True
MZ_Air,R03,133,nor,schema_fallback,no_change,model_output_rejected,42,42,83d26b0404cebe0b8166b60c943b385941e6c067c9f4cd5efb83574b783ac504,83d26b0404cebe0b8166b60c943b385941e6c067c9f4cd5efb83574b783ac504,True
MZ_Air,R03,133,wes,replace_rule,replace_rule,accepted,34,35,c7d2619bc8e529e2274fc24fa7a3c1a8010f1d7691fa4f9cb2f68067d9ba1185,617fc07b5c16a260e6165e16896d0d0a5880e4d511558579e55c7c720151da94,True
MZ_Air,R03,133,cor,deterministic_rejection,replace_rule,rejected,57,57,478fede776c18882612a720f916ae185b917397d7f65a712b99a134b658f5f2a,478fede776c18882612a720f916ae185b917397d7f65a712b99a134b658f5f2a,True
MZ_Air,R03,134,eas,explicit_no_change,no_change,accepted,48,48,41ee1136c908439b42787ede3efc34d0bb21888debe0a3ca6d6c6806bc0c0a42,41ee1136c908439b42787ede3efc34d0bb21888debe0a3ca6d6c6806bc0c0a42,True
MZ_Air,R03,134,nor,replace_rule,replace_rule,accepted,42,43,83d26b0404cebe0b8166b60c943b385941e6c067c9f4cd5efb83574b783ac504,d97ebeb8c469f012d92164a673c1212457098d5568b275506b0a82a426400a6f,True
MZ_Air,R03,134,sou,add_rule,add_rule,accepted,44,45,3a9a13e042a58d45eb50fb58a306fc6b73d11df8c8e26abc3407715daabe5f83,66058f54fe98bec0e591dcc58178a9fae3b957cfe0a7df60d37f7ef42b74915b,True
MZ_Air,R03,134,wes,deterministic_rejection,replace_rule,rejected,35,35,617fc07b5c16a260e6165e16896d0d0a5880e4d511558579e55c7c720151da94,617fc07b5c16a260e6165e16896d0d0a5880e4d511558579e55c7c720151da94,True
MZ_Air,R03,134,cor,schema_fallback,no_change,model_output_rejected,57,57,478fede776c18882612a720f916ae185b917397d7f65a712b99a134b658f5f2a,478fede776c18882612a720f916ae185b917397d7f65a712b99a134b658f5f2a,True
MZ_Air,R03,135,nor,add_rule,add_rule,accepted,43,44,d97ebeb8c469f012d92164a673c1212457098d5568b275506b0a82a426400a6f,f16da1dfc02929cd8b18825fea4b8dae15f9009f05b09dbb212bb190f1abbf39,True
MZ_Air,R03,135,sou,replace_rule,replace_rule,accepted,45,46,66058f54fe98bec0e591dcc58178a9fae3b957cfe0a7df60d37f7ef42b74915b,e359f8a740db178e3437bc72513eb6f744305b0ae2fc920050d69a71a596f2b1,True
MZ_Air,R03,135,eas,deterministic_rejection,add_rule,rejected,48,48,41ee1136c908439b42787ede3efc34d0bb21888debe0a3ca6d6c6806bc0c0a42,41ee1136c908439b42787ede3efc34d0bb21888debe0a3ca6d6c6806bc0c0a42,True
MZ_Air,R03,135,wes,explicit_no_change,no_change,accepted,35,35,617fc07b5c16a260e6165e16896d0d0a5880e4d511558579e55c7c720151da94,617fc07b5c16a260e6165e16896d0d0a5880e4d511558579e55c7c720151da94,True
MZ_Air,R03,135,cor,deterministic_rejection,replace_rule,rejected,57,57,478fede776c18882612a720f916ae185b917397d7f65a712b99a134b658f5f2a,478fede776c18882612a720f916ae185b917397d7f65a712b99a134b658f5f2a,True
MZ_Air,R03,136,nor,replace_rule,replace_rule,accepted,44,45,f16da1dfc02929cd8b18825fea4b8dae15f9009f05b09dbb212bb190f1abbf39,3a2702c927e969603144dfd254354ec02fbbbaf71885e725ddef0080a0b0246b,True
MZ_Air,R03,136,eas,schema_fallback,no_change,model_output_rejected,48,48,41ee1136c908439b42787ede3efc34d0bb21888debe0a3ca6d6c6806bc0c0a42,41ee1136c908439b42787ede3efc34d0bb21888debe0a3ca6d6c6806bc0c0a42,True
MZ_Air,R03,136,wes,deterministic_rejection,replace_rule,rejected,35,35,617fc07b5c16a260e6165e16896d0d0a5880e4d511558579e55c7c720151da94,617fc07b5c16a260e6165e16896d0d0a5880e4d511558579e55c7c720151da94,True
MZ_Air,R03,136,sou,deterministic_rejection,replace_rule,rejected,46,46,e359f8a740db178e3437bc72513eb6f744305b0ae2fc920050d69a71a596f2b1,e359f8a740db178e3437bc72513eb6f744305b0ae2fc920050d69a71a596f2b1,True
MZ_Air,R03,136,cor,replace_rule,replace_rule,accepted,57,58,478fede776c18882612a720f916ae185b917397d7f65a712b99a134b658f5f2a,7a83be74653472c9c946e1dd7eb1c83c55c6c092ef45ab5b9580d70d77354e7c,True
MZ_Air,R03,137,nor,replace_rule,replace_rule,accepted,45,46,3a2702c927e969603144dfd254354ec02fbbbaf71885e725ddef0080a0b0246b,d62b84bee7e5f2fb163d195ef9a06f8c1f2ad1e100f001dcfbeda531fa4b0471,True
MZ_Air,R03,137,sou,replace_rule,replace_rule,accepted,46,47,e359f8a740db178e3437bc72513eb6f744305b0ae2fc920050d69a71a596f2b1,1b7624afabf76644025e0442a75312dcc2dc411f7a3475394ce308ee78c9cfc7,True
MZ_Air,R03,137,wes,replace_rule,replace_rule,accepted,35,36,617fc07b5c16a260e6165e16896d0d0a5880e4d511558579e55c7c720151da94,59cd72618cce80cea1f6932da6789a1e1803d0d0dd8030c2c902b148ffee2412,True
MZ_Air,R03,137,eas,deterministic_rejection,replace_rule,rejected,48,48,41ee1136c908439b42787ede3efc34d0bb21888debe0a3ca6d6c6806bc0c0a42,41ee1136c908439b42787ede3efc34d0bb21888debe0a3ca6d6c6806bc0c0a42,True
MZ_Air,R03,137,cor,replace_rule,replace_rule,accepted,58,59,7a83be74653472c9c946e1dd7eb1c83c55c6c092ef45ab5b9580d70d77354e7c,ede837b0de21e2dfd59e619c576cb5c262dc78aba7de47bdf8169fbcd0dbbed3,True
MZ_Air,R03,138,nor,deterministic_rejection,replace_rule,rejected,46,46,d62b84bee7e5f2fb163d195ef9a06f8c1f2ad1e100f001dcfbeda531fa4b0471,d62b84bee7e5f2fb163d195ef9a06f8c1f2ad1e100f001dcfbeda531fa4b0471,True
MZ_Air,R03,138,sou,explicit_no_change,no_change,accepted,47,47,1b7624afabf76644025e0442a75312dcc2dc411f7a3475394ce308ee78c9cfc7,1b7624afabf76644025e0442a75312dcc2dc411f7a3475394ce308ee78c9cfc7,True
MZ_Air,R03,138,wes,deterministic_rejection,replace_rule,rejected,36,36,59cd72618cce80cea1f6932da6789a1e1803d0d0dd8030c2c902b148ffee2412,59cd72618cce80cea1f6932da6789a1e1803d0d0dd8030c2c902b148ffee2412,True
MZ_Air,R03,138,eas,schema_fallback,no_change,model_output_rejected,48,48,41ee1136c908439b42787ede3efc34d0bb21888debe0a3ca6d6c6806bc0c0a42,41ee1136c908439b42787ede3efc34d0bb21888debe0a3ca6d6c6806bc0c0a42,True
MZ_Air,R03,138,cor,replace_rule,replace_rule,accepted,59,60,ede837b0de21e2dfd59e619c576cb5c262dc78aba7de47bdf8169fbcd0dbbed3,a8fa078deaf2ab40979436cfad54161585b6131692ae8ae0bf787334f750ee10,True
MZ_Air,R03,139,nor,explicit_no_change,no_change,accepted,46,46,d62b84bee7e5f2fb163d195ef9a06f8c1f2ad1e100f001dcfbeda531fa4b0471,d62b84bee7e5f2fb163d195ef9a06f8c1f2ad1e100f001dcfbeda531fa4b0471,True
MZ_Air,R03,139,sou,explicit_no_change,no_change,accepted,47,47,1b7624afabf76644025e0442a75312dcc2dc411f7a3475394ce308ee78c9cfc7,1b7624afabf76644025e0442a75312dcc2dc411f7a3475394ce308ee78c9cfc7,True
MZ_Air,R03,139,wes,replace_rule,replace_rule,accepted,36,37,59cd72618cce80cea1f6932da6789a1e1803d0d0dd8030c2c902b148ffee2412,c647b2cbbbdb25a7f540ea1b5861d55fa790019236ca78c30a4bde581989eb5a,True
MZ_Air,R03,139,eas,deterministic_rejection,add_rule,rejected,48,48,41ee1136c908439b42787ede3efc34d0bb21888debe0a3ca6d6c6806bc0c0a42,41ee1136c908439b42787ede3efc34d0bb21888debe0a3ca6d6c6806bc0c0a42,True
MZ_Air,R03,139,cor,deterministic_rejection,replace_rule,rejected,60,60,a8fa078deaf2ab40979436cfad54161585b6131692ae8ae0bf787334f750ee10,a8fa078deaf2ab40979436cfad54161585b6131692ae8ae0bf787334f750ee10,True
MZ_Air,R03,140,nor,explicit_no_change,no_change,accepted,46,46,d62b84bee7e5f2fb163d195ef9a06f8c1f2ad1e100f001dcfbeda531fa4b0471,d62b84bee7e5f2fb163d195ef9a06f8c1f2ad1e100f001dcfbeda531fa4b0471,True
MZ_Air,R03,140,sou,explicit_no_change,no_change,accepted,47,47,1b7624afabf76644025e0442a75312dcc2dc411f7a3475394ce308ee78c9cfc7,1b7624afabf76644025e0442a75312dcc2dc411f7a3475394ce308ee78c9cfc7,True
MZ_Air,R03,140,wes,replace_rule,replace_rule,accepted,37,38,c647b2cbbbdb25a7f540ea1b5861d55fa790019236ca78c30a4bde581989eb5a,6e5ba5e35a29bd643019c2f0615812ff88a61bf9e900f565f36040f2dbe861d3,True
MZ_Air,R03,140,eas,explicit_no_change,no_change,accepted,48,48,41ee1136c908439b42787ede3efc34d0bb21888debe0a3ca6d6c6806bc0c0a42,41ee1136c908439b42787ede3efc34d0bb21888debe0a3ca6d6c6806bc0c0a42,True
MZ_Air,R03,140,cor,replace_rule,replace_rule,accepted,60,61,a8fa078deaf2ab40979436cfad54161585b6131692ae8ae0bf787334f750ee10,7b04ace94e402da735243aae2688174251be5d49dd9739578cf3e0ebe2badd83,True
MZ_Air,R03,141,wes,explicit_no_change,no_change,accepted,38,38,6e5ba5e35a29bd643019c2f0615812ff88a61bf9e900f565f36040f2dbe861d3,6e5ba5e35a29bd643019c2f0615812ff88a61bf9e900f565f36040f2dbe861d3,True
MZ_Air,R03,141,sou,explicit_no_change,no_change,accepted,47,47,1b7624afabf76644025e0442a75312dcc2dc411f7a3475394ce308ee78c9cfc7,1b7624afabf76644025e0442a75312dcc2dc411f7a3475394ce308ee78c9cfc7,True
MZ_Air,R03,141,eas,explicit_no_change,no_change,accepted,48,48,41ee1136c908439b42787ede3efc34d0bb21888debe0a3ca6d6c6806bc0c0a42,41ee1136c908439b42787ede3efc34d0bb21888debe0a3ca6d6c6806bc0c0a42,True
MZ_Air,R03,141,nor,explicit_no_change,no_change,accepted,46,46,d62b84bee7e5f2fb163d195ef9a06f8c1f2ad1e100f001dcfbeda531fa4b0471,d62b84bee7e5f2fb163d195ef9a06f8c1f2ad1e100f001dcfbeda531fa4b0471,True
MZ_Air,R03,141,cor,deterministic_rejection,replace_rule,rejected,61,61,7b04ace94e402da735243aae2688174251be5d49dd9739578cf3e0ebe2badd83,7b04ace94e402da735243aae2688174251be5d49dd9739578cf3e0ebe2badd83,True
MZ_Air,R03,142,wes,explicit_no_change,no_change,accepted,38,38,6e5ba5e35a29bd643019c2f0615812ff88a61bf9e900f565f36040f2dbe861d3,6e5ba5e35a29bd643019c2f0615812ff88a61bf9e900f565f36040f2dbe861d3,True
MZ_Air,R03,142,sou,explicit_no_change,no_change,accepted,47,47,1b7624afabf76644025e0442a75312dcc2dc411f7a3475394ce308ee78c9cfc7,1b7624afabf76644025e0442a75312dcc2dc411f7a3475394ce308ee78c9cfc7,True
MZ_Air,R03,142,eas,explicit_no_change,no_change,accepted,48,48,41ee1136c908439b42787ede3efc34d0bb21888debe0a3ca6d6c6806bc0c0a42,41ee1136c908439b42787ede3efc34d0bb21888debe0a3ca6d6c6806bc0c0a42,True
MZ_Air,R03,142,nor,explicit_no_change,no_change,accepted,46,46,d62b84bee7e5f2fb163d195ef9a06f8c1f2ad1e100f001dcfbeda531fa4b0471,d62b84bee7e5f2fb163d195ef9a06f8c1f2ad1e100f001dcfbeda531fa4b0471,True
MZ_Air,R03,142,cor,explicit_no_change,no_change,accepted,61,61,7b04ace94e402da735243aae2688174251be5d49dd9739578cf3e0ebe2badd83,7b04ace94e402da735243aae2688174251be5d49dd9739578cf3e0ebe2badd83,True
MZ_Air,R03,143,cor,explicit_no_change,no_change,accepted,61,61,7b04ace94e402da735243aae2688174251be5d49dd9739578cf3e0ebe2badd83,7b04ace94e402da735243aae2688174251be5d49dd9739578cf3e0ebe2badd83,True
MZ_Air,R03,143,nor,explicit_no_change,no_change,accepted,46,46,d62b84bee7e5f2fb163d195ef9a06f8c1f2ad1e100f001dcfbeda531fa4b0471,d62b84bee7e5f2fb163d195ef9a06f8c1f2ad1e100f001dcfbeda531fa4b0471,True
MZ_Air,R03,143,eas,explicit_no_change,no_change,accepted,48,48,41ee1136c908439b42787ede3efc34d0bb21888debe0a3ca6d6c6806bc0c0a42,41ee1136c908439b42787ede3efc34d0bb21888debe0a3ca6d6c6806bc0c0a42,True
MZ_Air,R03,143,sou,explicit_no_change,no_change,accepted,47,47,1b7624afabf76644025e0442a75312dcc2dc411f7a3475394ce308ee78c9cfc7,1b7624afabf76644025e0442a75312dcc2dc411f7a3475394ce308ee78c9cfc7,True
MZ_Air,R03,143,wes,explicit_no_change,no_change,accepted,38,38,6e5ba5e35a29bd643019c2f0615812ff88a61bf9e900f565f36040f2dbe861d3,6e5ba5e35a29bd643019c2f0615812ff88a61bf9e900f565f36040f2dbe861d3,True
MZ_Air,R03,144,cor,explicit_no_change,no_change,accepted,61,61,7b04ace94e402da735243aae2688174251be5d49dd9739578cf3e0ebe2badd83,7b04ace94e402da735243aae2688174251be5d49dd9739578cf3e0ebe2badd83,True
MZ_Air,R03,144,nor,explicit_no_change,no_change,accepted,46,46,d62b84bee7e5f2fb163d195ef9a06f8c1f2ad1e100f001dcfbeda531fa4b0471,d62b84bee7e5f2fb163d195ef9a06f8c1f2ad1e100f001dcfbeda531fa4b0471,True
MZ_Air,R03,144,eas,explicit_no_change,no_change,accepted,48,48,41ee1136c908439b42787ede3efc34d0bb21888debe0a3ca6d6c6806bc0c0a42,41ee1136c908439b42787ede3efc34d0bb21888debe0a3ca6d6c6806bc0c0a42,True
MZ_Air,R03,144,sou,explicit_no_change,no_change,accepted,47,47,1b7624afabf76644025e0442a75312dcc2dc411f7a3475394ce308ee78c9cfc7,1b7624afabf76644025e0442a75312dcc2dc411f7a3475394ce308ee78c9cfc7,True
MZ_Air,R03,144,wes,explicit_no_change,no_change,accepted,38,38,6e5ba5e35a29bd643019c2f0615812ff88a61bf9e900f565f36040f2dbe861d3,6e5ba5e35a29bd643019c2f0615812ff88a61bf9e900f565f36040f2dbe861d3,True
MZ_Air,R03,145,cor,explicit_no_change,no_change,accepted,61,61,7b04ace94e402da735243aae2688174251be5d49dd9739578cf3e0ebe2badd83,7b04ace94e402da735243aae2688174251be5d49dd9739578cf3e0ebe2badd83,True
MZ_Air,R03,145,nor,explicit_no_change,no_change,accepted,46,46,d62b84bee7e5f2fb163d195ef9a06f8c1f2ad1e100f001dcfbeda531fa4b0471,d62b84bee7e5f2fb163d195ef9a06f8c1f2ad1e100f001dcfbeda531fa4b0471,True
MZ_Air,R03,145,eas,explicit_no_change,no_change,accepted,48,48,41ee1136c908439b42787ede3efc34d0bb21888debe0a3ca6d6c6806bc0c0a42,41ee1136c908439b42787ede3efc34d0bb21888debe0a3ca6d6c6806bc0c0a42,True
MZ_Air,R03,145,sou,explicit_no_change,no_change,accepted,47,47,1b7624afabf76644025e0442a75312dcc2dc411f7a3475394ce308ee78c9cfc7,1b7624afabf76644025e0442a75312dcc2dc411f7a3475394ce308ee78c9cfc7,True
MZ_Air,R03,145,wes,explicit_no_change,no_change,accepted,38,38,6e5ba5e35a29bd643019c2f0615812ff88a61bf9e900f565f36040f2dbe861d3,6e5ba5e35a29bd643019c2f0615812ff88a61bf9e900f565f36040f2dbe861d3,True
MZ_Air,R03,146,cor,explicit_no_change,no_change,accepted,61,61,7b04ace94e402da735243aae2688174251be5d49dd9739578cf3e0ebe2badd83,7b04ace94e402da735243aae2688174251be5d49dd9739578cf3e0ebe2badd83,True
MZ_Air,R03,146,nor,explicit_no_change,no_change,accepted,46,46,d62b84bee7e5f2fb163d195ef9a06f8c1f2ad1e100f001dcfbeda531fa4b0471,d62b84bee7e5f2fb163d195ef9a06f8c1f2ad1e100f001dcfbeda531fa4b0471,True
MZ_Air,R03,146,eas,explicit_no_change,no_change,accepted,48,48,41ee1136c908439b42787ede3efc34d0bb21888debe0a3ca6d6c6806bc0c0a42,41ee1136c908439b42787ede3efc34d0bb21888debe0a3ca6d6c6806bc0c0a42,True
MZ_Air,R03,146,sou,explicit_no_change,no_change,accepted,47,47,1b7624afabf76644025e0442a75312dcc2dc411f7a3475394ce308ee78c9cfc7,1b7624afabf76644025e0442a75312dcc2dc411f7a3475394ce308ee78c9cfc7,True
MZ_Air,R03,146,wes,explicit_no_change,no_change,accepted,38,38,6e5ba5e35a29bd643019c2f0615812ff88a61bf9e900f565f36040f2dbe861d3,6e5ba5e35a29bd643019c2f0615812ff88a61bf9e900f565f36040f2dbe861d3,True
MZ_Air,R03,147,cor,explicit_no_change,no_change,accepted,61,61,7b04ace94e402da735243aae2688174251be5d49dd9739578cf3e0ebe2badd83,7b04ace94e402da735243aae2688174251be5d49dd9739578cf3e0ebe2badd83,True
MZ_Air,R03,147,nor,explicit_no_change,no_change,accepted,46,46,d62b84bee7e5f2fb163d195ef9a06f8c1f2ad1e100f001dcfbeda531fa4b0471,d62b84bee7e5f2fb163d195ef9a06f8c1f2ad1e100f001dcfbeda531fa4b0471,True
MZ_Air,R03,147,eas,explicit_no_change,no_change,accepted,48,48,41ee1136c908439b42787ede3efc34d0bb21888debe0a3ca6d6c6806bc0c0a42,41ee1136c908439b42787ede3efc34d0bb21888debe0a3ca6d6c6806bc0c0a42,True
MZ_Air,R03,147,sou,explicit_no_change,no_change,accepted,47,47,1b7624afabf76644025e0442a75312dcc2dc411f7a3475394ce308ee78c9cfc7,1b7624afabf76644025e0442a75312dcc2dc411f7a3475394ce308ee78c9cfc7,True
MZ_Air,R03,147,wes,explicit_no_change,no_change,accepted,38,38,6e5ba5e35a29bd643019c2f0615812ff88a61bf9e900f565f36040f2dbe861d3,6e5ba5e35a29bd643019c2f0615812ff88a61bf9e900f565f36040f2dbe861d3,True
MZ_Air,R03,148,cor,explicit_no_change,no_change,accepted,61,61,7b04ace94e402da735243aae2688174251be5d49dd9739578cf3e0ebe2badd83,7b04ace94e402da735243aae2688174251be5d49dd9739578cf3e0ebe2badd83,True
MZ_Air,R03,148,nor,explicit_no_change,no_change,accepted,46,46,d62b84bee7e5f2fb163d195ef9a06f8c1f2ad1e100f001dcfbeda531fa4b0471,d62b84bee7e5f2fb163d195ef9a06f8c1f2ad1e100f001dcfbeda531fa4b0471,True
MZ_Air,R03,148,eas,explicit_no_change,no_change,accepted,48,48,41ee1136c908439b42787ede3efc34d0bb21888debe0a3ca6d6c6806bc0c0a42,41ee1136c908439b42787ede3efc34d0bb21888debe0a3ca6d6c6806bc0c0a42,True
MZ_Air,R03,148,sou,explicit_no_change,no_change,accepted,47,47,1b7624afabf76644025e0442a75312dcc2dc411f7a3475394ce308ee78c9cfc7,1b7624afabf76644025e0442a75312dcc2dc411f7a3475394ce308ee78c9cfc7,True
MZ_Air,R03,148,wes,explicit_no_change,no_change,accepted,38,38,6e5ba5e35a29bd643019c2f0615812ff88a61bf9e900f565f36040f2dbe861d3,6e5ba5e35a29bd643019c2f0615812ff88a61bf9e900f565f36040f2dbe861d3,True
MZ_Air,R03,149,cor,explicit_no_change,no_change,accepted,61,61,7b04ace94e402da735243aae2688174251be5d49dd9739578cf3e0ebe2badd83,7b04ace94e402da735243aae2688174251be5d49dd9739578cf3e0ebe2badd83,True
MZ_Air,R03,149,nor,explicit_no_change,no_change,accepted,46,46,d62b84bee7e5f2fb163d195ef9a06f8c1f2ad1e100f001dcfbeda531fa4b0471,d62b84bee7e5f2fb163d195ef9a06f8c1f2ad1e100f001dcfbeda531fa4b0471,True
MZ_Air,R03,149,eas,explicit_no_change,no_change,accepted,48,48,41ee1136c908439b42787ede3efc34d0bb21888debe0a3ca6d6c6806bc0c0a42,41ee1136c908439b42787ede3efc34d0bb21888debe0a3ca6d6c6806bc0c0a42,True
MZ_Air,R03,149,sou,explicit_no_change,no_change,accepted,47,47,1b7624afabf76644025e0442a75312dcc2dc411f7a3475394ce308ee78c9cfc7,1b7624afabf76644025e0442a75312dcc2dc411f7a3475394ce308ee78c9cfc7,True
MZ_Air,R03,149,wes,explicit_no_change,no_change,accepted,38,38,6e5ba5e35a29bd643019c2f0615812ff88a61bf9e900f565f36040f2dbe861d3,6e5ba5e35a29bd643019c2f0615812ff88a61bf9e900f565f36040f2dbe861d3,True
MZ_Air,R03,150,cor,set_param,set_param,accepted,61,62,7b04ace94e402da735243aae2688174251be5d49dd9739578cf3e0ebe2badd83,2c3154a8c535f170d5be82ccdbe07b7d925507041e745ef73a588892b483291b,True
MZ_Air,R03,150,eas,explicit_no_change,no_change,accepted,48,48,41ee1136c908439b42787ede3efc34d0bb21888debe0a3ca6d6c6806bc0c0a42,41ee1136c908439b42787ede3efc34d0bb21888debe0a3ca6d6c6806bc0c0a42,True
MZ_Air,R03,150,nor,explicit_no_change,no_change,accepted,46,46,d62b84bee7e5f2fb163d195ef9a06f8c1f2ad1e100f001dcfbeda531fa4b0471,d62b84bee7e5f2fb163d195ef9a06f8c1f2ad1e100f001dcfbeda531fa4b0471,True
MZ_Air,R03,150,sou,explicit_no_change,no_change,accepted,47,47,1b7624afabf76644025e0442a75312dcc2dc411f7a3475394ce308ee78c9cfc7,1b7624afabf76644025e0442a75312dcc2dc411f7a3475394ce308ee78c9cfc7,True
MZ_Air,R03,150,wes,explicit_no_change,no_change,accepted,38,38,6e5ba5e35a29bd643019c2f0615812ff88a61bf9e900f565f36040f2dbe861d3,6e5ba5e35a29bd643019c2f0615812ff88a61bf9e900f565f36040f2dbe861d3,True
MZ_Air,R03,151,cor,replace_rule,replace_rule,accepted,62,63,2c3154a8c535f170d5be82ccdbe07b7d925507041e745ef73a588892b483291b,8843382a714da70baeb71ceb29c7c789da137008c061bed760806415f463a508,True
MZ_Air,R03,151,wes,explicit_no_change,no_change,accepted,38,38,6e5ba5e35a29bd643019c2f0615812ff88a61bf9e900f565f36040f2dbe861d3,6e5ba5e35a29bd643019c2f0615812ff88a61bf9e900f565f36040f2dbe861d3,True
MZ_Air,R03,151,sou,explicit_no_change,no_change,accepted,47,47,1b7624afabf76644025e0442a75312dcc2dc411f7a3475394ce308ee78c9cfc7,1b7624afabf76644025e0442a75312dcc2dc411f7a3475394ce308ee78c9cfc7,True
MZ_Air,R03,151,nor,replace_rule,replace_rule,accepted,46,47,d62b84bee7e5f2fb163d195ef9a06f8c1f2ad1e100f001dcfbeda531fa4b0471,110d41a8b2f59ebcf0d859b5d84e1416f8d3bd27b028a692b20efb05f433051f,True
MZ_Air,R03,151,eas,explicit_no_change,no_change,accepted,48,48,41ee1136c908439b42787ede3efc34d0bb21888debe0a3ca6d6c6806bc0c0a42,41ee1136c908439b42787ede3efc34d0bb21888debe0a3ca6d6c6806bc0c0a42,True
MZ_Air,R03,152,cor,explicit_no_change,no_change,accepted,63,63,8843382a714da70baeb71ceb29c7c789da137008c061bed760806415f463a508,8843382a714da70baeb71ceb29c7c789da137008c061bed760806415f463a508,True
MZ_Air,R03,152,wes,explicit_no_change,no_change,accepted,38,38,6e5ba5e35a29bd643019c2f0615812ff88a61bf9e900f565f36040f2dbe861d3,6e5ba5e35a29bd643019c2f0615812ff88a61bf9e900f565f36040f2dbe861d3,True
MZ_Air,R03,152,sou,explicit_no_change,no_change,accepted,47,47,1b7624afabf76644025e0442a75312dcc2dc411f7a3475394ce308ee78c9cfc7,1b7624afabf76644025e0442a75312dcc2dc411f7a3475394ce308ee78c9cfc7,True
MZ_Air,R03,152,nor,explicit_no_change,no_change,accepted,47,47,110d41a8b2f59ebcf0d859b5d84e1416f8d3bd27b028a692b20efb05f433051f,110d41a8b2f59ebcf0d859b5d84e1416f8d3bd27b028a692b20efb05f433051f,True
MZ_Air,R03,152,eas,explicit_no_change,no_change,accepted,48,48,41ee1136c908439b42787ede3efc34d0bb21888debe0a3ca6d6c6806bc0c0a42,41ee1136c908439b42787ede3efc34d0bb21888debe0a3ca6d6c6806bc0c0a42,True
MZ_Air,R03,153,nor,explicit_no_change,no_change,accepted,47,47,110d41a8b2f59ebcf0d859b5d84e1416f8d3bd27b028a692b20efb05f433051f,110d41a8b2f59ebcf0d859b5d84e1416f8d3bd27b028a692b20efb05f433051f,True
MZ_Air,R03,153,cor,deterministic_rejection,replace_rule,rejected,63,63,8843382a714da70baeb71ceb29c7c789da137008c061bed760806415f463a508,8843382a714da70baeb71ceb29c7c789da137008c061bed760806415f463a508,True
MZ_Air,R03,153,eas,set_param,set_param,accepted,48,49,41ee1136c908439b42787ede3efc34d0bb21888debe0a3ca6d6c6806bc0c0a42,676e357dc99cf208307c287174ad206426113bdb84ccfea7893eff20bbdcfa9a,True
MZ_Air,R03,153,wes,replace_rule,replace_rule,accepted,38,39,6e5ba5e35a29bd643019c2f0615812ff88a61bf9e900f565f36040f2dbe861d3,75cd76847254e0a84ade25e56002c8b81fa90a39ee168d9eb75e2023618f1138,True
MZ_Air,R03,153,sou,replace_rule,replace_rule,accepted,47,48,1b7624afabf76644025e0442a75312dcc2dc411f7a3475394ce308ee78c9cfc7,4a35a8cab4a2c7def300aad9eabeef499f57a95f3b3560291d2557313f147bb3,True
MZ_Air,R03,154,nor,replace_rule,replace_rule,accepted,47,48,110d41a8b2f59ebcf0d859b5d84e1416f8d3bd27b028a692b20efb05f433051f,a3ad84da070692cb77bad0988c4c02d7ffab5817009f6016fd45b4bb19e5b4aa,True
MZ_Air,R03,154,cor,replace_rule,replace_rule,accepted,63,64,8843382a714da70baeb71ceb29c7c789da137008c061bed760806415f463a508,14455452c7e666319f3c9d027d20b16babfc1e2fbe979049e4173c9de748a6c9,True
MZ_Air,R03,154,wes,explicit_no_change,no_change,accepted,39,39,75cd76847254e0a84ade25e56002c8b81fa90a39ee168d9eb75e2023618f1138,75cd76847254e0a84ade25e56002c8b81fa90a39ee168d9eb75e2023618f1138,True
MZ_Air,R03,154,eas,explicit_no_change,no_change,accepted,49,49,676e357dc99cf208307c287174ad206426113bdb84ccfea7893eff20bbdcfa9a,676e357dc99cf208307c287174ad206426113bdb84ccfea7893eff20bbdcfa9a,True
MZ_Air,R03,154,sou,replace_rule,replace_rule,accepted,48,49,4a35a8cab4a2c7def300aad9eabeef499f57a95f3b3560291d2557313f147bb3,887f313d59c14c6380b1f079d6f90ccb799cedb820e4f26d12187d908b9fe44d,True
MZ_Air,R03,155,cor,replace_rule,replace_rule,accepted,64,65,14455452c7e666319f3c9d027d20b16babfc1e2fbe979049e4173c9de748a6c9,cb5b3de987be0222bcb7f04552d474bd8cd3fb520a5b17b3828db64a39bdfb97,True
MZ_Air,R03,155,sou,explicit_no_change,no_change,accepted,49,49,887f313d59c14c6380b1f079d6f90ccb799cedb820e4f26d12187d908b9fe44d,887f313d59c14c6380b1f079d6f90ccb799cedb820e4f26d12187d908b9fe44d,True
MZ_Air,R03,155,nor,replace_rule,replace_rule,accepted,48,49,a3ad84da070692cb77bad0988c4c02d7ffab5817009f6016fd45b4bb19e5b4aa,e7ade33cb340f6ccc19a97c71b12d11299ab9c5317ecaa76b0d096cd00f25e4f,True
MZ_Air,R03,155,eas,explicit_no_change,no_change,accepted,49,49,676e357dc99cf208307c287174ad206426113bdb84ccfea7893eff20bbdcfa9a,676e357dc99cf208307c287174ad206426113bdb84ccfea7893eff20bbdcfa9a,True
MZ_Air,R03,155,wes,add_rule,add_rule,accepted,39,40,75cd76847254e0a84ade25e56002c8b81fa90a39ee168d9eb75e2023618f1138,7e67333057235142c9c6dd056664dc32f224fdf2710b8b19a20d179c613f73f1,True
MZ_Air,R03,156,nor,replace_rule,replace_rule,accepted,49,50,e7ade33cb340f6ccc19a97c71b12d11299ab9c5317ecaa76b0d096cd00f25e4f,1a7661e2970bb01a8fe4f9f1d60ec49acdb040df5f4157f8ecf89828f64d8414,True
MZ_Air,R03,156,eas,replace_rule,replace_rule,accepted,49,50,676e357dc99cf208307c287174ad206426113bdb84ccfea7893eff20bbdcfa9a,7573c2d8bb1f73f1dd94c497a5e9a5deca5bf7cad86366f32b5944cd61d59871,True
MZ_Air,R03,156,cor,replace_rule,replace_rule,accepted,65,66,cb5b3de987be0222bcb7f04552d474bd8cd3fb520a5b17b3828db64a39bdfb97,14455452c7e666319f3c9d027d20b16babfc1e2fbe979049e4173c9de748a6c9,True
MZ_Air,R03,156,sou,deterministic_rejection,replace_rule,rejected,49,49,887f313d59c14c6380b1f079d6f90ccb799cedb820e4f26d12187d908b9fe44d,887f313d59c14c6380b1f079d6f90ccb799cedb820e4f26d12187d908b9fe44d,True
MZ_Air,R03,156,wes,explicit_no_change,no_change,accepted,40,40,7e67333057235142c9c6dd056664dc32f224fdf2710b8b19a20d179c613f73f1,7e67333057235142c9c6dd056664dc32f224fdf2710b8b19a20d179c613f73f1,True
MZ_Air,R03,157,nor,replace_rule,replace_rule,accepted,50,51,1a7661e2970bb01a8fe4f9f1d60ec49acdb040df5f4157f8ecf89828f64d8414,a1b567273bfaa686bc0df5c2814aaa6c464e07baf01f7bdb87da0ba6b5d7cc0f,True
MZ_Air,R03,157,sou,schema_fallback,no_change,model_output_rejected,49,49,887f313d59c14c6380b1f079d6f90ccb799cedb820e4f26d12187d908b9fe44d,887f313d59c14c6380b1f079d6f90ccb799cedb820e4f26d12187d908b9fe44d,True
MZ_Air,R03,157,wes,set_param,set_param,accepted,40,41,7e67333057235142c9c6dd056664dc32f224fdf2710b8b19a20d179c613f73f1,b02504d735519f8b275a2b914f01d5bd0b4717d28dd1ce2fe530f8ae58132823,True
MZ_Air,R03,157,eas,replace_rule,replace_rule,accepted,50,51,7573c2d8bb1f73f1dd94c497a5e9a5deca5bf7cad86366f32b5944cd61d59871,ac66d8ff343fc91d4676db4819b91f08f5af25a1c747c738ea2d6a7d00f6c31d,True
MZ_Air,R03,157,cor,deterministic_rejection,replace_rule,rejected,66,66,14455452c7e666319f3c9d027d20b16babfc1e2fbe979049e4173c9de748a6c9,14455452c7e666319f3c9d027d20b16babfc1e2fbe979049e4173c9de748a6c9,True
MZ_Air,R03,158,nor,replace_rule,replace_rule,accepted,51,52,a1b567273bfaa686bc0df5c2814aaa6c464e07baf01f7bdb87da0ba6b5d7cc0f,cf6157dec00f4d6a98b8d791b0478b0e250a8c1e121283aae45c75d68ad97a58,True
MZ_Air,R03,158,sou,replace_rule,replace_rule,accepted,49,50,887f313d59c14c6380b1f079d6f90ccb799cedb820e4f26d12187d908b9fe44d,cc1316ade51248ac1089a7c54e5041884d3af8eeff87cc92e8898fbe3c5ddad5,True
MZ_Air,R03,158,wes,deterministic_rejection,replace_rule,rejected,41,41,b02504d735519f8b275a2b914f01d5bd0b4717d28dd1ce2fe530f8ae58132823,b02504d735519f8b275a2b914f01d5bd0b4717d28dd1ce2fe530f8ae58132823,True
MZ_Air,R03,158,eas,schema_fallback,no_change,model_output_rejected,51,51,ac66d8ff343fc91d4676db4819b91f08f5af25a1c747c738ea2d6a7d00f6c31d,ac66d8ff343fc91d4676db4819b91f08f5af25a1c747c738ea2d6a7d00f6c31d,True
MZ_Air,R03,158,cor,deterministic_rejection,move_rule,rejected,66,66,14455452c7e666319f3c9d027d20b16babfc1e2fbe979049e4173c9de748a6c9,14455452c7e666319f3c9d027d20b16babfc1e2fbe979049e4173c9de748a6c9,True
MZ_Air,R03,159,wes,deterministic_rejection,add_rule,rejected,41,41,b02504d735519f8b275a2b914f01d5bd0b4717d28dd1ce2fe530f8ae58132823,b02504d735519f8b275a2b914f01d5bd0b4717d28dd1ce2fe530f8ae58132823,True
MZ_Air,R03,159,sou,deterministic_rejection,replace_rule,rejected,50,50,cc1316ade51248ac1089a7c54e5041884d3af8eeff87cc92e8898fbe3c5ddad5,cc1316ade51248ac1089a7c54e5041884d3af8eeff87cc92e8898fbe3c5ddad5,True
MZ_Air,R03,159,nor,replace_rule,replace_rule,accepted,52,53,cf6157dec00f4d6a98b8d791b0478b0e250a8c1e121283aae45c75d68ad97a58,d8b23e911fb986debe25c6d874d40e8406b062656d6d04ecc2c3eeb7049c6351,True
MZ_Air,R03,159,eas,deterministic_rejection,add_rule,rejected,51,51,ac66d8ff343fc91d4676db4819b91f08f5af25a1c747c738ea2d6a7d00f6c31d,ac66d8ff343fc91d4676db4819b91f08f5af25a1c747c738ea2d6a7d00f6c31d,True
MZ_Air,R03,159,cor,explicit_no_change,no_change,accepted,66,66,14455452c7e666319f3c9d027d20b16babfc1e2fbe979049e4173c9de748a6c9,14455452c7e666319f3c9d027d20b16babfc1e2fbe979049e4173c9de748a6c9,True
MZ_Air,R03,160,nor,explicit_no_change,no_change,accepted,53,53,d8b23e911fb986debe25c6d874d40e8406b062656d6d04ecc2c3eeb7049c6351,d8b23e911fb986debe25c6d874d40e8406b062656d6d04ecc2c3eeb7049c6351,True
MZ_Air,R03,160,eas,replace_rule,replace_rule,accepted,51,52,ac66d8ff343fc91d4676db4819b91f08f5af25a1c747c738ea2d6a7d00f6c31d,d3a8188f726ba2ef8fa7f79b2dd9c467375566426c7fc0c96d6e007e29c6b36c,True
MZ_Air,R03,160,wes,remove_rule,remove_rule,accepted,41,42,b02504d735519f8b275a2b914f01d5bd0b4717d28dd1ce2fe530f8ae58132823,ff47b2fa1956a53617436f2d129a66cc05caad267ede23240cc1f80045a228e1,True
MZ_Air,R03,160,sou,replace_rule,replace_rule,accepted,50,51,cc1316ade51248ac1089a7c54e5041884d3af8eeff87cc92e8898fbe3c5ddad5,63323f0e9447076164b6c0f543fe1424d9d0c19db0ae2f0f2d70245a403a8e11,True
MZ_Air,R03,160,cor,deterministic_rejection,replace_rule,rejected,66,66,14455452c7e666319f3c9d027d20b16babfc1e2fbe979049e4173c9de748a6c9,14455452c7e666319f3c9d027d20b16babfc1e2fbe979049e4173c9de748a6c9,True
MZ_Air,R03,161,eas,replace_rule,replace_rule,accepted,52,53,d3a8188f726ba2ef8fa7f79b2dd9c467375566426c7fc0c96d6e007e29c6b36c,c4ec337b9a20b2f4117cbfd12aee5616bc01a3ed735a6382081b90e00740719c,True
MZ_Air,R03,161,sou,replace_rule,replace_rule,accepted,51,52,63323f0e9447076164b6c0f543fe1424d9d0c19db0ae2f0f2d70245a403a8e11,cc1316ade51248ac1089a7c54e5041884d3af8eeff87cc92e8898fbe3c5ddad5,True
MZ_Air,R03,161,cor,replace_rule,replace_rule,accepted,66,67,14455452c7e666319f3c9d027d20b16babfc1e2fbe979049e4173c9de748a6c9,780c2e1c0b1144494406a8abe58547f7cb21693183496058e7c3d8b3fc6ac99f,True
MZ_Air,R03,161,wes,deterministic_rejection,set_param,rejected,42,42,ff47b2fa1956a53617436f2d129a66cc05caad267ede23240cc1f80045a228e1,ff47b2fa1956a53617436f2d129a66cc05caad267ede23240cc1f80045a228e1,True
MZ_Air,R03,161,nor,set_param,set_param,accepted,53,54,d8b23e911fb986debe25c6d874d40e8406b062656d6d04ecc2c3eeb7049c6351,2fa38aa936751cddb24174202cc892ed9aec64d56b55641a319ffc4993bdd870,True
MZ_Air,R03,162,eas,explicit_no_change,no_change,accepted,53,53,c4ec337b9a20b2f4117cbfd12aee5616bc01a3ed735a6382081b90e00740719c,c4ec337b9a20b2f4117cbfd12aee5616bc01a3ed735a6382081b90e00740719c,True
MZ_Air,R03,162,nor,remove_rule,remove_rule,accepted,54,55,2fa38aa936751cddb24174202cc892ed9aec64d56b55641a319ffc4993bdd870,4886ad6f39853cf0f15416900ac0b4d7017b7e7b34c5ada079d1b1963bb2bae7,True
MZ_Air,R03,162,wes,add_rule,add_rule,accepted,42,43,ff47b2fa1956a53617436f2d129a66cc05caad267ede23240cc1f80045a228e1,61895a631427438ab58800a29cdcda2a6bed0ec7cd4a579c3a54a86f866cc67c,True
MZ_Air,R03,162,sou,replace_rule,replace_rule,accepted,52,53,cc1316ade51248ac1089a7c54e5041884d3af8eeff87cc92e8898fbe3c5ddad5,63323f0e9447076164b6c0f543fe1424d9d0c19db0ae2f0f2d70245a403a8e11,True
MZ_Air,R03,162,cor,replace_rule,replace_rule,accepted,67,68,780c2e1c0b1144494406a8abe58547f7cb21693183496058e7c3d8b3fc6ac99f,4e16f8200744876986ef8a281bede7ca1e6f52dd142df157fdcc03a1358ce1f4,True
MZ_Air,R03,163,eas,replace_rule,replace_rule,accepted,53,54,c4ec337b9a20b2f4117cbfd12aee5616bc01a3ed735a6382081b90e00740719c,a8ec454b65341debe8bd6f9c2f5a52349209c744cc3321d3a2ce413b9f289006,True
MZ_Air,R03,163,nor,replace_rule,replace_rule,accepted,55,56,4886ad6f39853cf0f15416900ac0b4d7017b7e7b34c5ada079d1b1963bb2bae7,c14478db4ddb72275f576b18019384f631ea0a557a605fe5a7b6a365283100aa,True
MZ_Air,R03,163,sou,deterministic_rejection,replace_rule,rejected,53,53,63323f0e9447076164b6c0f543fe1424d9d0c19db0ae2f0f2d70245a403a8e11,63323f0e9447076164b6c0f543fe1424d9d0c19db0ae2f0f2d70245a403a8e11,True
MZ_Air,R03,163,wes,deterministic_rejection,replace_rule,rejected,43,43,61895a631427438ab58800a29cdcda2a6bed0ec7cd4a579c3a54a86f866cc67c,61895a631427438ab58800a29cdcda2a6bed0ec7cd4a579c3a54a86f866cc67c,True
MZ_Air,R03,163,cor,replace_rule,replace_rule,accepted,68,69,4e16f8200744876986ef8a281bede7ca1e6f52dd142df157fdcc03a1358ce1f4,c27350fac7fa03d3208e5560e0d6daec2862fd7bc86fc5569b5928b629d48337,True
MZ_Air,R03,164,cor,deterministic_rejection,replace_rule,rejected,69,69,c27350fac7fa03d3208e5560e0d6daec2862fd7bc86fc5569b5928b629d48337,c27350fac7fa03d3208e5560e0d6daec2862fd7bc86fc5569b5928b629d48337,True
MZ_Air,R03,164,nor,deterministic_rejection,replace_rule,rejected,56,56,c14478db4ddb72275f576b18019384f631ea0a557a605fe5a7b6a365283100aa,c14478db4ddb72275f576b18019384f631ea0a557a605fe5a7b6a365283100aa,True
MZ_Air,R03,164,wes,add_rule,add_rule,accepted,43,44,61895a631427438ab58800a29cdcda2a6bed0ec7cd4a579c3a54a86f866cc67c,a53e911bb642aa0acd39dd948696a4caf6e292b494f0e3ce2fcbbedb98de9b88,True
MZ_Air,R03,164,eas,replace_rule,replace_rule,accepted,54,55,a8ec454b65341debe8bd6f9c2f5a52349209c744cc3321d3a2ce413b9f289006,761dd56ba2aa68e706e712154cb3f7619569faf3c3fddd6b00aae0d7c9b60d50,True
MZ_Air,R03,164,sou,deterministic_rejection,replace_rule,rejected,53,53,63323f0e9447076164b6c0f543fe1424d9d0c19db0ae2f0f2d70245a403a8e11,63323f0e9447076164b6c0f543fe1424d9d0c19db0ae2f0f2d70245a403a8e11,True
MZ_Air,R03,165,nor,deterministic_rejection,replace_rule,rejected,56,56,c14478db4ddb72275f576b18019384f631ea0a557a605fe5a7b6a365283100aa,c14478db4ddb72275f576b18019384f631ea0a557a605fe5a7b6a365283100aa,True
MZ_Air,R03,165,sou,replace_rule,replace_rule,accepted,53,54,63323f0e9447076164b6c0f543fe1424d9d0c19db0ae2f0f2d70245a403a8e11,454d16fb63f94898d4fda21656f8ef8955fca3d1db7dc1e9ed5ac99c4c70a9e8,True
MZ_Air,R03,165,cor,deterministic_rejection,replace_rule,rejected,69,69,c27350fac7fa03d3208e5560e0d6daec2862fd7bc86fc5569b5928b629d48337,c27350fac7fa03d3208e5560e0d6daec2862fd7bc86fc5569b5928b629d48337,True
MZ_Air,R03,165,wes,replace_rule,replace_rule,accepted,44,45,a53e911bb642aa0acd39dd948696a4caf6e292b494f0e3ce2fcbbedb98de9b88,13b5dd5e9f2e113083bba43b0430718d0a69e7d98fe320a8560e2abf6d24ab63,True
MZ_Air,R03,165,eas,explicit_no_change,no_change,accepted,55,55,761dd56ba2aa68e706e712154cb3f7619569faf3c3fddd6b00aae0d7c9b60d50,761dd56ba2aa68e706e712154cb3f7619569faf3c3fddd6b00aae0d7c9b60d50,True
MZ_Air,R03,166,nor,deterministic_rejection,replace_rule,rejected,56,56,c14478db4ddb72275f576b18019384f631ea0a557a605fe5a7b6a365283100aa,c14478db4ddb72275f576b18019384f631ea0a557a605fe5a7b6a365283100aa,True
MZ_Air,R03,166,sou,explicit_no_change,no_change,accepted,54,54,454d16fb63f94898d4fda21656f8ef8955fca3d1db7dc1e9ed5ac99c4c70a9e8,454d16fb63f94898d4fda21656f8ef8955fca3d1db7dc1e9ed5ac99c4c70a9e8,True
MZ_Air,R03,166,cor,deterministic_rejection,replace_rule,rejected,69,69,c27350fac7fa03d3208e5560e0d6daec2862fd7bc86fc5569b5928b629d48337,c27350fac7fa03d3208e5560e0d6daec2862fd7bc86fc5569b5928b629d48337,True
MZ_Air,R03,166,wes,replace_rule,replace_rule,accepted,45,46,13b5dd5e9f2e113083bba43b0430718d0a69e7d98fe320a8560e2abf6d24ab63,a53e911bb642aa0acd39dd948696a4caf6e292b494f0e3ce2fcbbedb98de9b88,True
MZ_Air,R03,166,eas,replace_rule,replace_rule,accepted,55,56,761dd56ba2aa68e706e712154cb3f7619569faf3c3fddd6b00aae0d7c9b60d50,5310bc2e9771ee5f9fce8f6d4dbe9aaa317475ea6134a990e97a973b05ac9123,True
MZ_Air,R03,167,eas,replace_rule,replace_rule,accepted,56,57,5310bc2e9771ee5f9fce8f6d4dbe9aaa317475ea6134a990e97a973b05ac9123,ff7b792ea64d97467d67c3c68371d908c7bed141d16f73922c267023dd216e8b,True
MZ_Air,R03,167,cor,deterministic_rejection,replace_rule,rejected,69,69,c27350fac7fa03d3208e5560e0d6daec2862fd7bc86fc5569b5928b629d48337,c27350fac7fa03d3208e5560e0d6daec2862fd7bc86fc5569b5928b629d48337,True
MZ_Air,R03,167,wes,explicit_no_change,no_change,accepted,46,46,a53e911bb642aa0acd39dd948696a4caf6e292b494f0e3ce2fcbbedb98de9b88,a53e911bb642aa0acd39dd948696a4caf6e292b494f0e3ce2fcbbedb98de9b88,True
MZ_Air,R03,167,nor,deterministic_rejection,replace_rule,rejected,56,56,c14478db4ddb72275f576b18019384f631ea0a557a605fe5a7b6a365283100aa,c14478db4ddb72275f576b18019384f631ea0a557a605fe5a7b6a365283100aa,True
MZ_Air,R03,167,sou,deterministic_rejection,add_rule,rejected,54,54,454d16fb63f94898d4fda21656f8ef8955fca3d1db7dc1e9ed5ac99c4c70a9e8,454d16fb63f94898d4fda21656f8ef8955fca3d1db7dc1e9ed5ac99c4c70a9e8,True
MZ_Air,R03,168,nor,deterministic_rejection,replace_rule,rejected,56,56,c14478db4ddb72275f576b18019384f631ea0a557a605fe5a7b6a365283100aa,c14478db4ddb72275f576b18019384f631ea0a557a605fe5a7b6a365283100aa,True
MZ_Air,R03,168,sou,explicit_no_change,no_change,accepted,54,54,454d16fb63f94898d4fda21656f8ef8955fca3d1db7dc1e9ed5ac99c4c70a9e8,454d16fb63f94898d4fda21656f8ef8955fca3d1db7dc1e9ed5ac99c4c70a9e8,True
MZ_Air,R03,168,wes,explicit_no_change,no_change,accepted,46,46,a53e911bb642aa0acd39dd948696a4caf6e292b494f0e3ce2fcbbedb98de9b88,a53e911bb642aa0acd39dd948696a4caf6e292b494f0e3ce2fcbbedb98de9b88,True
MZ_Air,R03,168,cor,deterministic_rejection,replace_rule,rejected,69,69,c27350fac7fa03d3208e5560e0d6daec2862fd7bc86fc5569b5928b629d48337,c27350fac7fa03d3208e5560e0d6daec2862fd7bc86fc5569b5928b629d48337,True
MZ_Air,R03,168,eas,explicit_no_change,no_change,accepted,57,57,ff7b792ea64d97467d67c3c68371d908c7bed141d16f73922c267023dd216e8b,ff7b792ea64d97467d67c3c68371d908c7bed141d16f73922c267023dd216e8b,True
