case,repeat,hour,proposed_hour_reward,erbc_hour_reward,hour_reward_advantage,cumulative_reward_advantage
SZ_Air,R01,1,-0.0899375,-0.0899375,0.0,0.0
SZ_Air,R01,2,-7.174816801644127e-296,-7.174816801644127e-296,0.0,0.0
SZ_Air,R01,3,0.0,0.0,0.0,0.0
SZ_Air,R01,4,0.0,0.0,0.0,0.0
SZ_Air,R01,5,0.0,0.0,0.0,0.0
SZ_Air,R01,6,0.0,0.0,0.0,0.0
SZ_Air,R01,7,0.0,0.0,0.0,0.0
SZ_Air,R01,8,-0.354971549538445,-1.2662965971172544,0.9113250475788094,0.9113250475788094
SZ_Air,R01,9,-2.49675277201418,-1.9963653797028758,-0.5003873923113042,0.41093765526750514
SZ_Air,R01,10,-4.726847186925556,-4.581376054732284,-0.145471132193272,0.26546652307423313
SZ_Air,R01,11,-5.8233309660373145,-6.177935034968507,0.35460406893119245,0.6200705920054256
SZ_Air,R01,12,-7.2011464514650525,-7.550796447484005,0.3496499960189521,0.9697205880243777
SZ_Air,R01,13,-8.165777945551394,-8.50667939512071,0.3409014495693157,1.3106220375936934
SZ_Air,R01,14,-8.789131660043424,-9.007093810006783,0.21796214996335905,1.5285841875570525
SZ_Air,R01,15,-14.405386979470176,-14.758885128810325,0.3534981493401492,1.8820823368972017
SZ_Air,R01,16,-13.774813964020517,-14.103477454913062,0.328663490892545,2.2107458277897467
SZ_Air,R01,17,-11.976158000903922,-12.271886804528688,0.2957288036247654,2.506474631414512
SZ_Air,R01,18,-10.177936266771571,-10.435548787444565,0.25761252067299445,2.7640871520875065
SZ_Air,R01,19,-1.0766609215179368,-1.1689839334129668,0.09232301189503,2.8564101639825363
SZ_Air,R01,20,-1.1436890532631563e-45,-4.841609121568229e-50,-1.1436406371719406e-45,2.8564101639825363
SZ_Air,R01,21,-4.611764846612562e-97,-1.7490643925812472e-101,-4.6115899401733036e-97,2.8564101639825363
SZ_Air,R01,22,-1.9451104980400116e-148,-4.33987333364253e-152,-1.9446765107066473e-148,2.8564101639825363
SZ_Air,R01,23,-3.456901822133291e-199,-1.0516993246073684e-203,-3.4567966522008302e-199,2.8564101639825363
SZ_Air,R01,24,-1.079697950194187e-250,-7.9211785913345975e-255,-1.0796187384082737e-250,2.8564101639825363
SZ_Air,R01,25,-7.563033919507326e-309,-3.88386656694e-312,-7.559150052940384e-309,2.8564101639825363
SZ_Air,R01,26,0.0,0.0,0.0,2.8564101639825363
SZ_Air,R01,27,0.0,0.0,0.0,2.8564101639825363
SZ_Air,R01,28,0.0,0.0,0.0,2.8564101639825363
SZ_Air,R01,29,0.0,0.0,0.0,2.8564101639825363
SZ_Air,R01,30,0.0,0.0,0.0,2.8564101639825363
SZ_Air,R01,31,0.0,0.0,0.0,2.8564101639825363
SZ_Air,R01,32,-0.9069194528458921,-1.4826304388884746,0.5757109860425824,3.432121150025119
SZ_Air,R01,33,-2.4564938682672066,-2.2220884022699217,-0.23440546599728496,3.197715684027834
SZ_Air,R01,34,-5.340406562306603,-5.17276476047884,-0.167641801827763,3.030073882200071
SZ_Air,R01,35,-6.748838756474166,-6.59081696682123,-0.15802178965293567,2.8720520925471353
SZ_Air,R01,36,-7.967293636252336,-7.8182464279078445,-0.14904720834449137,2.723004884202644
SZ_Air,R01,37,-8.739876632432933,-8.81581482223427,0.07593818980133626,2.7989430740039802
SZ_Air,R01,38,-9.584768190048145,-9.428932098951236,-0.15583609109690855,2.6431069829070717
SZ_Air,R01,39,-15.353203736319314,-15.137856765082919,-0.21534697123639468,2.427760011670677
SZ_Air,R01,40,-12.119829143158615,-11.941661134201278,-0.17816800895733742,2.2495920027133396
SZ_Air,R01,41,-9.827318896912635,-9.67790357868802,-0.14941531822461407,2.1001766844887255
SZ_Air,R01,42,-9.423642216115892,-9.293572664031833,-0.13006955208405913,1.9701071324046664
SZ_Air,R01,43,-0.9675884040994616,-1.0524370836741206,0.08484867957465902,2.054955811979325
SZ_Air,R01,44,-8.427296663054255e-33,-5.989472644937892e-36,-8.421307190409317e-33,2.054955811979325
SZ_Air,R01,45,-8.715206815970942e-67,-1.5658855205564895e-69,-8.699547960765377e-67,2.054955811979325
SZ_Air,R01,46,-6.170556053961438e-100,-1.854447148247852e-102,-6.152011582478959e-100,2.054955811979325
SZ_Air,R01,47,-8.189154669730496e-135,-8.897529083069395e-136,-7.299401761423556e-135,2.054955811979325
SZ_Air,R01,48,-3.723635181242461e-166,-4.9321018987282545e-170,-3.7231419710525883e-166,2.054955811979325
SZ_Air,R01,49,-6.797661195184611e-211,-4.018181753658196e-214,-6.793643013430953e-211,2.054955811979325
SZ_Air,R01,50,-1.1440110446827203e-286,-7.540985665364408e-290,-1.143256946116184e-286,2.054955811979325
SZ_Air,R01,51,0.0,0.0,0.0,2.054955811979325
SZ_Air,R01,52,0.0,0.0,0.0,2.054955811979325
SZ_Air,R01,53,0.0,0.0,0.0,2.054955811979325
SZ_Air,R01,54,0.0,0.0,0.0,2.054955811979325
SZ_Air,R01,55,0.0,0.0,0.0,2.054955811979325
SZ_Air,R01,56,-0.06962374942190791,-0.7781644581098643,0.7085407086879565,2.7634965206672817
SZ_Air,R01,57,-1.8869354102853424,-1.4797820103537191,-0.40715339993162325,2.3563431207356587
SZ_Air,R01,58,-3.5469111065129955,-3.7271731998921322,0.1802620933791368,2.5366052141147954
SZ_Air,R01,59,-5.052872925842155,-5.339830109667135,0.28695718382498026,2.8235623979397757
SZ_Air,R01,60,-6.623109290055246,-6.915288500716865,0.2921792106616188,3.1157416086013945
SZ_Air,R01,61,-7.763447351198369,-8.05651125482144,0.29306390362307155,3.408805512224466
SZ_Air,R01,62,-8.494371949759374,-8.78241024267016,0.28803829291078564,3.6968438051352517
SZ_Air,R01,63,-13.907193858045774,-14.563003196854831,0.6558093388090569,4.352653143944309
SZ_Air,R01,64,-12.662467374318677,-13.815637274103159,1.1531698997844817,5.505823043728791
SZ_Air,R01,65,-11.740794783198472,-12.754544500258685,1.0137497170602128,6.5195727607890035
SZ_Air,R01,66,-11.04742822531555,-11.964955020960598,0.917526795645049,7.4370995564340525
SZ_Air,R01,67,-3.6567218760891627,-1.5823890826847367,-2.074332793404426,5.362766763029627
SZ_Air,R01,68,-0.9131373465300379,-0.04288503988851009,-0.8702523066415278,4.492514456388099
SZ_Air,R01,69,-0.0089937500000015,-2.5240183768617334e-39,-0.0089937500000015,4.483520706388097
SZ_Air,R01,70,-4.104240133677475e-35,-7.582854649247783e-91,-4.104240133677475e-35,4.483520706388097
SZ_Air,R01,71,-2.0213894853135883e-54,-7.625384832185117e-148,-2.0213894853135883e-54,4.483520706388097
SZ_Air,R01,72,-1.457134628666563e-75,-1.5567400758153342e-223,-1.457134628666563e-75,4.483520706388097
SZ_Air,R01,73,-6.314504244438036e-109,-4.2398109784592446e-300,-6.314504244438036e-109,4.483520706388097
SZ_Air,R01,74,-5.059080124140335e-185,0.0,-5.059080124140335e-185,4.483520706388097
SZ_Air,R01,75,-1.1509627829425743e-260,0.0,-1.1509627829425743e-260,4.483520706388097
SZ_Air,R01,76,0.0,0.0,0.0,4.483520706388097
SZ_Air,R01,77,0.0,0.0,0.0,4.483520706388097
SZ_Air,R01,78,0.0,0.0,0.0,4.483520706388097
SZ_Air,R01,79,0.0,0.0,0.0,4.483520706388097
SZ_Air,R01,80,-1.5410158575404858,-1.5168550949065436,-0.02416076263394218,4.459359943754155
SZ_Air,R01,81,-2.259805895579051,-2.232732840817686,-0.0270730547613649,4.43228688899279
SZ_Air,R01,82,-4.674641266712724,-4.901539661548649,0.2268983948359251,4.659185283828715
SZ_Air,R01,83,-6.336028436672101,-6.66703390293819,0.33100546626608907,4.990190750094804
SZ_Air,R01,84,-7.718744082839259,-8.051066772242992,0.3323226894037328,5.322513439498537
SZ_Air,R01,85,-8.870090610095371,-9.199610038074775,0.32951942797940426,5.652032867477941
SZ_Air,R01,86,-9.555112862691361,-9.875553820713753,0.3204409580223917,5.972473825500333
SZ_Air,R01,87,-15.798727077960763,-16.292708206583253,0.4939811286224902,6.466454954122823
SZ_Air,R01,88,-15.022827571500498,-15.47499435660448,0.4521667851039819,6.918621739226805
SZ_Air,R01,89,-13.933499526560993,-14.343313023690964,0.4098134971299707,7.328435236356776
SZ_Air,R01,90,-13.060475076844035,-13.436250591409097,0.37577551456506164,7.704210750921837
SZ_Air,R01,91,-3.0414758198699334,-2.4820535579477085,-0.5594222619222249,7.1447884889996125
SZ_Air,R01,92,-4.614038174377089,-0.9139069446462745,-3.700131229730814,3.4446572592687983
SZ_Air,R01,93,-3.2440426323314795,-0.690239173849239,-2.5538034584822404,0.8908538007865578
SZ_Air,R01,94,-1.1420552931187968,-0.2216154068093601,-0.9204398863094367,-0.02958608552287889
SZ_Air,R01,95,-0.3207294303498778,-0.03041474630152084,-0.2903146840483569,-0.3199007695712358
SZ_Air,R01,96,-0.05709151421092846,-1.6268259674837708e-35,-0.05709151421092846,-0.37699228378216426
SZ_Air,R01,97,-1.3779093604798264e-18,-5.163260560055061e-92,-1.3779093604798264e-18,-0.37699228378216426
SZ_Air,R01,98,-4.847502081794523e-51,-4.979374794200085e-168,-4.847502081794523e-51,-0.37699228378216426
SZ_Air,R01,99,-3.3007050132414484e-84,-1.1238762099613311e-244,-3.3007050132414484e-84,-0.37699228378216426
SZ_Air,R01,100,-6.416253668848262e-117,-1.07e-320,-6.416253668848262e-117,-0.37699228378216426
SZ_Air,R01,101,-1.8765358123764847e-151,0.0,-1.8765358123764847e-151,-0.37699228378216426
SZ_Air,R01,102,-3.692417905134842e-184,0.0,-3.692417905134842e-184,-0.37699228378216426
SZ_Air,R01,103,-6.141180138084391e-218,0.0,-6.141180138084391e-218,-0.37699228378216426
SZ_Air,R01,104,-0.6661848297989417,-2.181574481589245,1.5153896517903032,1.138397368008139
SZ_Air,R01,105,-3.086563198600573,-2.8057121016511695,-0.28085109694940336,0.8575462710587356
SZ_Air,R01,106,-5.5354443864373355,-5.688049064096696,0.1526046776593608,1.0101509487180964
SZ_Air,R01,107,-6.50837319220288,-7.106994114090271,0.5986209218873908,1.6087718706054872
SZ_Air,R01,108,-8.011186517840402,-8.510108850868825,0.4989223330284229,2.10769420363391
SZ_Air,R01,109,-9.198101422991993,-9.601924822801303,0.40382339980931015,2.5115176034432203
SZ_Air,R01,110,-9.794658952471067,-10.181994610181757,0.3873356577106897,2.89885326115391
SZ_Air,R01,111,-9.869043336343315,-10.226881185000703,0.3578378486573879,3.256691109811298
SZ_Air,R01,112,-9.324106162650061,-9.645285446327328,0.32117928367726734,3.577870393488565
SZ_Air,R01,113,-9.440727374174873,-8.967062587690291,-0.47366478648458177,3.1042056070039834
SZ_Air,R01,114,-7.883323757868275,-8.153424523213934,0.2701007653456591,3.3743063723496425
SZ_Air,R01,115,-2.177804934434272,-2.119894356453371,-0.0579105779809006,3.316395794368742
SZ_Air,R01,116,-0.7489951625257899,-0.68611508478966,-0.06288007773612991,3.253515716632612
SZ_Air,R01,117,-0.4686458482170971,-0.41720173567592,-0.05144411254117709,3.2020716040914348
SZ_Air,R01,118,-0.07897630571826281,-0.060045878954614246,-0.01893042676364856,3.1831411773277862
SZ_Air,R01,119,-1.365553399292692e-12,-5.588937331066027e-16,-1.3649945055595855e-12,3.183141177326421
SZ_Air,R01,120,-1.044727646879413e-46,-2.6052794788936615e-66,-1.044727646879413e-46,3.183141177326421
SZ_Air,R01,121,-9.338416346881366e-83,-1.1373812954396636e-117,-9.338416346881366e-83,3.183141177326421
SZ_Air,R01,122,-8.793387612226753e-135,-1.5297303350012498e-169,-8.793387612226753e-135,3.183141177326421
SZ_Air,R01,123,-1.6177589606447997e-200,-1.774713501035064e-237,-1.6177589606447997e-200,3.183141177326421
SZ_Air,R01,124,-2.4761147808068163e-276,-4.11307911343e-313,-2.4761147808068163e-276,3.183141177326421
SZ_Air,R01,125,0.0,0.0,0.0,3.183141177326421
SZ_Air,R01,126,0.0,0.0,0.0,3.183141177326421
SZ_Air,R01,127,0.0,0.0,0.0,3.183141177326421
SZ_Air,R01,128,-0.7250971043074301,-2.3729840697331444,1.6478869654257142,4.831028142752135
SZ_Air,R01,129,-3.7880017168352444,-2.907920971339891,-0.8800807454953534,3.950947397256782
SZ_Air,R01,130,-6.81031306521796,-6.177653422069069,-0.6326596431488909,3.318287754107891
SZ_Air,R01,131,-7.211691772036767,-7.563273252692588,0.3515814806558213,3.6698692347637123
SZ_Air,R01,132,-8.540906135895375,-8.865328012433553,0.3244218765381781,3.9942911113018904
SZ_Air,R01,133,-9.61424977008477,-9.929878830668224,0.3156290605834542,4.309920171885345
SZ_Air,R01,134,-10.234169528074409,-10.539374928855644,0.3052054007812348,4.61512557266658
SZ_Air,R01,135,-9.810698680765721,-10.290835028353754,0.4801363475880329,5.095261920254613
SZ_Air,R01,136,-8.355404592418951,-8.711193064423673,0.35578847200472197,5.451050392259335
SZ_Air,R01,137,-6.972001269974969,-7.384686413134575,0.4126851431596057,5.86373553541894
SZ_Air,R01,138,-6.271848378374936,-6.710670937358482,0.4388225589835457,6.302558094402486
SZ_Air,R01,139,-1.2635998583688501,-1.2797782573598624,0.016178398991012255,6.318736493393498
SZ_Air,R01,140,-0.035062004753904405,-4.444919615440579e-40,-0.035062004753904405,6.283674488639593
SZ_Air,R01,141,-6.450940853306676e-27,-2.248680256834701e-74,-6.450940853306676e-27,6.283674488639593
SZ_Air,R01,142,-5.457635187796579e-60,-1.9737807496036186e-107,-5.457635187796579e-60,6.283674488639593
SZ_Air,R01,143,-1.4564502316700501e-92,-1.5085085257325414e-141,-1.4564502316700501e-92,6.283674488639593
SZ_Air,R01,144,-1.6272700834985469e-153,-1.1795576251220797e-173,-1.6272700834985469e-153,6.283674488639593
SZ_Air,R01,145,-1.100516017422414e-230,-4.339690911827781e-218,4.3396909118266805e-218,6.283674488639593
SZ_Air,R01,146,-5.64654863244125e-260,-8.200487220364782e-269,-5.646548624240763e-260,6.283674488639593
SZ_Air,R01,147,-3.3565862093184154e-280,-1.427e-320,-3.3565862093184154e-280,6.283674488639593
SZ_Air,R01,148,0.0,0.0,0.0,6.283674488639593
SZ_Air,R01,149,0.0,0.0,0.0,6.283674488639593
SZ_Air,R01,150,0.0,0.0,0.0,6.283674488639593
SZ_Air,R01,151,0.0,0.0,0.0,6.283674488639593
SZ_Air,R01,152,-0.1854254124203943,-1.5294670234510155,1.3440416110306213,7.627716099670215
SZ_Air,R01,153,-2.895278526014317,-2.178262088968857,-0.7170164370454599,6.910699662624754
SZ_Air,R01,154,-5.61244288388675,-4.819598325931354,-0.7928445579553962,6.117855104669358
SZ_Air,R01,155,-6.314744139903646,-6.254565957604821,-0.06017818229882543,6.057676922370533
SZ_Air,R01,156,-7.24368570837615,-7.503831727649364,0.2601460192732139,6.317822941643747
SZ_Air,R01,157,-8.176062502663758,-8.429300087253523,0.2532375845897654,6.571060526233512
SZ_Air,R01,158,-8.693527229796226,-8.98296014519918,0.28943291540295313,6.860493441636465
SZ_Air,R01,159,-14.269902644458284,-14.71759744327036,0.4476947988120763,7.308188240448541
SZ_Air,R01,160,-13.471054498497658,-13.883223655921622,0.4121691574239641,7.7203573978725055
SZ_Air,R01,161,-12.515105679487743,-12.89245143510896,0.3773457556212172,8.097703153493722
SZ_Air,R01,162,-11.58734044907029,-11.936242186679495,0.3489017376092054,8.446604891102927
SZ_Air,R01,163,-1.569206503809102,-1.5415094139483982,-0.02769708986070385,8.418907801242224
SZ_Air,R01,164,-0.18379033425651128,-0.06687273677424727,-0.11691759748226402,8.30199020375996
SZ_Air,R01,165,-1.200864410267217e-11,-5.654602683340948e-20,-1.2008644046126143e-11,8.301990203747952
SZ_Air,R01,166,-2.914132813343692e-44,-2.0291149922635234e-72,-2.914132813343692e-44,8.301990203747952
SZ_Air,R01,167,-5.3728135321022216e-89,-1.307458026362584e-126,-5.3728135321022216e-89,8.301990203747952
SZ_Air,R01,168,-7.781056703939239e-156,-1.205675330992426e-202,-7.781056703939239e-156,8.301990203747952
SZ_Air,R02,1,-0.0899375,-0.0899375,0.0,0.0
SZ_Air,R02,2,-7.174816801644127e-296,-7.174816801644127e-296,0.0,0.0
SZ_Air,R02,3,0.0,0.0,0.0,0.0
SZ_Air,R02,4,0.0,0.0,0.0,0.0
SZ_Air,R02,5,0.0,0.0,0.0,0.0
SZ_Air,R02,6,0.0,0.0,0.0,0.0
SZ_Air,R02,7,0.0,0.0,0.0,0.0
SZ_Air,R02,8,-0.6658891844284109,-1.2662965971172544,0.6004074126888435,0.6004074126888435
SZ_Air,R02,9,-2.0547441841682392,-1.9963653797028758,-0.058378804465363476,0.54202860822348
SZ_Air,R02,10,-4.304954855490587,-4.581376054732284,0.27642119924169695,0.8184498074651769
SZ_Air,R02,11,-6.102802330959417,-6.177935034968507,0.07513270400909011,0.893582511474267
SZ_Air,R02,12,-7.226617268067407,-7.550796447484005,0.324179179416598,1.217761690890865
SZ_Air,R02,13,-8.191281674399962,-8.50667939512071,0.3153977207207479,1.533159411611613
SZ_Air,R02,14,-8.70305593875132,-9.007093810006783,0.30403787125546344,1.8371972828670764
SZ_Air,R02,15,-14.291447589966014,-14.758885128810325,0.4674375388443117,2.304634821711388
SZ_Air,R02,16,-13.671553501329488,-14.103477454913062,0.43192395358357416,2.736558775294962
SZ_Air,R02,17,-11.884327447148085,-12.271886804528688,0.3875593573806029,3.124118132675565
SZ_Air,R02,18,-10.093287161619529,-10.435548787444565,0.34226162582503683,3.4663797585006018
SZ_Air,R02,19,-1.1176166803038625,-1.1689839334129668,0.05136725310910428,3.517747011609706
SZ_Air,R02,20,-1.3180353320652141e-39,-4.841609121568229e-50,-1.318035332016798e-39,3.517747011609706
SZ_Air,R02,21,-4.062657734631828e-72,-1.7490643925812472e-101,-4.062657734631828e-72,3.517747011609706
SZ_Air,R02,22,-7.043828962885121e-106,-4.33987333364253e-152,-7.043828962885121e-106,3.517747011609706
SZ_Air,R02,23,-1.2774120157489e-138,-1.0516993246073684e-203,-1.2774120157489e-138,3.517747011609706
SZ_Air,R02,24,-5.995264067214022e-172,-7.9211785913345975e-255,-5.995264067214022e-172,3.517747011609706
SZ_Air,R02,25,-1.5610279564151526e-216,-3.88386656694e-312,-1.5610279564151526e-216,3.517747011609706
SZ_Air,R02,26,-8.133738583175237e-293,0.0,-8.133738583175237e-293,3.517747011609706
SZ_Air,R02,27,0.0,0.0,0.0,3.517747011609706
SZ_Air,R02,28,0.0,0.0,0.0,3.517747011609706
SZ_Air,R02,29,0.0,0.0,0.0,3.517747011609706
SZ_Air,R02,30,0.0,0.0,0.0,3.517747011609706
SZ_Air,R02,31,0.0,0.0,0.0,3.517747011609706
SZ_Air,R02,32,-0.7410519245799285,-1.4826304388884746,0.741578514308546,4.259325525918252
SZ_Air,R02,33,-2.4800243654682177,-2.2220884022699217,-0.25793596319829604,4.001389562719956
SZ_Air,R02,34,-4.991362939863363,-5.17276476047884,0.18140182061547705,4.182791383335433
SZ_Air,R02,35,-6.631024497302694,-6.59081696682123,-0.04020753048146375,4.142583852853969
SZ_Air,R02,36,-7.595673285773735,-7.8182464279078445,0.2225731421341095,4.365156994988078
SZ_Air,R02,37,-8.595875917190627,-8.81581482223427,0.21993890504364266,4.585095900031721
SZ_Air,R02,38,-9.210559731458828,-9.428932098951236,0.21837236749240851,4.80346826752413
SZ_Air,R02,39,-14.797945540543887,-15.137856765082919,0.33991122453903166,5.143379492063161
SZ_Air,R02,40,-11.651264753315196,-11.941661134201278,0.2903963808860812,5.4337758729492425
SZ_Air,R02,41,-9.4276361143982,-9.67790357868802,0.25026746428981994,5.684043337239062
SZ_Air,R02,42,-9.429023728417597,-9.293572664031833,-0.13545106438576404,5.548592272853298
SZ_Air,R02,43,-1.0083867200083256,-1.0524370836741206,0.044050363665794956,5.592642636519093
SZ_Air,R02,44,-4.014499958719733e-10,-5.989472644937892e-36,-4.014499958719733e-10,5.592642636117643
SZ_Air,R02,45,-1.138865221707427e-09,-1.5658855205564895e-69,-1.138865221707427e-09,5.592642634978778
SZ_Air,R02,46,-9.047216859808427e-10,-1.854447148247852e-102,-9.047216859808427e-10,5.592642634074056
SZ_Air,R02,47,-9.5659712449984e-10,-8.897529083069395e-136,-9.5659712449984e-10,5.592642633117459
SZ_Air,R02,48,-9.283961013450834e-10,-4.9321018987282545e-170,-9.283961013450834e-10,5.5926426321890625
SZ_Air,R02,49,-2.659318701115942e-30,-4.018181753658196e-214,-2.659318701115942e-30,5.5926426321890625
SZ_Air,R02,50,-9.384005692850844e-107,-7.540985665364408e-290,-9.384005692850844e-107,5.5926426321890625
SZ_Air,R02,51,-1.033502156099078e-181,0.0,-1.033502156099078e-181,5.5926426321890625
SZ_Air,R02,52,-1.3799778693717897e-257,0.0,-1.3799778693717897e-257,5.5926426321890625
SZ_Air,R02,53,0.0,0.0,0.0,5.5926426321890625
SZ_Air,R02,54,0.0,0.0,0.0,5.5926426321890625
SZ_Air,R02,55,0.0,0.0,0.0,5.5926426321890625
SZ_Air,R02,56,-0.2697634017450332,-0.7781644581098643,0.5084010563648311,6.101043688553894
SZ_Air,R02,57,-1.5548489610918041,-1.4797820103537191,-0.075066950738085,6.0259767378158084
SZ_Air,R02,58,-3.5766839197961935,-3.7271731998921322,0.15048928009593876,6.176466017911747
SZ_Air,R02,59,-5.178102599624367,-5.339830109667135,0.16172751004276797,6.338193527954515
SZ_Air,R02,60,-6.741117634505442,-6.915288500716865,0.17417086621142275,6.512364394165938
SZ_Air,R02,61,-7.874098680459825,-8.05651125482144,0.1824125743616154,6.694776968527553
SZ_Air,R02,62,-8.596152220811001,-8.78241024267016,0.18625802185915852,6.881034990386712
SZ_Air,R02,63,-13.47744274698927,-14.563003196854831,1.0855604498655609,7.966595440252273
SZ_Air,R02,64,-12.856227357446697,-13.815637274103159,0.9594099166564618,8.926005356908735
SZ_Air,R02,65,-11.895850328470821,-12.754544500258685,0.8586941717878638,9.7846995286966
SZ_Air,R02,66,-11.18036078780609,-11.964955020960598,0.7845942331545075,10.569293761851107
SZ_Air,R02,67,-2.0332379805448695,-1.5823890826847367,-0.4508488978601328,10.118444863990973
SZ_Air,R02,68,-0.1499833887323295,-0.04288503988851009,-0.10709834884381941,10.011346515147153
SZ_Air,R02,69,-3.753857893184971e-18,-2.5240183768617334e-39,-3.753857893184971e-18,10.011346515147153
SZ_Air,R02,70,-2.2605484690111383e-50,-7.582854649247783e-91,-2.2605484690111383e-50,10.011346515147153
SZ_Air,R02,71,-9.729005898617666e-84,-7.625384832185117e-148,-9.729005898617666e-84,10.011346515147153
SZ_Air,R02,72,-1.6073150452607494e-155,-1.5567400758153342e-223,-1.6073150452607494e-155,10.011346515147153
SZ_Air,R02,73,-3.572081798761496e-232,-4.2398109784592446e-300,-3.572081798761496e-232,10.011346515147153
SZ_Air,R02,74,-1.975871245777281e-308,0.0,-1.975871245777281e-308,10.011346515147153
SZ_Air,R02,75,0.0,0.0,0.0,10.011346515147153
SZ_Air,R02,76,0.0,0.0,0.0,10.011346515147153
SZ_Air,R02,77,0.0,0.0,0.0,10.011346515147153
SZ_Air,R02,78,0.0,0.0,0.0,10.011346515147153
SZ_Air,R02,79,0.0,0.0,0.0,10.011346515147153
SZ_Air,R02,80,-0.8125688452936508,-1.5168550949065436,0.7042862496128928,10.715632764760045
SZ_Air,R02,81,-2.425643975185548,-2.232732840817686,-0.19291113436786178,10.522721630392184
SZ_Air,R02,82,-4.911651741887602,-4.901539661548649,-0.010112080338952723,10.51260955005323
SZ_Air,R02,83,-6.990464631623279,-6.66703390293819,-0.32343072868508926,10.189178821368142
SZ_Air,R02,84,-8.345028081155034,-8.051066772242992,-0.2939613089120421,9.8952175124561
SZ_Air,R02,85,-9.472818236325697,-9.199610038074775,-0.2732081982509218,9.622009314205178
SZ_Air,R02,86,-10.12525245222941,-9.875553820713753,-0.2496986315156562,9.372310682689521
SZ_Air,R02,87,-16.657867138012392,-16.292708206583253,-0.36515893142913924,9.007151751260382
SZ_Air,R02,88,-15.794382152855352,-15.47499435660448,-0.3193877962508722,8.68776395500951
SZ_Air,R02,89,-14.620267356879715,-14.343313023690964,-0.2769543331887512,8.410809621820759
SZ_Air,R02,90,-12.907777069541915,-13.436250591409097,0.5284735218671823,8.939283143687941
SZ_Air,R02,91,-2.900675461817402,-2.4820535579477085,-0.41862190386969367,8.520661239818248
SZ_Air,R02,92,-1.0096853206966174,-0.9139069446462745,-0.0957783760503429,8.424882863767905
SZ_Air,R02,93,-0.7751896953760951,-0.690239173849239,-0.084950521526856,8.339932342241049
SZ_Air,R02,94,-0.261236612538463,-0.2216154068093601,-0.03962120572910288,8.300311136511946
SZ_Air,R02,95,-0.04859808867992399,-0.03041474630152084,-0.01818334237840315,8.282127794133542
SZ_Air,R02,96,-3.787007772077699e-30,-1.6268259674837708e-35,-3.786991503818024e-30,8.282127794133542
SZ_Air,R02,97,-3.0908958079338472e-86,-5.163260560055061e-92,-3.090890644673287e-86,8.282127794133542
SZ_Air,R02,98,-1.6020958306167198e-162,-4.979374794200085e-168,-1.6020908512419257e-162,8.282127794133542
SZ_Air,R02,99,-3.67905069550864e-238,-1.1238762099613311e-244,-3.67904957163243e-238,8.282127794133542
SZ_Air,R02,100,-6.003155871e-314,-1.07e-320,-6.0031548006e-314,8.282127794133542
SZ_Air,R02,101,0.0,0.0,0.0,8.282127794133542
SZ_Air,R02,102,0.0,0.0,0.0,8.282127794133542
SZ_Air,R02,103,0.0,0.0,0.0,8.282127794133542
SZ_Air,R02,104,-1.2008903731277574,-2.181574481589245,0.9806841084614875,9.262811902595029
SZ_Air,R02,105,-2.507358812236814,-2.8057121016511695,0.2983532894143557,9.561165192009385
SZ_Air,R02,106,-5.8357997338042935,-5.688049064096696,-0.1477506697075972,9.413414522301789
SZ_Air,R02,107,-6.969017995945313,-7.106994114090271,0.13797611814495792,9.551390640446748
SZ_Air,R02,108,-8.326340925744613,-8.510108850868825,0.18376792512421147,9.73515856557096
SZ_Air,R02,109,-9.411601900967224,-9.601924822801303,0.1903229218340794,9.925481487405039
SZ_Air,R02,110,-9.989743018820814,-10.181994610181757,0.19225159136094305,10.117733078765982
SZ_Air,R02,111,-10.072038711879227,-10.226881185000703,0.1548424731214766,10.272575551887458
SZ_Air,R02,112,-9.474305327060321,-9.645285446327328,0.17098011926700707,10.443555671154465
SZ_Air,R02,113,-8.981266303998556,-8.967062587690291,-0.014203716308264447,10.4293519548462
SZ_Air,R02,114,-8.220889461543113,-8.153424523213934,-0.06746493832917899,10.361887016517022
SZ_Air,R02,115,-2.3414380465710676,-2.119894356453371,-0.22154369011769637,10.140343326399325
SZ_Air,R02,116,-0.8510288445468139,-0.68611508478966,-0.16491375975715394,9.975429566642172
SZ_Air,R02,117,-0.5610763778389132,-0.41720173567592,-0.14387464216299317,9.831554924479178
SZ_Air,R02,118,-0.1220849300492647,-0.060045878954614246,-0.06203905109465045,9.769515873384528
SZ_Air,R02,119,-0.0026611896638399067,-5.588937331066027e-16,-0.0026611896638393476,9.766854683720688
SZ_Air,R02,120,-7.243631483670591e-36,-2.6052794788936615e-66,-7.243631483670591e-36,9.766854683720688
SZ_Air,R02,121,-7.185284540112567e-80,-1.1373812954396636e-117,-7.185284540112567e-80,9.766854683720688
SZ_Air,R02,122,-9.142999692171538e-157,-1.5297303350012498e-169,-9.142999692170008e-157,9.766854683720688
SZ_Air,R02,123,-1.1182616073739112e-232,-1.774713501035064e-237,-1.1182438602389009e-232,9.766854683720688
SZ_Air,R02,124,-1.3494685246386333e-308,-4.11307911343e-313,-1.349427393847499e-308,9.766854683720688
SZ_Air,R02,125,0.0,0.0,0.0,9.766854683720688
SZ_Air,R02,126,0.0,0.0,0.0,9.766854683720688
SZ_Air,R02,127,0.0,0.0,0.0,9.766854683720688
SZ_Air,R02,128,-0.6147778842774086,-2.3729840697331444,1.7582061854557356,11.525060869176423
SZ_Air,R02,129,-3.6958930389648086,-2.907920971339891,-0.7879720676249176,10.737088801551506
SZ_Air,R02,130,-6.448280176449025,-6.177653422069069,-0.27062675437995587,10.46646204717155
SZ_Air,R02,131,-7.681817546650613,-7.563273252692588,-0.11854429395802502,10.347917753213526
SZ_Air,R02,132,-8.967976065369328,-8.865328012433553,-0.10264805293577517,10.24526970027775
SZ_Air,R02,133,-10.017986491649689,-9.929878830668224,-0.08810766098146416,10.157162039296287
SZ_Air,R02,134,-10.612685707000896,-10.539374928855644,-0.07331077814525244,10.083851261151034
SZ_Air,R02,135,-10.151608170338191,-10.290835028353754,0.13922685801556334,10.223078119166598
SZ_Air,R02,136,-8.45356778757393,-8.711193064423673,0.257625276849744,10.480703396016342
SZ_Air,R02,137,-7.168598431409729,-7.384686413134575,0.21608798172484622,10.696791377741189
SZ_Air,R02,138,-6.371733035254142,-6.710670937358482,0.33893790210434016,11.03572927984553
SZ_Air,R02,139,-1.226675069112189,-1.2797782573598624,0.05310318824767335,11.088832468093203
SZ_Air,R02,140,-0.024222854843649798,-4.444919615440579e-40,-0.024222854843649798,11.064609613249553
SZ_Air,R02,141,-2.3673485579823585e-31,-2.248680256834701e-74,-2.3673485579823585e-31,11.064609613249553
SZ_Air,R02,142,-9.729130366728055e-65,-1.9737807496036186e-107,-9.729130366728055e-65,11.064609613249553
SZ_Air,R02,143,-1.2134870507688852e-98,-1.5085085257325414e-141,-1.2134870507688852e-98,11.064609613249553
SZ_Air,R02,144,-4.72094017761868e-163,-1.1795576251220797e-173,-4.720940177500724e-163,11.064609613249553
SZ_Air,R02,145,-4.95437396734843e-239,-4.339690911827781e-218,4.339690911827781e-218,11.064609613249553
SZ_Air,R02,146,-1.0264123100881445e-292,-8.200487220364782e-269,8.200487220364782e-269,11.064609613249553
SZ_Air,R02,147,0.0,-1.427e-320,1.427e-320,11.064609613249553
SZ_Air,R02,148,0.0,0.0,0.0,11.064609613249553
SZ_Air,R02,149,0.0,0.0,0.0,11.064609613249553
SZ_Air,R02,150,0.0,0.0,0.0,11.064609613249553
SZ_Air,R02,151,0.0,0.0,0.0,11.064609613249553
SZ_Air,R02,152,-0.7821294292815912,-1.5294670234510155,0.7473375941694242,11.811947207418978
SZ_Air,R02,153,-1.9660244059014798,-2.178262088968857,0.21223768306737711,12.024184890486355
SZ_Air,R02,154,-4.836327623895427,-4.819598325931354,-0.016729297964072742,12.007455592522282
SZ_Air,R02,155,-6.141068175996182,-6.254565957604821,0.11349778160863888,12.12095337413092
SZ_Air,R02,156,-7.494072016452136,-7.503831727649364,0.009759711197228071,12.130713085328148
SZ_Air,R02,157,-8.376706921872358,-8.429300087253523,0.05259316538116465,12.183306250709313
SZ_Air,R02,158,-8.871845037339508,-8.98296014519918,0.11111510785967127,12.294421358568984
SZ_Air,R02,159,-14.33868055597709,-14.71759744327036,0.3789168872932702,12.673338245862254
SZ_Air,R02,160,-13.535813950213006,-13.883223655921622,0.34740970570861585,13.02074795157087
SZ_Air,R02,161,-12.546856114568534,-12.89245143510896,0.34559532054042563,13.366343272111296
SZ_Air,R02,162,-11.55339946753444,-11.936242186679495,0.38284271914505474,13.74918599125635
SZ_Air,R02,163,-1.5678220272935084,-1.5415094139483982,-0.026312613345110147,13.72287337791124
SZ_Air,R02,164,-0.2025981338869238,-0.06687273677424727,-0.13572539711267653,13.587147980798564
SZ_Air,R02,165,-3.1957312385358436e-11,-5.654602683340948e-20,-3.195731232881241e-11,13.587147980766607
SZ_Air,R02,166,-8.515619233385249e-61,-2.0291149922635234e-72,-8.515619233364957e-61,13.587147980766607
SZ_Air,R02,167,-4.558757080165294e-112,-1.307458026362584e-126,-4.558757080165281e-112,13.587147980766607
SZ_Air,R02,168,-5.645854302984887e-177,-1.205675330992426e-202,-5.645854302984887e-177,13.587147980766607
SZ_Air,R03,1,-0.0899375,-0.0899375,0.0,0.0
SZ_Air,R03,2,-7.174816801644127e-296,-7.174816801644127e-296,0.0,0.0
SZ_Air,R03,3,0.0,0.0,0.0,0.0
SZ_Air,R03,4,0.0,0.0,0.0,0.0
SZ_Air,R03,5,0.0,0.0,0.0,0.0
SZ_Air,R03,6,0.0,0.0,0.0,0.0
SZ_Air,R03,7,0.0,0.0,0.0,0.0
SZ_Air,R03,8,-1.2662965971172546,-1.2662965971172544,-2.220446049250313e-16,-2.220446049250313e-16
SZ_Air,R03,9,-1.9963653797028755,-1.9963653797028758,2.220446049250313e-16,0.0
SZ_Air,R03,10,-4.2300693814393,-4.581376054732284,0.35130667329298415,0.35130667329298415
SZ_Air,R03,11,-6.033185626186757,-6.177935034968507,0.1447494087817498,0.49605608207473395
SZ_Air,R03,12,-7.400669806381342,-7.550796447484005,0.15012664110266272,0.6461827231773967
SZ_Air,R03,13,-8.106852081316672,-8.50667939512071,0.39982731380403713,1.0460100369814338
SZ_Air,R03,14,-8.632200926258212,-9.007093810006783,0.3748928837485703,1.4209029207300041
SZ_Air,R03,15,-14.189980925616288,-14.758885128810325,0.5689042031940374,1.9898071239240416
SZ_Air,R03,16,-13.583381102241413,-14.103477454913062,0.5200963526716489,2.5099034765956905
SZ_Air,R03,17,-11.808675467817835,-12.271886804528688,0.46321133671085235,2.973114813306543
SZ_Air,R03,18,-10.028551819571906,-10.435548787444565,0.4069969678726597,3.3801117811792025
SZ_Air,R03,19,-1.6682461226750418,-1.1689839334129668,-0.499262189262075,2.8808495919171273
SZ_Air,R03,20,-0.6299171531571722,-4.841609121568229e-50,-0.6299171531571722,2.250932438759955
SZ_Air,R03,21,-0.9831532871254273,-1.7490643925812472e-101,-0.9831532871254273,1.267779151634528
SZ_Air,R03,22,-0.33788048874839877,-4.33987333364253e-152,-0.33788048874839877,0.9298986628861292
SZ_Air,R03,23,-0.1024206429720701,-1.0516993246073684e-203,-0.1024206429720701,0.8274780199140591
SZ_Air,R03,24,-6.624944826622962e-05,-7.9211785913345975e-255,-6.624944826622962e-05,0.8274117704657928
SZ_Air,R03,25,-2.2257012228866744e-44,-3.88386656694e-312,-2.2257012228866744e-44,0.8274117704657928
SZ_Air,R03,26,-2.0394837341443395e-93,0.0,-2.0394837341443395e-93,0.8274117704657928
SZ_Air,R03,27,-5.1616143499448904e-145,0.0,-5.1616143499448904e-145,0.8274117704657928
SZ_Air,R03,28,-1.0066080145155886e-196,0.0,-1.0066080145155886e-196,0.8274117704657928
SZ_Air,R03,29,-8.661510383917922e-247,0.0,-8.661510383917922e-247,0.8274117704657928
SZ_Air,R03,30,-2.2367786682458455e-298,0.0,-2.2367786682458455e-298,0.8274117704657928
SZ_Air,R03,31,0.0,0.0,0.0,0.8274117704657928
SZ_Air,R03,32,-0.8020817179131416,-1.4826304388884746,0.6805487209753329,1.5079604914411258
SZ_Air,R03,33,-2.3749286381084955,-2.2220884022699217,-0.15284023583857387,1.355120255602552
SZ_Air,R03,34,-5.200038782442947,-5.17276476047884,-0.02727402196410722,1.3278462336384447
SZ_Air,R03,35,-6.1945165170551695,-6.59081696682123,0.39630044976606094,1.7241466834045056
SZ_Air,R03,36,-7.6770846185077195,-7.8182464279078445,0.14116180940012502,1.8653084928046306
SZ_Air,R03,37,-8.672041007566847,-8.81581482223427,0.14377381466742278,2.0090823074720534
SZ_Air,R03,38,-9.149142257846792,-9.428932098951236,0.27978984110444394,2.2888721485764973
SZ_Air,R03,39,-14.51268501039708,-15.137856765082919,0.6251717546858391,2.9140439032623364
SZ_Air,R03,40,-11.416825818356907,-11.941661134201278,0.5248353158443706,3.438879219106707
SZ_Air,R03,41,-9.230737723141491,-9.67790357868802,0.44716585554652966,3.8860450746532367
SZ_Air,R03,42,-8.891580549579041,-9.293572664031833,0.40199211445279204,4.288037189106029
SZ_Air,R03,43,-0.9918122835520266,-1.0524370836741206,0.060624800122094036,4.348661989228122
SZ_Air,R03,44,-7.25718264093691e-33,-5.989472644937892e-36,-7.251193168291972e-33,4.348661989228122
SZ_Air,R03,45,-4.060145169429614e-66,-1.5658855205564895e-69,-4.0585792839090573e-66,4.348661989228122
SZ_Air,R03,46,-9.333145227883617e-100,-1.854447148247852e-102,-9.31460075640114e-100,4.348661989228122
SZ_Air,R03,47,-1.2375380728774782e-132,-8.897529083069395e-136,-1.2366483199691713e-132,4.348661989228122
SZ_Air,R03,48,-7.399684514102058e-166,-4.9321018987282545e-170,-7.399191303912185e-166,4.348661989228122
SZ_Air,R03,49,-6.042850922744572e-212,-4.018181753658196e-214,-6.00266910520799e-212,4.348661989228122
SZ_Air,R03,50,-2.28154404532676e-287,-7.540985665364408e-290,-2.2740030596613954e-287,4.348661989228122
SZ_Air,R03,51,0.0,0.0,0.0,4.348661989228122
SZ_Air,R03,52,0.0,0.0,0.0,4.348661989228122
SZ_Air,R03,53,0.0,0.0,0.0,4.348661989228122
SZ_Air,R03,54,0.0,0.0,0.0,4.348661989228122
SZ_Air,R03,55,0.0,0.0,0.0,4.348661989228122
SZ_Air,R03,56,-0.0848804015283298,-0.7781644581098643,0.6932840565815346,5.041946045809657
SZ_Air,R03,57,-1.265553424704597,-1.4797820103537191,0.21422858564912217,5.256174631458779
SZ_Air,R03,58,-3.4845784212505446,-3.7271731998921322,0.24259477864158763,5.498769410100367
SZ_Air,R03,59,-5.282918142034868,-5.339830109667135,0.056911967632267135,5.555681377732634
SZ_Air,R03,60,-6.838615100511115,-6.915288500716865,0.07667340020574986,5.632354777938384
SZ_Air,R03,61,-7.969105579551233,-8.05651125482144,0.08740567527020815,5.719760453208592
SZ_Air,R03,62,-8.688560904206708,-8.78241024267016,0.09384933846345156,5.813609791672044
SZ_Air,R03,63,-13.975546204454343,-14.563003196854831,0.5874569924004884,6.401066784072532
SZ_Air,R03,64,-13.289150697930442,-13.815637274103159,0.5264865761727169,6.927553360245249
SZ_Air,R03,65,-12.278884112885583,-12.754544500258685,0.475660387373102,7.403213747618351
SZ_Air,R03,66,-11.52604982660352,-11.964955020960598,0.4389051943570781,7.842118941975429
SZ_Air,R03,67,-1.598897249042248,-1.5823890826847367,-0.01650816635751129,7.825610775617918
SZ_Air,R03,68,-0.3188389305265402,-0.04288503988851009,-0.2759538906380301,7.549656884979887
SZ_Air,R03,69,-9.24666110837778e-05,-2.5240183768617334e-39,-9.24666110837778e-05,7.549564418368804
SZ_Air,R03,70,-5.475708144689794e-50,-7.582854649247783e-91,-5.475708144689794e-50,7.549564418368804
SZ_Air,R03,71,-2.0805952810011146e-102,-7.625384832185117e-148,-2.0805952810011146e-102,7.549564418368804
SZ_Air,R03,72,-1.73417476702109e-179,-1.5567400758153342e-223,-1.73417476702109e-179,7.549564418368804
SZ_Air,R03,73,-3.573927181053448e-255,-4.2398109784592446e-300,-3.573927181053448e-255,7.549564418368804
SZ_Air,R03,74,0.0,0.0,0.0,7.549564418368804
SZ_Air,R03,75,0.0,0.0,0.0,7.549564418368804
SZ_Air,R03,76,0.0,0.0,0.0,7.549564418368804
SZ_Air,R03,77,0.0,0.0,0.0,7.549564418368804
SZ_Air,R03,78,-0.00539625,0.0,-0.00539625,7.544168168368803
SZ_Air,R03,79,-0.00539625,0.0,-0.00539625,7.538771918368803
SZ_Air,R03,80,-0.6753689906750432,-1.5168550949065436,0.8414861042315004,8.380258022600303
SZ_Air,R03,81,-2.4182546608624387,-2.232732840817686,-0.1855218200447526,8.19473620255555
SZ_Air,R03,82,-4.988709341757753,-4.901539661548649,-0.08716968020910354,8.107566522346445
SZ_Air,R03,83,-6.519621690544296,-6.66703390293819,0.14741221239389368,8.25497873474034
SZ_Air,R03,84,-7.897677660019323,-8.051066772242992,0.15338911222366924,8.408367846964008
SZ_Air,R03,85,-9.038469620871236,-9.199610038074775,0.1611404172035389,8.569508264167547
SZ_Air,R03,86,-9.70960038626043,-9.875553820713753,0.1659534344533231,8.73546169862087
SZ_Air,R03,87,-15.899411272486459,-16.292708206583253,0.393296934096794,9.128758632717664
SZ_Air,R03,88,-15.021760522416667,-15.47499435660448,0.45323383418781304,9.581992466905477
SZ_Air,R03,89,-13.8807675713142,-14.343313023690964,0.46254545237676403,10.044537919282241
SZ_Air,R03,90,-13.012023189990039,-13.436250591409097,0.4242274014190581,10.4687653207013
SZ_Air,R03,91,-2.8350060599220375,-2.4820535579477085,-0.3529525019743289,10.11581281872697
SZ_Air,R03,92,-1.4174327645961642,-0.9139069446462745,-0.5035258199498897,9.612286998777082
SZ_Air,R03,93,-1.1376075761585374,-0.690239173849239,-0.4473684023092983,9.164918596467784
SZ_Air,R03,94,-0.43460483105492487,-0.2216154068093601,-0.21298942424556477,8.951929172222219
SZ_Air,R03,95,-0.1889046978632681,-0.03041474630152084,-0.15848995156174728,8.79343922066047
SZ_Air,R03,96,-0.006561256702826021,-1.6268259674837708e-35,-0.006561256702826021,8.786877963957645
SZ_Air,R03,97,-9.357546433153323e-49,-5.163260560055061e-92,-9.357546433153323e-49,8.786877963957645
SZ_Air,R03,98,-3.281621879011123e-125,-4.979374794200085e-168,-3.281621879011123e-125,8.786877963957645
SZ_Air,R03,99,-1.4410677988328405e-201,-1.1238762099613311e-244,-1.4410677988328405e-201,8.786877963957645
SZ_Air,R03,100,-1.2568091208489688e-277,-1.07e-320,-1.2568091208489688e-277,8.786877963957645
SZ_Air,R03,101,0.0,0.0,0.0,8.786877963957645
SZ_Air,R03,102,-0.00539625,0.0,-0.00539625,8.781481713957644
SZ_Air,R03,103,0.0,0.0,0.0,8.781481713957644
SZ_Air,R03,104,-2.2390147251584267,-2.181574481589245,-0.05744024356918187,8.724041470388462
SZ_Air,R03,105,-2.4361494319392003,-2.8057121016511695,0.36956266971196916,9.093604140100432
SZ_Air,R03,106,-5.687978570994805,-5.688049064096696,7.049310189088942e-05,9.093674633202323
SZ_Air,R03,107,-7.0914116860664205,-7.106994114090271,0.015582428023850348,9.109257061226174
SZ_Air,R03,108,-8.484335659207057,-8.510108850868825,0.02577319166176828,9.135030252887942
SZ_Air,R03,109,-9.267424545845671,-9.601924822801303,0.334500276955632,9.469530529843574
SZ_Air,R03,110,-9.921132703078266,-10.181994610181757,0.2608619071034912,9.730392436947065
SZ_Air,R03,111,-10.001705013092682,-10.226881185000703,0.22517617190802142,9.955568608855087
SZ_Air,R03,112,-9.221532690078172,-9.645285446327328,0.4237527562491561,10.379321365104243
SZ_Air,R03,113,-8.555048286930672,-8.967062587690291,0.4120143007596191,10.791335665863862
SZ_Air,R03,114,-7.783875059844101,-8.153424523213934,0.3695494633698324,11.160885129233694
SZ_Air,R03,115,-2.2909791584378323,-2.119894356453371,-0.17108480198446108,10.989800327249233
SZ_Air,R03,116,-0.866816504343583,-0.68611508478966,-0.18070141955392305,10.80909890769531
SZ_Air,R03,117,-0.5711757541816682,-0.41720173567592,-0.1539740185057482,10.655124889189562
SZ_Air,R03,118,-0.1260865880060188,-0.060045878954614246,-0.06604070905140455,10.589084180138157
SZ_Air,R03,119,-0.0035149415764352833,-5.588937331066027e-16,-0.0035149415764347243,10.585569238561721
SZ_Air,R03,120,-3.7069271120928043e-10,-2.6052794788936615e-66,-3.7069271120928043e-10,10.58556923819103
SZ_Air,R03,121,-1.8859486710276033e-19,-1.1373812954396636e-117,-1.8859486710276033e-19,10.58556923819103
SZ_Air,R03,122,-2.0871296497467537e-70,-1.5297303350012498e-169,-2.0871296497467537e-70,10.58556923819103
SZ_Air,R03,123,-1.7626274135818385e-131,-1.774713501035064e-237,-1.7626274135818385e-131,10.58556923819103
SZ_Air,R03,124,-2.1014429670271264e-207,-4.11307911343e-313,-2.1014429670271264e-207,10.58556923819103
SZ_Air,R03,125,-8.270122862975046e-284,0.0,-8.270122862975046e-284,10.58556923819103
SZ_Air,R03,126,0.0,0.0,0.0,10.58556923819103
SZ_Air,R03,127,0.0,0.0,0.0,10.58556923819103
SZ_Air,R03,128,-0.1274508703329047,-2.3729840697331444,2.2455331994002394,12.83110243759127
SZ_Air,R03,129,-2.817321250963706,-2.907920971339891,0.09059972037618502,12.921702157967454
SZ_Air,R03,130,-6.138437154843368,-6.177653422069069,0.03921626722570082,12.960918425193155
SZ_Air,R03,131,-7.502176808413328,-7.563273252692588,0.06109644427926053,13.022014869472414
SZ_Air,R03,132,-8.93035860230863,-8.865328012433553,-0.06503058987507693,12.956984279597338
SZ_Air,R03,133,-10.130625732378972,-9.929878830668224,-0.2007469017107475,12.75623737788659
SZ_Air,R03,134,-10.694276585170241,-10.539374928855644,-0.15490165631459796,12.601335721571992
SZ_Air,R03,135,-10.024420736638847,-10.290835028353754,0.2664142917149075,12.8677500132869
SZ_Air,R03,136,-8.524869234649868,-8.711193064423673,0.18632382977380502,13.054073843060705
SZ_Air,R03,137,-7.221065302735776,-7.384686413134575,0.16362111039879856,13.217694953459503
SZ_Air,R03,138,-6.55820854355438,-6.710670937358482,0.1524623938041021,13.370157347263605
SZ_Air,R03,139,-1.371064875771011,-1.2797782573598624,-0.09128661841114871,13.278870728852457
SZ_Air,R03,140,-0.06620650842102226,-4.444919615440579e-40,-0.06620650842102226,13.212664220431435
SZ_Air,R03,141,-2.6204670162395746e-29,-2.248680256834701e-74,-2.6204670162395746e-29,13.212664220431435
SZ_Air,R03,142,-9.796596648969765e-81,-1.9737807496036186e-107,-9.796596648969765e-81,13.212664220431435
SZ_Air,R03,143,-1.0354369009090256e-131,-1.5085085257325414e-141,-1.0354369007581748e-131,13.212664220431435
SZ_Air,R03,144,-5.457667788046812e-192,-1.1795576251220797e-173,1.1795576251220797e-173,13.212664220431435
SZ_Air,R03,145,-9.55488887649575e-267,-4.339690911827781e-218,4.339690911827781e-218,13.212664220431435
SZ_Air,R03,146,-4.765145977376408e-299,-8.200487220364782e-269,8.200487220364782e-269,13.212664220431435
SZ_Air,R03,147,0.0,-1.427e-320,1.427e-320,13.212664220431435
SZ_Air,R03,148,0.0,0.0,0.0,13.212664220431435
SZ_Air,R03,149,0.0,0.0,0.0,13.212664220431435
SZ_Air,R03,150,0.0,0.0,0.0,13.212664220431435
SZ_Air,R03,151,0.0,0.0,0.0,13.212664220431435
SZ_Air,R03,152,-0.022484375,-1.5294670234510155,1.5069826484510154,14.71964686888245
SZ_Air,R03,153,-2.19925128506821,-2.178262088968857,-0.020989196099353347,14.698657672783096
SZ_Air,R03,154,-5.146388256936252,-4.819598325931354,-0.32678993100489784,14.371867741778198
SZ_Air,R03,155,-6.686583836304509,-6.254565957604821,-0.4320178786996882,13.93984986307851
SZ_Air,R03,156,-7.901595078345279,-7.503831727649364,-0.3977633506959153,13.542086512382596
SZ_Air,R03,157,-8.796535434917775,-8.429300087253523,-0.36723534766425203,13.174851164718344
SZ_Air,R03,158,-9.316679033117932,-8.98296014519918,-0.3337188879187529,12.841132276799591
SZ_Air,R03,159,-15.203403018129626,-14.71759744327036,-0.4858055748592651,12.355326701940326
SZ_Air,R03,160,-14.306590543722308,-13.883223655921622,-0.423366887800686,11.93195981413964
SZ_Air,R03,161,-13.259628004719357,-12.89245143510896,-0.3671765696103968,11.564783244529243
SZ_Air,R03,162,-12.256208690586293,-11.936242186679495,-0.31996650390679804,11.244816740622445
SZ_Air,R03,163,-2.0834852657991645,-1.5415094139483982,-0.5419758518507662,10.702840888771679
SZ_Air,R03,164,-0.11497963940120919,-0.06687273677424727,-0.04810690262696192,10.654733986144716
SZ_Air,R03,165,-4.058006800968583e-14,-5.654602683340948e-20,-4.0580011463659e-14,10.654733986144675
SZ_Air,R03,166,-9.89470886639313e-47,-2.0291149922635234e-72,-9.89470886639313e-47,10.654733986144675
SZ_Air,R03,167,-6.007658523012445e-92,-1.307458026362584e-126,-6.007658523012445e-92,10.654733986144675
SZ_Air,R03,168,-4.611521726641513e-166,-1.205675330992426e-202,-4.611521726641513e-166,10.654733986144675
MZ_Hydro,R01,1,-0.08779975,-0.08779975,0.0,0.0
MZ_Hydro,R01,2,0.0,0.0,0.0,0.0
MZ_Hydro,R01,3,0.0,0.0,0.0,0.0
MZ_Hydro,R01,4,-0.5894476512710124,-0.5894476512710124,0.0,0.0
MZ_Hydro,R01,5,-0.0312009478726244,-0.0312009478726244,0.0,0.0
MZ_Hydro,R01,6,-0.0007310285141937,-0.0007310285141937,0.0,0.0
MZ_Hydro,R01,7,-1.1227914131024614,-1.122791413102461,-4.440892098500626e-16,-4.440892098500626e-16
MZ_Hydro,R01,8,-0.5997827556036947,-0.5997827556036947,0.0,-4.440892098500626e-16
MZ_Hydro,R01,9,-0.5493293781778819,-0.7393190277211934,0.18998964954331155,0.1899896495433111
MZ_Hydro,R01,10,-1.5342904692027974,-1.908024021291943,0.3737335520891456,0.5637232016324567
MZ_Hydro,R01,11,-2.3632021124645397,-2.484310047718525,0.12110793525398522,0.6848311368864419
MZ_Hydro,R01,12,-2.0639034204076516,-2.652467603701215,0.5885641832935633,1.2733953201800052
MZ_Hydro,R01,13,-1.6639641523353588,-1.9366381127231733,0.27267396038781455,1.5460692805678198
MZ_Hydro,R01,14,-2.158619876394676,-2.233209343195143,0.07458946680046719,1.620658747368287
MZ_Hydro,R01,15,-4.49867632856458,-3.571184973458004,-0.9274913551065755,0.6931673922617114
MZ_Hydro,R01,16,-3.7824912066899663,-3.093905971752096,-0.6885852349378703,0.004582157323841152
MZ_Hydro,R01,17,-2.1289686163600807,-2.464057665503557,0.33508904914347637,0.3396712064673175
MZ_Hydro,R01,18,-1.6681634585611784,-1.9880328850017237,0.3198694264405453,0.6595406329078628
MZ_Hydro,R01,19,-0.6376680010803235,-1.0681765355459558,0.4305085344656323,1.090049167373495
MZ_Hydro,R01,20,-0.3134198182022126,-0.2855969513466199,-0.02782286685559271,1.0622263005179025
MZ_Hydro,R01,21,0.0,0.0,0.0,1.0622263005179025
MZ_Hydro,R01,22,0.0,0.0,0.0,1.0622263005179025
MZ_Hydro,R01,23,0.0,0.0,0.0,1.0622263005179025
MZ_Hydro,R01,24,0.0,0.0,0.0,1.0622263005179025
MZ_Hydro,R01,25,0.0,0.0,0.0,1.0622263005179025
MZ_Hydro,R01,26,0.0,0.0,0.0,1.0622263005179025
MZ_Hydro,R01,27,0.0,0.0,0.0,1.0622263005179025
MZ_Hydro,R01,28,0.0,0.0,0.0,1.0622263005179025
MZ_Hydro,R01,29,0.0,0.0,0.0,1.0622263005179025
MZ_Hydro,R01,30,-0.1578600281762021,-0.2002826647644666,0.042422636588264506,1.104648937106167
MZ_Hydro,R01,31,-2.393864394039506,-2.1924220601386275,-0.20144233390087862,0.9032066032052883
MZ_Hydro,R01,32,-1.0896200794599318,-1.071487124196393,-0.018132955263538753,0.8850736479417496
MZ_Hydro,R01,33,-1.4148324594719681,-0.6374477030846497,-0.7773847563873184,0.10768889155443118
MZ_Hydro,R01,34,-2.3496073192023648,-2.0088017243404392,-0.3408055948619255,-0.23311670330749434
MZ_Hydro,R01,35,-3.83029054859657,-2.860985844170958,-0.9693047044256122,-1.2024214077331066
MZ_Hydro,R01,36,-3.6685858631329564,-3.238983733084568,-0.42960213004838854,-1.6320235377814951
MZ_Hydro,R01,37,-3.553706963301423,-3.0322388049781415,-0.5214681583232816,-2.1534916961047768
MZ_Hydro,R01,38,-3.6135436087949904,-3.1213246087612214,-0.49221900003376895,-2.6457106961385457
MZ_Hydro,R01,39,-3.600821985480652,-3.2790307498695856,-0.3217912356110664,-2.967501931749612
MZ_Hydro,R01,40,-3.0851572754062992,-2.791789814546939,-0.2933674608593604,-3.2608693926089725
MZ_Hydro,R01,41,-2.312209520925605,-2.069183572666528,-0.24302594825907686,-3.5038953408680493
MZ_Hydro,R01,42,-1.726032860709437,-1.509032885059827,-0.21699997564961016,-3.7208953165176597
MZ_Hydro,R01,43,-1.0330126554766264,-0.7910372044323891,-0.24197545104423723,-3.962870767561897
MZ_Hydro,R01,44,-0.1787528733635666,-0.1536598850368435,-0.025092988326723104,-3.98796375588862
MZ_Hydro,R01,45,0.0,0.0,0.0,-3.98796375588862
MZ_Hydro,R01,46,0.0,0.0,0.0,-3.98796375588862
MZ_Hydro,R01,47,0.0,0.0,0.0,-3.98796375588862
MZ_Hydro,R01,48,0.0,0.0,0.0,-3.98796375588862
MZ_Hydro,R01,49,0.0,0.0,0.0,-3.98796375588862
MZ_Hydro,R01,50,0.0,0.0,0.0,-3.98796375588862
MZ_Hydro,R01,51,0.0,0.0,0.0,-3.98796375588862
MZ_Hydro,R01,52,0.0,0.0,0.0,-3.98796375588862
MZ_Hydro,R01,53,0.0,0.0,0.0,-3.98796375588862
MZ_Hydro,R01,54,-0.2406066172875051,-0.1756438908935187,-0.0649627263939864,-4.052926482282606
MZ_Hydro,R01,55,-2.263058570781698,-2.3141377275239376,0.05107915674223973,-4.001847325540366
MZ_Hydro,R01,56,-1.7100089864377612,-1.6657536586394097,-0.04425532779835151,-4.046102653338718
MZ_Hydro,R01,57,-1.7974598968678432,-1.2987931764434302,-0.49866672042441307,-4.544769373763131
MZ_Hydro,R01,58,-3.041853025121698,-2.82645410717787,-0.21539891794382804,-4.760168291706959
MZ_Hydro,R01,59,-3.810331616354806,-3.565144530107348,-0.2451870862474581,-5.005355377954418
MZ_Hydro,R01,60,-3.8673842414361697,-3.640336939830446,-0.22704730160572373,-5.232402679560142
MZ_Hydro,R01,61,-3.5683635051251006,-3.3770897030963547,-0.1912738020287459,-5.423676481588888
MZ_Hydro,R01,62,-3.606995573200328,-3.425592895179964,-0.18140267802036414,-5.605079159609252
MZ_Hydro,R01,63,-3.6190662297426894,-3.9903349853921815,0.371268755649492,-5.23381040395976
MZ_Hydro,R01,64,-2.9728767420506097,-3.9191052871923358,0.946228545141726,-4.287581858818034
MZ_Hydro,R01,65,-2.2590643091694322,-3.178915326822417,0.9198510176529848,-3.367730841165049
MZ_Hydro,R01,66,-1.3559036982554322,-2.1593598401543557,0.8034561418989234,-2.5642746992661256
MZ_Hydro,R01,67,-0.5095978325700077,-1.0528594275693266,0.5432615949993189,-2.0210131042668067
MZ_Hydro,R01,68,-0.30063837042945096,-0.35731876189899653,0.056680391469545566,-1.9643327127972612
MZ_Hydro,R01,69,-0.5474921766458127,0.0,-0.5474921766458127,-2.5118248894430737
MZ_Hydro,R01,70,-0.0108753071106943,0.0,-0.0108753071106943,-2.522700196553768
MZ_Hydro,R01,71,0.0,0.0,0.0,-2.522700196553768
MZ_Hydro,R01,72,0.0,0.0,0.0,-2.522700196553768
MZ_Hydro,R01,73,0.0,0.0,0.0,-2.522700196553768
MZ_Hydro,R01,74,0.0,0.0,0.0,-2.522700196553768
MZ_Hydro,R01,75,0.0,0.0,0.0,-2.522700196553768
MZ_Hydro,R01,76,0.0,0.0,0.0,-2.522700196553768
MZ_Hydro,R01,77,0.0,0.0,0.0,-2.522700196553768
MZ_Hydro,R01,78,-0.0831981911528914,-0.2116673536856722,0.1284691625327808,-2.394231034020987
MZ_Hydro,R01,79,-3.480208297885219,-3.450719976429479,-0.029488321455739985,-2.423719355476727
MZ_Hydro,R01,80,-1.021906554733177,-2.279392585684481,1.257486030951304,-1.1662333245254228
MZ_Hydro,R01,81,-0.8997827288254758,-1.326132945406165,0.42635021658068917,-0.7398831079447337
MZ_Hydro,R01,82,-2.189619852953706,-2.473741400449039,0.2841215474953329,-0.45576156044940075
MZ_Hydro,R01,83,-2.925056356635192,-3.3296983746953597,0.40464201806016753,-0.05111954238923322
MZ_Hydro,R01,84,-3.6307212051604028,-3.7264031967325635,0.09568199157216073,0.04456244918292751
MZ_Hydro,R01,85,-3.2027908249104606,-3.4222679159782032,0.2194770910677426,0.2640395402506701
MZ_Hydro,R01,86,-2.9229908305173438,-3.4786946233509393,0.5557037928335955,0.8197433330842656
MZ_Hydro,R01,87,-3.794029641286902,-4.077645615849876,0.2836159745629745,1.10335930764724
MZ_Hydro,R01,88,-3.8123500734745055,-4.264742949561135,0.45239287608662915,1.5557521837338693
MZ_Hydro,R01,89,-3.3084213271497096,-3.670894178148966,0.3624728509992563,1.9182250347331256
MZ_Hydro,R01,90,-2.4059580655362085,-2.7616956312732546,0.35573756573704607,2.2739626004701714
MZ_Hydro,R01,91,-1.2529551815016653,-1.5116306627903853,0.25867548128872,2.5326380817588916
MZ_Hydro,R01,92,-0.8502473741503513,-0.364276907186737,-0.48597046696361434,2.046667614795277
MZ_Hydro,R01,93,-0.5717646202926815,0.0,-0.5717646202926815,1.4749029945025955
MZ_Hydro,R01,94,-0.4317334067971644,0.0,-0.4317334067971644,1.0431695877054312
MZ_Hydro,R01,95,-0.0006301034835092,0.0,-0.0006301034835092,1.042539484221922
MZ_Hydro,R01,96,0.0,0.0,0.0,1.042539484221922
MZ_Hydro,R01,97,0.0,0.0,0.0,1.042539484221922
MZ_Hydro,R01,98,0.0,0.0,0.0,1.042539484221922
MZ_Hydro,R01,99,0.0,0.0,0.0,1.042539484221922
MZ_Hydro,R01,100,0.0,0.0,0.0,1.042539484221922
MZ_Hydro,R01,101,0.0,0.0,0.0,1.042539484221922
MZ_Hydro,R01,102,-0.2708610021670662,-0.3322518696956306,0.061390867528564375,1.1039303517504864
MZ_Hydro,R01,103,-1.7842805579017262,-3.629386089965896,1.8451055320641696,2.949035883814656
MZ_Hydro,R01,104,-2.4268034874148254,-2.978530319278439,0.5517268318636135,3.5007627156782695
MZ_Hydro,R01,105,-3.0095697920268565,-2.474365888164285,-0.5352039038625716,2.965558811815698
MZ_Hydro,R01,106,-4.0195399924336135,-3.381546781001603,-0.6379932114320104,2.3275656003836875
MZ_Hydro,R01,107,-4.862099393429149,-4.098190923802818,-0.7639084696263314,1.5636571307573561
MZ_Hydro,R01,108,-4.632669201926147,-4.034650431566935,-0.5980187703592117,0.9656383603981444
MZ_Hydro,R01,109,-3.8939982826091253,-3.5561238845255465,-0.3378743980835788,0.6277639623145657
MZ_Hydro,R01,110,-4.202964146551185,-3.8024326840480693,-0.4005314625031158,0.22723249981144988
MZ_Hydro,R01,111,-4.991227351857801,-4.581044540316136,-0.4101828115416648,-0.18295031173021492
MZ_Hydro,R01,112,-4.266849222638569,-4.5197493350289495,0.2529001123903809,0.06994980066016598
MZ_Hydro,R01,113,-3.2442804522623754,-3.8080303798675788,0.5637499276052034,0.6336997282653694
MZ_Hydro,R01,114,-2.5551520058553945,-2.9802979068206303,0.42514590096523586,1.0588456292306052
MZ_Hydro,R01,115,-1.424685725622471,-1.7024760513732997,0.27779032575082874,1.336635954981434
MZ_Hydro,R01,116,-1.0801754661562486,-0.364276907186737,-0.7158985589695116,0.6207373960119223
MZ_Hydro,R01,117,-0.5700086252926816,0.0,-0.5700086252926816,0.05072877071924076
MZ_Hydro,R01,118,-0.026339925,0.0,-0.026339925,0.024388845719240757
MZ_Hydro,R01,119,0.0,0.0,0.0,0.024388845719240757
MZ_Hydro,R01,120,0.0,0.0,0.0,0.024388845719240757
MZ_Hydro,R02,1,-0.08779975,-0.08779975,0.0,0.0
MZ_Hydro,R02,2,0.0,0.0,0.0,0.0
MZ_Hydro,R02,3,0.0,0.0,0.0,0.0
MZ_Hydro,R02,4,-0.5894476512710124,-0.5894476512710124,0.0,0.0
MZ_Hydro,R02,5,-0.0312009478726244,-0.0312009478726244,0.0,0.0
MZ_Hydro,R02,6,-0.0007310285141937,-0.0007310285141937,0.0,0.0
MZ_Hydro,R02,7,-1.1227914131024614,-1.122791413102461,-4.440892098500626e-16,-4.440892098500626e-16
MZ_Hydro,R02,8,-0.5997827556036947,-0.5997827556036947,0.0,-4.440892098500626e-16
MZ_Hydro,R02,9,-0.7393190277211934,-0.7393190277211934,0.0,-4.440892098500626e-16
MZ_Hydro,R02,10,-1.5179178689067163,-1.908024021291943,0.3901061523852267,0.3901061523852263
MZ_Hydro,R02,11,-2.19794069152482,-2.484310047718525,0.28636935619370485,0.6764755085789311
MZ_Hydro,R02,12,-2.36982453911029,-2.652467603701215,0.2826430645909248,0.9591185731698559
MZ_Hydro,R02,13,-1.6872514753092949,-1.9366381127231733,0.24938663741387845,1.2085052105837344
MZ_Hydro,R02,14,-1.646758168215764,-2.233209343195143,0.586451174979379,1.7949563855631134
MZ_Hydro,R02,15,-3.4456835275360276,-3.571184973458004,0.12550144592197654,1.92045783148509
MZ_Hydro,R02,16,-2.800452308881297,-3.093905971752096,0.2934536628707991,2.213911494355889
MZ_Hydro,R02,17,-2.1016855671964136,-2.464057665503557,0.36237209830714345,2.5762835926630325
MZ_Hydro,R02,18,-1.6740898518400433,-1.9880328850017237,0.3139430331616804,2.890226625824713
MZ_Hydro,R02,19,-0.8503350804261819,-1.0681765355459558,0.21784145511977393,3.108068080944487
MZ_Hydro,R02,20,-0.3952076595126963,-0.2855969513466199,-0.10961070816607643,2.9984573727784105
MZ_Hydro,R02,21,0.0,0.0,0.0,2.9984573727784105
MZ_Hydro,R02,22,0.0,0.0,0.0,2.9984573727784105
MZ_Hydro,R02,23,0.0,0.0,0.0,2.9984573727784105
MZ_Hydro,R02,24,0.0,0.0,0.0,2.9984573727784105
MZ_Hydro,R02,25,0.0,0.0,0.0,2.9984573727784105
MZ_Hydro,R02,26,0.0,0.0,0.0,2.9984573727784105
MZ_Hydro,R02,27,0.0,0.0,0.0,2.9984573727784105
MZ_Hydro,R02,28,0.0,0.0,0.0,2.9984573727784105
MZ_Hydro,R02,29,0.0,0.0,0.0,2.9984573727784105
MZ_Hydro,R02,30,-0.1496041931575735,-0.2002826647644666,0.050678471606893094,3.0491358443853036
MZ_Hydro,R02,31,-2.3260882723561362,-2.1924220601386275,-0.13366621221750874,2.915469632167795
MZ_Hydro,R02,32,-1.2450077955628893,-1.071487124196393,-0.1735206713664963,2.741948960801299
MZ_Hydro,R02,33,-0.4417979394704184,-0.6374477030846497,0.1956497636142313,2.93759872441553
MZ_Hydro,R02,34,-1.9758778808492,-2.0088017243404392,0.032923843491239335,2.9705225679067695
MZ_Hydro,R02,35,-2.7995212060453745,-2.860985844170958,0.06146463812558345,3.031987206032353
MZ_Hydro,R02,36,-3.1628574385305246,-3.238983733084568,0.0761262945540433,3.1081135005863962
MZ_Hydro,R02,37,-2.960581477247827,-3.0322388049781415,0.07165732773031452,3.1797708283167108
MZ_Hydro,R02,38,-3.051969476977473,-3.1213246087612214,0.06935513178374864,3.2491259601004594
MZ_Hydro,R02,39,-3.2127203869958287,-3.2790307498695856,0.06631036287375691,3.3154363229742163
MZ_Hydro,R02,40,-2.316879049264353,-2.791789814546939,0.4749107652825857,3.790347088256802
MZ_Hydro,R02,41,-1.7445738067682295,-2.069183572666528,0.3246097658982987,4.114956854155101
MZ_Hydro,R02,42,-1.2564756816738754,-1.509032885059827,0.25255720338595156,4.367514057541053
MZ_Hydro,R02,43,-0.7192791489973519,-0.7910372044323891,0.07175805543503722,4.43927211297609
MZ_Hydro,R02,44,-0.0652051962753726,-0.1536598850368435,0.08845468876147089,4.52772680173756
MZ_Hydro,R02,45,0.0,0.0,0.0,4.52772680173756
MZ_Hydro,R02,46,0.0,0.0,0.0,4.52772680173756
MZ_Hydro,R02,47,0.0,0.0,0.0,4.52772680173756
MZ_Hydro,R02,48,0.0,0.0,0.0,4.52772680173756
MZ_Hydro,R02,49,0.0,0.0,0.0,4.52772680173756
MZ_Hydro,R02,50,0.0,0.0,0.0,4.52772680173756
MZ_Hydro,R02,51,0.0,0.0,0.0,4.52772680173756
MZ_Hydro,R02,52,0.0,0.0,0.0,4.52772680173756
MZ_Hydro,R02,53,0.0,0.0,0.0,4.52772680173756
MZ_Hydro,R02,54,-0.1646822236966241,-0.1756438908935187,0.010961667196894592,4.538688468934454
MZ_Hydro,R02,55,-2.5125913538484874,-2.3141377275239376,-0.19845362632454977,4.340234842609904
MZ_Hydro,R02,56,-1.1761037343904563,-1.6657536586394097,0.48964992424895337,4.829884766858857
MZ_Hydro,R02,57,-0.9344348549835751,-1.2987931764434302,0.36435832145985503,5.1942430883187125
MZ_Hydro,R02,58,-2.7304121458563984,-2.82645410717787,0.0960419613214718,5.290285049640184
MZ_Hydro,R02,59,-3.4592696601855017,-3.565144530107348,0.10587486992184614,5.396159919562031
MZ_Hydro,R02,60,-3.5470563815620233,-3.640336939830446,0.09328055826842263,5.4894404778304535
MZ_Hydro,R02,61,-3.2881925056306835,-3.3770897030963547,0.08889719746567115,5.578337675296124
MZ_Hydro,R02,62,-3.338110341059731,-3.425592895179964,0.08748255412023287,5.665820229416357
MZ_Hydro,R02,63,-4.097990929947887,-3.9903349853921815,-0.10765594455570549,5.558164284860652
MZ_Hydro,R02,64,-3.317656072745841,-3.9191052871923358,0.6014492144464949,6.159613499307147
MZ_Hydro,R02,65,-2.9199494909635213,-3.178915326822417,0.25896583585889577,6.418579335166043
MZ_Hydro,R02,66,-1.566789722402196,-2.1593598401543557,0.5925701177521596,7.011149452918202
MZ_Hydro,R02,67,-0.7870446923564767,-1.0528594275693266,0.26581473521284993,7.276964188131052
MZ_Hydro,R02,68,-0.6657246920102754,-0.35731876189899653,-0.30840593011127887,6.9685582580197725
MZ_Hydro,R02,69,-1.2139023212469484,0.0,-1.2139023212469484,5.754655936772824
MZ_Hydro,R02,70,-1.032128914786881,0.0,-1.032128914786881,4.722527021985943
MZ_Hydro,R02,71,-0.3461882715067307,0.0,-0.3461882715067307,4.376338750479213
MZ_Hydro,R02,72,0.0,0.0,0.0,4.376338750479213
MZ_Hydro,R02,73,0.0,0.0,0.0,4.376338750479213
MZ_Hydro,R02,74,0.0,0.0,0.0,4.376338750479213
MZ_Hydro,R02,75,0.0,0.0,0.0,4.376338750479213
MZ_Hydro,R02,76,0.0,0.0,0.0,4.376338750479213
MZ_Hydro,R02,77,0.0,0.0,0.0,4.376338750479213
MZ_Hydro,R02,78,-0.1311611534069139,-0.2116673536856722,0.0805062002787583,4.456844950757971
MZ_Hydro,R02,79,-2.5192823934729587,-3.450719976429479,0.9314375829565202,5.3882825337144915
MZ_Hydro,R02,80,-1.9921071325862454,-2.279392585684481,0.2872854530982356,5.675567986812727
MZ_Hydro,R02,81,-1.9487112556364314,-1.326132945406165,-0.6225783102302664,5.0529896765824605
MZ_Hydro,R02,82,-3.0778524906327522,-2.473741400449039,-0.6041110901837135,4.448878586398747
MZ_Hydro,R02,83,-3.736270016710944,-3.3296983746953597,-0.40657164201558427,4.042306944383163
MZ_Hydro,R02,84,-4.030986416734516,-3.7264031967325635,-0.30458322000195226,3.7377237243812105
MZ_Hydro,R02,85,-3.1692670541380648,-3.4222679159782032,0.2530008618401385,3.990724586221349
MZ_Hydro,R02,86,-2.888226339776208,-3.4786946233509393,0.5904682835747312,4.58119286979608
MZ_Hydro,R02,87,-3.5433357447064893,-4.077645615849876,0.5343098711433871,5.115502740939467
MZ_Hydro,R02,88,-4.0237489330673775,-4.264742949561135,0.24099401649375718,5.3564967574332245
MZ_Hydro,R02,89,-3.3551953175619675,-3.670894178148966,0.31569886058699836,5.672195618020223
MZ_Hydro,R02,90,-2.2636830317228833,-2.7616956312732546,0.49801259955037125,6.170208217570594
MZ_Hydro,R02,91,-1.1406589535822496,-1.5116306627903853,0.3709717092081357,6.54117992677873
MZ_Hydro,R02,92,-0.5681981643423814,-0.364276907186737,-0.20392125715564435,6.337258669623085
MZ_Hydro,R02,93,-0.0083409762499999,0.0,-0.0083409762499999,6.328917693373086
MZ_Hydro,R02,94,0.0,0.0,0.0,6.328917693373086
MZ_Hydro,R02,95,0.0,0.0,0.0,6.328917693373086
MZ_Hydro,R02,96,0.0,0.0,0.0,6.328917693373086
MZ_Hydro,R02,97,0.0,0.0,0.0,6.328917693373086
MZ_Hydro,R02,98,0.0,0.0,0.0,6.328917693373086
MZ_Hydro,R02,99,0.0,0.0,0.0,6.328917693373086
MZ_Hydro,R02,100,0.0,0.0,0.0,6.328917693373086
MZ_Hydro,R02,101,0.0,0.0,0.0,6.328917693373086
MZ_Hydro,R02,102,-0.3233624906246586,-0.3322518696956306,0.008889379070971981,6.337807072444058
MZ_Hydro,R02,103,-2.7738123910520462,-3.629386089965896,0.8555736989138496,7.193380771357907
MZ_Hydro,R02,104,-2.7800582252437134,-2.978530319278439,0.19847209403472554,7.391852865392632
MZ_Hydro,R02,105,-2.955480364780533,-2.474365888164285,-0.48111447661624807,6.910738388776384
MZ_Hydro,R02,106,-3.5085917353592344,-3.381546781001603,-0.1270449543576313,6.783693434418753
MZ_Hydro,R02,107,-3.819614451930139,-4.098190923802818,0.27857647187267887,7.062269906291432
MZ_Hydro,R02,108,-3.560499092227078,-4.034650431566935,0.4741513393398571,7.5364212456312885
MZ_Hydro,R02,109,-3.147107705183483,-3.5561238845255465,0.4090161793420637,7.945437424973353
MZ_Hydro,R02,110,-3.3698633970200973,-3.8024326840480693,0.43256928702797204,8.378006712001325
MZ_Hydro,R02,111,-4.203363577321863,-4.581044540316136,0.37768096299427345,8.755687674995599
MZ_Hydro,R02,112,-4.091971861589619,-4.5197493350289495,0.42777747343933026,9.18346514843493
MZ_Hydro,R02,113,-3.447049063357471,-3.8080303798675788,0.3609813165101077,9.544446464945038
MZ_Hydro,R02,114,-2.6682311951853888,-2.9802979068206303,0.3120667116352416,9.856513176580279
MZ_Hydro,R02,115,-1.4918122717261475,-1.7024760513732997,0.21066377964715222,10.067176956227431
MZ_Hydro,R02,116,-1.6079804724062479,-0.364276907186737,-1.2437035652195108,8.823473391007921
MZ_Hydro,R02,117,-0.5700086252926816,0.0,-0.5700086252926816,8.25346476571524
MZ_Hydro,R02,118,-0.5700086252926816,0.0,-0.5700086252926816,7.6834561404225585
MZ_Hydro,R02,119,-0.520296788803378,0.0,-0.520296788803378,7.16315935161918
MZ_Hydro,R02,120,-0.0631021685574322,0.0,-0.0631021685574322,7.1000571830617485
MZ_Hydro,R03,1,-0.08779975,-0.08779975,0.0,0.0
MZ_Hydro,R03,2,0.0,0.0,0.0,0.0
MZ_Hydro,R03,3,0.0,0.0,0.0,0.0
MZ_Hydro,R03,4,-0.5894476512710124,-0.5894476512710124,0.0,0.0
MZ_Hydro,R03,5,-0.0312009478726244,-0.0312009478726244,0.0,0.0
MZ_Hydro,R03,6,-0.0007310285141937,-0.0007310285141937,0.0,0.0
MZ_Hydro,R03,7,-1.1227914131024614,-1.122791413102461,-4.440892098500626e-16,-4.440892098500626e-16
MZ_Hydro,R03,8,-0.5997827556036947,-0.5997827556036947,0.0,-4.440892098500626e-16
MZ_Hydro,R03,9,-0.7419589024666939,-0.7393190277211934,-0.0026398747455005367,-0.0026398747455009808
MZ_Hydro,R03,10,-1.6510309093373206,-1.908024021291943,0.2569931119546225,0.2543532372091215
MZ_Hydro,R03,11,-2.6877843575396496,-2.484310047718525,-0.2034743098211247,0.05087892738799682
MZ_Hydro,R03,12,-2.179097626920188,-2.652467603701215,0.4733699767810271,0.5242489041690239
MZ_Hydro,R03,13,-1.3560423991902844,-1.9366381127231733,0.580595713532889,1.104844617701913
MZ_Hydro,R03,14,-1.7129292132463076,-2.233209343195143,0.5202801299488353,1.6251247476507482
MZ_Hydro,R03,15,-3.4138809389185805,-3.571184973458004,0.15730403453942365,1.7824287821901719
MZ_Hydro,R03,16,-2.2469000641864003,-3.093905971752096,0.8470059075656957,2.6294346897558674
MZ_Hydro,R03,17,-1.8437982832769584,-2.464057665503557,0.6202593822265987,3.249694071982466
MZ_Hydro,R03,18,-1.4071026925948886,-1.9880328850017237,0.5809301924068351,3.830624264389301
MZ_Hydro,R03,19,-0.6572653549077815,-1.0681765355459558,0.41091118063817433,4.241535445027475
MZ_Hydro,R03,20,-0.7114812547848735,-0.2855969513466199,-0.42588430343825356,3.8156511415892216
MZ_Hydro,R03,21,-0.4936342448238509,0.0,-0.4936342448238509,3.322016896765371
MZ_Hydro,R03,22,-0.0026286649104921,0.0,-0.0026286649104921,3.319388231854879
MZ_Hydro,R03,23,0.0,0.0,0.0,3.319388231854879
MZ_Hydro,R03,24,0.0,0.0,0.0,3.319388231854879
MZ_Hydro,R03,25,0.0,0.0,0.0,3.319388231854879
MZ_Hydro,R03,26,0.0,0.0,0.0,3.319388231854879
MZ_Hydro,R03,27,0.0,0.0,0.0,3.319388231854879
MZ_Hydro,R03,28,0.0,0.0,0.0,3.319388231854879
MZ_Hydro,R03,29,0.0,0.0,0.0,3.319388231854879
MZ_Hydro,R03,30,-0.1056181438684059,-0.2002826647644666,0.0946645208960607,3.4140527527509397
MZ_Hydro,R03,31,-2.3564621408675364,-2.1924220601386275,-0.16404008072890885,3.250012672022031
MZ_Hydro,R03,32,-1.2881859813196408,-1.071487124196393,-0.21669885712324777,3.033313814898783
MZ_Hydro,R03,33,-0.4117595359712606,-0.6374477030846497,0.22568816711338913,3.259001982012172
MZ_Hydro,R03,34,-2.2481134904571105,-2.0088017243404392,-0.23931176611667127,3.019690215895501
MZ_Hydro,R03,35,-2.4441102519983082,-2.860985844170958,0.4168755921726497,3.4365658080681505
MZ_Hydro,R03,36,-2.5493872226722125,-3.238983733084568,0.6895965104123554,4.126162318480506
MZ_Hydro,R03,37,-2.6006987442466776,-3.0322388049781415,0.4315400607314639,4.557702379211969
MZ_Hydro,R03,38,-2.715444524692723,-3.1213246087612214,0.4058800840684986,4.963582463280468
MZ_Hydro,R03,39,-2.890881078267401,-3.2790307498695856,0.38814967160218483,5.351732134882653
MZ_Hydro,R03,40,-2.4409523433766864,-2.791789814546939,0.35083747117025244,5.702569606052905
MZ_Hydro,R03,41,-1.7484683332760036,-2.069183572666528,0.3207152393905246,6.023284845443429
MZ_Hydro,R03,42,-1.2137719780581282,-1.509032885059827,0.2952609070016987,6.318545752445128
MZ_Hydro,R03,43,-0.658494565388937,-0.7910372044323891,0.1325426390434521,6.45108839148858
MZ_Hydro,R03,44,-0.0416435463441581,-0.1536598850368435,0.1120163386926854,6.563104730181265
MZ_Hydro,R03,45,0.0,0.0,0.0,6.563104730181265
MZ_Hydro,R03,46,0.0,0.0,0.0,6.563104730181265
MZ_Hydro,R03,47,0.0,0.0,0.0,6.563104730181265
MZ_Hydro,R03,48,0.0,0.0,0.0,6.563104730181265
MZ_Hydro,R03,49,0.0,0.0,0.0,6.563104730181265
MZ_Hydro,R03,50,0.0,0.0,0.0,6.563104730181265
MZ_Hydro,R03,51,0.0,0.0,0.0,6.563104730181265
MZ_Hydro,R03,52,0.0,0.0,0.0,6.563104730181265
MZ_Hydro,R03,53,0.0,0.0,0.0,6.563104730181265
MZ_Hydro,R03,54,-0.1495181324457395,-0.1756438908935187,0.0261257584477792,6.589230488629044
MZ_Hydro,R03,55,-1.4902019455349778,-2.3141377275239376,0.8239357819889599,7.413166270618003
MZ_Hydro,R03,56,-2.176303424952387,-1.6657536586394097,-0.5105497663129772,6.902616504305026
MZ_Hydro,R03,57,-1.0639215492998622,-1.2987931764434302,0.23487162714356802,7.1374881314485945
MZ_Hydro,R03,58,-2.664823371248467,-2.82645410717787,0.16163073592940336,7.299118867377998
MZ_Hydro,R03,59,-3.6093498632421306,-3.565144530107348,-0.0442053331347827,7.254913534243215
MZ_Hydro,R03,60,-3.72153458294756,-3.640336939830446,-0.0811976431171142,7.1737158911261005
MZ_Hydro,R03,61,-3.2803780723914984,-3.3770897030963547,0.09671163070485633,7.270427521830957
MZ_Hydro,R03,62,-3.0627464467724037,-3.425592895179964,0.3628464484075602,7.633273970238517
MZ_Hydro,R03,63,-3.6667790540144702,-3.9903349853921815,0.3235559313777112,7.956829901616228
MZ_Hydro,R03,64,-3.8104139075796226,-3.9191052871923358,0.10869137961271313,8.065521281228941
MZ_Hydro,R03,65,-3.005824829998123,-3.178915326822417,0.1730904968242939,8.238611778053235
MZ_Hydro,R03,66,-1.732061061310223,-2.1593598401543557,0.4272987788441327,8.665910556897368
MZ_Hydro,R03,67,-0.7867814891952949,-1.0528594275693266,0.2660779383740317,8.9319884952714
MZ_Hydro,R03,68,-0.6161861175377472,-0.35731876189899653,-0.2588673556387507,8.673121139632649
MZ_Hydro,R03,69,-0.0043899875,0.0,-0.0043899875,8.668731152132649
MZ_Hydro,R03,70,-0.0043899875,0.0,-0.0043899875,8.66434116463265
MZ_Hydro,R03,71,0.0,0.0,0.0,8.66434116463265
MZ_Hydro,R03,72,0.0,0.0,0.0,8.66434116463265
MZ_Hydro,R03,73,0.0,0.0,0.0,8.66434116463265
MZ_Hydro,R03,74,0.0,0.0,0.0,8.66434116463265
MZ_Hydro,R03,75,0.0,0.0,0.0,8.66434116463265
MZ_Hydro,R03,76,0.0,0.0,0.0,8.66434116463265
MZ_Hydro,R03,77,0.0,0.0,0.0,8.66434116463265
MZ_Hydro,R03,78,-0.1348429447437827,-0.2116673536856722,0.0768244089418895,8.74116557357454
MZ_Hydro,R03,79,-2.0541598212830188,-3.450719976429479,1.3965601551464601,10.137725728721
MZ_Hydro,R03,80,-3.9826891148042174,-2.279392585684481,-1.7032965291197364,8.434429199601263
MZ_Hydro,R03,81,-1.6346692586331357,-1.326132945406165,-0.3085363132269707,8.125892886374292
MZ_Hydro,R03,82,-2.340530461379943,-2.473741400449039,0.13321093906909587,8.259103825443388
MZ_Hydro,R03,83,-3.2299681376177793,-3.3296983746953597,0.09973023707758033,8.358834062520968
MZ_Hydro,R03,84,-3.782880195683995,-3.7264031967325635,-0.05647699895143132,8.302357063569536
MZ_Hydro,R03,85,-3.4005267866424953,-3.4222679159782032,0.02174112933570793,8.324098192905243
MZ_Hydro,R03,86,-3.4520097083276204,-3.4786946233509393,0.026684915023318823,8.350783107928562
MZ_Hydro,R03,87,-4.043939929306283,-4.077645615849876,0.03370568654359296,8.384488794472155
MZ_Hydro,R03,88,-4.220350955642999,-4.264742949561135,0.04439199391813542,8.428880788390291
MZ_Hydro,R03,89,-3.599651560108063,-3.670894178148966,0.0712426180409027,8.500123406431193
MZ_Hydro,R03,90,-2.5542811852249017,-2.7616956312732546,0.2074144460483529,8.707537852479547
MZ_Hydro,R03,91,-1.4202955727383868,-1.5116306627903853,0.09133509005199847,8.798872942531546
MZ_Hydro,R03,92,-0.36949425211882087,-0.364276907186737,-0.005217344932083867,8.79365559759946
MZ_Hydro,R03,93,0.0,0.0,0.0,8.79365559759946
MZ_Hydro,R03,94,0.0,0.0,0.0,8.79365559759946
MZ_Hydro,R03,95,0.0,0.0,0.0,8.79365559759946
MZ_Hydro,R03,96,0.0,0.0,0.0,8.79365559759946
MZ_Hydro,R03,97,-0.008779975,0.0,-0.008779975,8.784875622599461
MZ_Hydro,R03,98,0.0,0.0,0.0,8.784875622599461
MZ_Hydro,R03,99,0.0,0.0,0.0,8.784875622599461
MZ_Hydro,R03,100,0.0,0.0,0.0,8.784875622599461
MZ_Hydro,R03,101,0.0,0.0,0.0,8.784875622599461
MZ_Hydro,R03,102,-0.3114858190742149,-0.3322518696956306,0.020766050621415677,8.805641673220878
MZ_Hydro,R03,103,-2.3450879058755474,-3.629386089965896,1.2842981840903485,10.089939857311226
MZ_Hydro,R03,104,-4.91528343443494,-2.978530319278439,-1.9367531151565012,8.153186742154725
MZ_Hydro,R03,105,-2.913014787753773,-2.474365888164285,-0.43864889958948794,7.714537842565237
MZ_Hydro,R03,106,-3.241225140688056,-3.381546781001603,0.1403216403135472,7.854859482878784
MZ_Hydro,R03,107,-4.868370529926508,-4.098190923802818,-0.7701796061236896,7.084679876755095
MZ_Hydro,R03,108,-5.040903677794586,-4.034650431566935,-1.0062532462276508,6.078426630527444
MZ_Hydro,R03,109,-3.980275316438299,-3.5561238845255465,-0.4241514319127524,5.654275198614691
MZ_Hydro,R03,110,-3.901290550613036,-3.8024326840480693,-0.09885786656496665,5.555417332049725
MZ_Hydro,R03,111,-4.565463041624976,-4.581044540316136,0.015581498691160434,5.570998830740885
MZ_Hydro,R03,112,-4.416585572563124,-4.5197493350289495,0.10316376246582593,5.674162593206711
MZ_Hydro,R03,113,-3.7626290715444783,-3.8080303798675788,0.04540130832310041,5.719563901529812
MZ_Hydro,R03,114,-2.934841451363622,-2.9802979068206303,0.04545645545700827,5.76502035698682
MZ_Hydro,R03,115,-1.7261208242845947,-1.7024760513732997,-0.023644772911294965,5.741375584075525
MZ_Hydro,R03,116,-0.5132049671867374,-0.364276907186737,-0.14892806000000036,5.592447524075525
MZ_Hydro,R03,117,0.0,0.0,0.0,5.592447524075525
MZ_Hydro,R03,118,-0.008779975,0.0,-0.008779975,5.583667549075525
MZ_Hydro,R03,119,0.0,0.0,0.0,5.583667549075525
MZ_Hydro,R03,120,0.0,0.0,0.0,5.583667549075525
MZ_Air,R01,1,-1.6544019921230313,-0.19369582372285585,-1.4607061684001754,-1.4607061684001754
MZ_Air,R01,2,-1.3474492300384588,-0.00023928190399698923,-1.347209948134462,-2.8079161165346376
MZ_Air,R01,3,-0.6500769058240792,-0.00024373695336927858,-0.6498331688707099,-3.4577492854053475
MZ_Air,R01,4,-0.000282430073062304,-0.00024672152033076164,-3.570855273154236e-05,-3.457784993958079
MZ_Air,R01,5,-0.0002874525716133095,-0.00025240432035122706,-3.5048251262082464e-05,-3.4578200422093412
MZ_Air,R01,6,-0.000284831062807605,-1.6925272219426881,1.6922423908798805,-1.7655776513294608
MZ_Air,R01,7,-1.4156157526671251,-1.839130092927746,0.42351434026062096,-1.3420633110688398
MZ_Air,R01,8,-2.4370318087860707,-2.4022807803462483,-0.03475102843982247,-1.3768143395086623
MZ_Air,R01,9,-2.8517998650784033,-2.599795158017973,-0.25200470706043054,-1.6288190465690928
MZ_Air,R01,10,-2.9774401517556344,-2.6443323197177055,-0.3331078320379288,-1.9619268786070216
MZ_Air,R01,11,-2.882675217106391,-3.035518438709424,0.1528432216030331,-1.8090836570039885
MZ_Air,R01,12,-3.184293342085721,-3.435990885254326,0.25169754316860526,-1.5573861138353833
MZ_Air,R01,13,-3.3908886154231133,-3.633488642043843,0.24260002662072955,-1.3147860872146537
MZ_Air,R01,14,-4.465731909428308,-4.400516416399178,-0.06521549302912977,-1.3800015802437835
MZ_Air,R01,15,-12.759580036745074,-12.350647530798968,-0.4089325059461064,-1.78893408618989
MZ_Air,R01,16,-12.308343091837903,-13.2962590766737,0.9879159848357961,-0.8010181013540938
MZ_Air,R01,17,-12.942104745260016,-13.769850513413664,0.8277457681536475,0.02672766679955374
MZ_Air,R01,18,-10.249552889282661,-11.73257011282289,1.4830172235402284,1.509744890339782
MZ_Air,R01,19,-7.1925740704402905,-7.993786239109947,0.8012121686696565,2.3109570590094384
MZ_Air,R01,20,-0.07381642788731319,-0.10863838078643022,0.034821952899117034,2.3457790119085553
MZ_Air,R01,21,-0.0003237018702771831,-0.0003217319534112446,-1.969916865938472e-06,2.3457770419916892
MZ_Air,R01,22,-0.00033020481463346535,-0.0003282090480755842,-1.99576655788116e-06,2.3457750462251314
MZ_Air,R01,23,-0.0002730389463373202,-0.00027138573419438765,-1.653212142932567e-06,2.3457733930129887
MZ_Air,R01,24,-0.00026839613436981487,-0.00026673530214307487,-1.6608322267400036e-06,2.345771732180762
MZ_Air,R01,25,-0.00026999203618980754,-0.0002683146858847011,-1.677350305106433e-06,2.3457700548304565
MZ_Air,R01,26,-0.0002747831770551402,-0.00027308408015744106,-1.6990968976991457e-06,2.3457683557335587
MZ_Air,R01,27,-0.00027981861519344917,-0.00027809666828008803,-1.7219469133611365e-06,2.345766633786645
MZ_Air,R01,28,-0.0002846332399613628,-0.000282888164627532,-1.7450753338307985e-06,2.345764888711311
MZ_Air,R01,29,-0.00028970566631116734,-0.0002879363048741817,-1.7693614369856362e-06,2.3457631193498742
MZ_Air,R01,30,-3.028983033408595,-2.990825725047105,-0.038157308361490117,2.307605810988384
MZ_Air,R01,31,-1.6605156642495058,-1.6567837154808747,-0.0037319487686311437,2.3038738622197528
MZ_Air,R01,32,-2.7849776481840034,-3.366921980683121,0.5819443324991176,2.8858181947188704
MZ_Air,R01,33,-3.333839156680358,-3.2192538324406863,-0.1145853242396715,2.771232870479199
MZ_Air,R01,34,-2.944938446351535,-3.0417282510701398,0.09678980471860488,2.8680226751978037
MZ_Air,R01,35,-3.112078132174223,-3.4091493943652216,0.29707126219099855,3.1650939373888023
MZ_Air,R01,36,-3.134589583235084,-3.4084927517648187,0.27390316852973484,3.438997105918537
MZ_Air,R01,37,-2.8581030435943315,-3.2792409750269362,0.4211379314326047,3.860135037351142
MZ_Air,R01,38,-3.229960534871816,-3.6390789082406965,0.4091183733688806,4.269253410720022
MZ_Air,R01,39,-8.174738586765246,-9.10009277343314,0.925354186667894,5.194607597387916
MZ_Air,R01,40,-8.333697349442705,-9.613655984765336,1.2799586353226307,6.474566232710547
MZ_Air,R01,41,-8.397473192447743,-9.685686307624815,1.2882131151770722,7.762779347887619
MZ_Air,R01,42,-6.811719816958979,-7.768144828191101,0.9564250112321222,8.719204359119741
MZ_Air,R01,43,-4.036963972532757,-4.480666165595297,0.4437021930625402,9.162906552182282
MZ_Air,R01,44,-0.09822895202141974,-0.11331749897921432,0.015088546957794588,9.177995099140077
MZ_Air,R01,45,-0.008090107412694622,-0.00034957563658812843,-0.007740531776106494,9.17025456736397
MZ_Air,R01,46,-0.004238989924229705,-0.0003676774653135388,-0.0038713124589161664,9.166383254905055
MZ_Air,R01,47,-0.0003123940621885433,-0.0003107020986462954,-1.6919635422478962e-06,9.166381562941513
MZ_Air,R01,48,-0.0003131990802757344,-0.00031148666133271627,-1.7124189430181482e-06,9.16637985052257
MZ_Air,R01,49,-0.0003166796916012401,-0.00031493454325800754,-1.7451483432325454e-06,9.166378105374227
MZ_Air,R01,50,-0.0003214255270999954,-0.00031964163588768014,-1.7838912123152562e-06,9.166376321483014
MZ_Air,R01,51,-0.00032643306400902345,-0.0003246089321283118,-1.8241318807116344e-06,9.166374497351134
MZ_Air,R01,52,-0.00033142114017258137,-0.0003295565915821839,-1.8645485903974685e-06,9.166372632802544
MZ_Air,R01,53,-0.00033074251799603395,-0.0003288645217775232,-1.8779962185107432e-06,9.166370754806325
MZ_Air,R01,54,-1.8382558680661125,-1.7189994152622254,-0.11925645280388708,9.047114302002438
MZ_Air,R01,55,-1.631299782970529,-0.8899889184873323,-0.7413108644831966,8.305803437519241
MZ_Air,R01,56,-2.5073931480434632,-2.8102638240238487,0.3028706759803854,8.608674113499626
MZ_Air,R01,57,-4.0763041353663665,-3.4501881450955625,-0.626115990270804,7.982558123228822
MZ_Air,R01,58,-4.247815764698455,-3.4448880183403237,-0.8029277463581312,7.179630376870691
MZ_Air,R01,59,-3.563627935874293,-3.494296103374243,-0.06933183250005026,7.11029854437064
MZ_Air,R01,60,-3.3389915124303045,-3.7128362162058166,0.37384470377551215,7.484143248146152
MZ_Air,R01,61,-3.572726999152499,-3.7876366834965784,0.21490968434407964,7.699052932490232
MZ_Air,R01,62,-3.895657500968339,-4.192988029456204,0.2973305284878651,7.996383460978096
MZ_Air,R01,63,-8.38590095476701,-9.040151549594512,0.6542505948275021,8.650634055805599
MZ_Air,R01,64,-6.891840432057508,-7.752797983686455,0.8609575516289469,9.511591607434546
MZ_Air,R01,65,-6.440765174642447,-7.0372658798986825,0.5965007052562354,10.108092312690783
MZ_Air,R01,66,-5.01315764287463,-6.36266750935299,1.3495098664783605,11.457602179169143
MZ_Air,R01,67,-3.7301258810480284,-4.165213514299647,0.4350876332516185,11.892689812420763
MZ_Air,R01,68,-0.11372283004268961,-0.15899130845536016,0.04526847841267055,11.937958290833434
MZ_Air,R01,69,-0.025121609798815562,-0.00035535537264443036,-0.02476625442617113,11.913192036407263
MZ_Air,R01,70,-0.0003593773690077192,-0.0003567516434872593,-2.6257255204599223e-06,11.913189410681744
MZ_Air,R01,71,-0.0002943064130797215,-0.00029214521868179576,-2.161194397925744e-06,11.913187249487345
MZ_Air,R01,72,-0.00030333077621034815,-0.0003011169612565848,-2.2138149537633683e-06,11.913185035672392
MZ_Air,R01,73,-0.0003129584941828024,-0.0003106884780789164,-2.270016103885983e-06,11.913182765656288
MZ_Air,R01,74,-0.0003179922766266464,-0.00031568724556378094,-2.305031062865468e-06,11.913180460625226
MZ_Air,R01,75,-0.0003191558584940401,-0.00031683436944884326,-2.3214890451968154e-06,11.91317813913618
MZ_Air,R01,76,-0.00031898131801170554,-0.0003166499691757802,-2.331348835925317e-06,11.913175807787344
MZ_Air,R01,77,-0.004191586220803911,-0.000319908011746648,-0.003871678209057263,11.909304129578286
MZ_Air,R01,78,-0.7381212315300861,-2.0342390332427884,1.2961178017127022,13.205421931290989
MZ_Air,R01,79,-1.6447547003365082,-1.5918279888072235,-0.05292671152928463,13.152495219761704
MZ_Air,R01,80,-2.181110249456933,-3.722155813876995,1.5410455644200618,14.693540784181765
MZ_Air,R01,81,-3.3548180085304806,-3.0236608236343683,-0.33115718489611234,14.362383599285653
MZ_Air,R01,82,-3.4644893049095433,-3.204678664265911,-0.25981064064363224,14.102572958642021
MZ_Air,R01,83,-3.11374852419004,-3.062372588710769,-0.051375935479271106,14.05119702316275
MZ_Air,R01,84,-3.2755420287980748,-3.118284609914517,-0.1572574188835576,13.893939604279193
MZ_Air,R01,85,-3.2125408284650425,-3.054566116344054,-0.15797471212098868,13.735964892158204
MZ_Air,R01,86,-3.985421227632685,-3.7028777047771393,-0.2825435228555455,13.453421369302658
MZ_Air,R01,87,-11.042139660495389,-10.112632349639403,-0.9295073108559855,12.523914058446673
MZ_Air,R01,88,-10.645532400627786,-10.043809402001333,-0.6017229986264532,11.92219105982022
MZ_Air,R01,89,-9.836340646317323,-9.363168805175434,-0.47317184114188926,11.44901921867833
MZ_Air,R01,90,-7.853777495704827,-8.021400899981336,0.16762340427650813,11.616642622954839
MZ_Air,R01,91,-5.059708565900573,-5.783959522229446,0.7242509563288726,12.340893579283712
MZ_Air,R01,92,-0.6610447361374251,-0.12412822557362262,-0.5369165105638025,11.80397706871991
MZ_Air,R01,93,-0.302453194033259,-0.0003192278659845309,-0.30213396616727445,11.501843102552636
MZ_Air,R01,94,-1.191187004663101,-0.00033537194738137886,-1.1908516327157197,10.310991469836916
MZ_Air,R01,95,-0.8243561525840911,-0.00028613626973437816,-0.8240700163143567,9.486921453522559
MZ_Air,R01,96,-0.6922387653690902,-0.00029920370533881893,-0.6919395616637514,8.794981891858807
MZ_Air,R01,97,-0.562764794422708,-0.00030815859132890603,-0.5624566358313791,8.232525256027428
MZ_Air,R01,98,-0.45069964553188024,-0.00031623855057860955,-0.45038340698130164,7.782141849046126
MZ_Air,R01,99,-0.2658473373880386,-0.00031971141818511395,-0.2655276259698535,7.516614223076273
MZ_Air,R01,100,-0.0003318982399237026,-0.0003221787108755389,-9.719529048163723e-06,7.516604503547224
MZ_Air,R01,101,-0.0003338520253406456,-0.00032412825838781253,-9.723766952833058e-06,7.516594779780272
MZ_Air,R01,102,-0.0390194947386117,-1.8712614741388343,1.8322419794002225,9.348836759180495
MZ_Air,R01,103,-4.64502849219617,-1.5074749659269564,-3.1375535262692136,6.211283232911281
MZ_Air,R01,104,-2.4006131982788306,-3.4783428974121153,1.0777296991332848,7.289012932044566
MZ_Air,R01,105,-3.5494382656270766,-3.438794750657138,-0.11064351496993874,7.178369417074627
MZ_Air,R01,106,-4.111639678667445,-3.1120805980117883,-0.9995590806556569,6.17881033641897
MZ_Air,R01,107,-3.753743328950827,-3.586345223059007,-0.16739810589182014,6.01141223052715
MZ_Air,R01,108,-3.0987227882275463,-3.825212785258443,0.7264899970308969,6.737902227558047
MZ_Air,R01,109,-3.175000740918893,-3.9670298524072845,0.7920291114883913,7.529931339046438
MZ_Air,R01,110,-3.7026559523884983,-4.671121027947171,0.9684650755586728,8.49839641460511
MZ_Air,R01,111,-9.186581865622399,-11.372295148452448,2.185713282830049,10.68410969743516
MZ_Air,R01,112,-9.286072914456723,-11.45293061643423,2.1668577019775075,12.850967399412667
MZ_Air,R01,113,-9.66323969384025,-11.877909495639186,2.2146698017989355,15.065637201211603
MZ_Air,R01,114,-8.246352188014612,-9.286729789613602,1.0403776015989905,16.10601480281059
MZ_Air,R01,115,-5.375581682620339,-6.303847303609834,0.928265620989495,17.034280423800087
MZ_Air,R01,116,-1.461950207688558,-0.11483141034201567,-1.3471187973465424,15.687161626453545
MZ_Air,R01,117,-1.5382117917724702,-0.00031100300372718893,-1.537900788768743,14.149260837684801
MZ_Air,R01,118,-1.7201635624416138,-0.0003157464303243916,-1.7198478160112896,12.429413021673511
MZ_Air,R01,119,-1.3838208387231317,-0.00026105356931958943,-1.3835597851538122,11.045853236519699
MZ_Air,R01,120,-0.6761837374377659,-0.0002692017299648822,-0.675914535707801,10.369938700811899
MZ_Air,R01,121,-0.006857648027427972,-0.000275733439775396,-0.006581914587652576,10.363356786224246
MZ_Air,R01,122,-0.0002809472695922912,-0.00027687193400848474,-4.0753355838064344e-06,10.363352710888663
MZ_Air,R01,123,-0.0002841438908899599,-0.00028006364944847904,-4.080241441480851e-06,10.363348630647222
MZ_Air,R01,124,-0.0002826410372460066,-0.0002785563636446026,-4.084673601403995e-06,10.36334454597362
MZ_Air,R01,125,-0.00028034967863193195,-0.00027626074821542025,-4.088930416511704e-06,10.363340457043202
MZ_Air,R01,126,-0.0250421290066844,-3.8466536568788214,3.821611527872137,14.18495198491534
MZ_Air,R01,127,-3.6578655003955376,-2.2437226059824082,-1.4141428944131293,12.770809090502212
MZ_Air,R01,128,-2.2872988004577826,-3.970171572423063,1.6828727719652803,14.453681862467493
MZ_Air,R01,129,-3.4035580557283143,-4.001181584087585,0.597623528359271,15.051305390826764
MZ_Air,R01,130,-3.3374929062979763,-3.2112366575377562,-0.12625624876022012,14.925049142066545
MZ_Air,R01,131,-3.4611500833854683,-3.683658211174549,0.22250812778908058,15.147557269855625
MZ_Air,R01,132,-3.9043362790668863,-4.248499362791036,0.34416308372414983,15.491720353579774
MZ_Air,R01,133,-4.040867032732152,-4.519963336616082,0.47909630388393065,15.970816657463704
MZ_Air,R01,134,-4.887024547200394,-5.352364369146691,0.46533982194629697,16.436156479410002
MZ_Air,R01,135,-13.170522517254929,-14.108301523350947,0.9377790060960187,17.37393548550602
MZ_Air,R01,136,-12.66260343918831,-13.925842202087114,1.2632387628988049,18.637174248404826
MZ_Air,R01,137,-12.718741067273385,-14.002800431562319,1.2840593642889342,19.92123361269376
MZ_Air,R01,138,-11.60924854622365,-13.142051416260188,1.5328028700365373,21.4540364827303
MZ_Air,R01,139,-8.246863832870394,-10.105154488107472,1.8582906552370773,23.312327137967376
MZ_Air,R01,140,-2.883015460443148,-0.11015733496333448,-2.7728581254798135,20.53946901248756
MZ_Air,R01,141,-2.264768370228248,-0.00027652574055972114,-2.2644918444876883,18.27497716799987
MZ_Air,R01,142,-2.3237880316028083,-0.000277707646774454,-2.3235103239560337,15.951466844043837
MZ_Air,R01,143,-1.7959693993160657,-0.00023322192687082785,-1.7957361773891949,14.155730666654643
MZ_Air,R01,144,-1.6012659421806423,-0.000236766591213983,-1.6010291755894284,12.554701491065215
MZ_Air,R01,145,-1.4564322911403345,-0.0002424483787430443,-1.4561898427615914,11.098511648303624
MZ_Air,R01,146,-0.6990230011341411,-0.0002459984115260486,-0.698777002722615,10.39973464558101
MZ_Air,R01,147,-1.3016655221139533,-0.0002584267513978714,-1.3014070953625554,9.098327550218453
MZ_Air,R01,148,-1.7804072297865594,-0.0002657368990714238,-1.780141492887488,7.318186057330966
MZ_Air,R01,149,-1.506254046906579,-0.00027183463107433145,-1.5059822122755047,5.8122038450554605
MZ_Air,R01,150,-1.2296982248952386,-4.181474409611828,2.9517761847165893,8.76398002977205
MZ_Air,R01,151,-1.503722900962268,-2.2322243830283766,0.7285014820661087,9.49248151183816
MZ_Air,R01,152,-1.9338702677910296,-4.063714680230649,2.129844412439619,11.622325924277778
MZ_Air,R01,153,-2.9777430858326484,-4.823118374884614,1.8453752890519657,13.467701213329743
MZ_Air,R01,154,-2.8992816453339807,-3.7443734019094403,0.8450917565754597,14.312792969905203
MZ_Air,R01,155,-2.905687482208518,-4.128245217445433,1.222557735236915,15.535350705142118
MZ_Air,R01,156,-3.391817843328842,-4.805007195223837,1.413189351894995,16.948540057037114
MZ_Air,R01,157,-3.1022820087468963,-4.140797365030843,1.0385153562839466,17.98705541332106
MZ_Air,R01,158,-3.975365023612717,-5.14309534621189,1.1677303225991729,19.154785735920232
MZ_Air,R01,159,-9.652621545302171,-12.412946993363647,2.760325448061476,21.915111183981708
MZ_Air,R01,160,-9.479701361216293,-12.314099399309164,2.8343980380928713,24.74950922207458
MZ_Air,R01,161,-9.696697688174167,-11.938697701438107,2.24200001326394,26.99150923533852
MZ_Air,R01,162,-8.48510639078972,-10.424816640219968,1.939710249430247,28.931219484768768
MZ_Air,R01,163,-5.812844351293695,-8.393326705003327,2.580482353709632,31.511701838478402
MZ_Air,R01,164,-1.2499574918480005,-0.14271762062463333,-1.107239871223367,30.404461967255035
MZ_Air,R01,165,-1.2573664401127012,-0.0003323415869968382,-1.2570340985257042,29.14742786872933
MZ_Air,R01,166,-1.0706304279084486,-0.0003378477001802091,-1.0702925802082683,28.077135288521063
MZ_Air,R01,167,-0.712362825548988,-0.00028417847147530666,-0.7120786470775127,27.36505664144355
MZ_Air,R01,168,-0.5803659780690993,-0.0002914624619102728,-0.580074515607189,26.78498212583636
MZ_Air,R02,1,-0.19369582372285585,-0.19369582372285585,0.0,0.0
MZ_Air,R02,2,-0.00023928190399698923,-0.00023928190399698923,0.0,0.0
MZ_Air,R02,3,-0.00024373695336927858,-0.00024373695336927858,0.0,0.0
MZ_Air,R02,4,-0.0002467215203307617,-0.00024672152033076164,-5.421010862427522e-20,-5.421010862427522e-20
MZ_Air,R02,5,-0.00025240432035122706,-0.00025240432035122706,0.0,-5.421010862427522e-20
MZ_Air,R02,6,-1.6925272219426881,-1.6925272219426881,0.0,-5.421010862427522e-20
MZ_Air,R02,7,-1.8391300929277463,-1.839130092927746,-2.220446049250313e-16,-2.220988150336556e-16
MZ_Air,R02,8,-2.4022807803462487,-2.4022807803462483,-4.440892098500626e-16,-6.661880248837182e-16
MZ_Air,R02,9,-2.599795158017973,-2.599795158017973,0.0,-6.661880248837182e-16
MZ_Air,R02,10,-2.583390786683372,-2.6443323197177055,0.060941533034333695,0.06094153303433303
MZ_Air,R02,11,-2.9917881832387927,-3.035518438709424,0.04373025547063136,0.10467178850496439
MZ_Air,R02,12,-3.3112918917661425,-3.435990885254326,0.1246989934881837,0.2293707819931481
MZ_Air,R02,13,-3.6749819837437396,-3.633488642043843,-0.041493341699896824,0.18787744029325126
MZ_Air,R02,14,-4.906745176947111,-4.400516416399178,-0.5062287605479332,-0.31835132025468194
MZ_Air,R02,15,-15.560498579588277,-12.350647530798968,-3.209851048789309,-3.528202369043991
MZ_Air,R02,16,-12.86774574980633,-13.2962590766737,0.4285133268673693,-3.099689042176622
MZ_Air,R02,17,-13.066658766882822,-13.769850513413664,0.703191746530841,-2.396497295645781
MZ_Air,R02,18,-10.767725808340286,-11.73257011282289,0.9648443044826038,-1.431652991163177
MZ_Air,R02,19,-7.432143205428062,-7.993786239109947,0.561643033681885,-0.8700099574812921
MZ_Air,R02,20,-0.0745891750616106,-0.10863838078643022,0.03404920572481962,-0.8359607517564724
MZ_Air,R02,21,-0.0072872644566859416,-0.0003217319534112446,-0.006965532503274697,-0.8429262842597471
MZ_Air,R02,22,-0.000328951975936498,-0.0003282090480755842,-7.42927860913835e-07,-0.842927027187608
MZ_Air,R02,23,-0.00027198945025265486,-0.00027138573419438765,-6.037160582672129e-07,-0.8429276309036663
MZ_Air,R02,24,-0.0002673488603914373,-0.00026673530214307487,-6.135582483624154e-07,-0.8429282444619146
MZ_Air,R02,25,-0.0002689249715241655,-0.0002683146858847011,-6.102856394644019e-07,-0.8429288547475541
MZ_Air,R02,26,-0.00027368443723852116,-0.00027308408015744106,-6.003570810801055e-07,-0.8429294551046351
MZ_Air,R02,27,-0.00027868671873670535,-0.00027809666828008803,-5.900504566173112e-07,-0.8429300451550917
MZ_Air,R02,28,-0.0002834684800053341,-0.000282888164627532,-5.803153778020779e-07,-0.8429306254704695
MZ_Air,R02,29,-0.0002885064949869217,-0.0002879363048741817,-5.701901127399796e-07,-0.8429311956605823
MZ_Air,R02,30,-3.0903747642488963,-2.990825725047105,-0.09954903920179126,-0.9424802348623735
MZ_Air,R02,31,-1.728927627275987,-1.6567837154808747,-0.07214391179511237,-1.014624146657486
MZ_Air,R02,32,-3.479807219333322,-3.366921980683121,-0.11288523865020084,-1.1275093853076867
MZ_Air,R02,33,-3.176948978088272,-3.2192538324406863,0.04230485435241427,-1.0852045309552725
MZ_Air,R02,34,-2.8109993474023005,-3.0417282510701398,0.23072890366783927,-0.8544756272874332
MZ_Air,R02,35,-3.22421821713365,-3.4091493943652216,0.18493117723157138,-0.6695444500558618
MZ_Air,R02,36,-3.3810685792736517,-3.4084927517648187,0.02742417249116702,-0.6421202775646948
MZ_Air,R02,37,-3.1552762178986113,-3.2792409750269362,0.12396475712832489,-0.5181555204363699
MZ_Air,R02,38,-3.40012549020908,-3.6390789082406965,0.2389534180316164,-0.2792021024047535
MZ_Air,R02,39,-8.60685702750894,-9.10009277343314,0.49323574592419916,0.21403364351944565
MZ_Air,R02,40,-8.923431748133092,-9.613655984765336,0.6902242366322433,0.904257880151689
MZ_Air,R02,41,-8.98351593812891,-9.685686307624815,0.7021703694959047,1.6064282496475937
MZ_Air,R02,42,-7.290391706719206,-7.768144828191101,0.47775312147189464,2.084181371119488
MZ_Air,R02,43,-4.41151870295722,-4.480666165595297,0.06914746263807725,2.1533288337575653
MZ_Air,R02,44,-0.6764688808825849,-0.11331749897921432,-0.5631513819033707,1.5901774518541947
MZ_Air,R02,45,-0.7960004109249568,-0.00034957563658812843,-0.7956508352883687,0.794526616565826
MZ_Air,R02,46,-0.2769411057606439,-0.0003676774653135388,-0.2765734282953304,0.5179531882704956
MZ_Air,R02,47,-0.2661079292068295,-0.0003107020986462954,-0.2657972271081832,0.2521559611623124
MZ_Air,R02,48,-0.3752834339057761,-0.00031148666133271627,-0.3749719472444434,-0.12281598608213096
MZ_Air,R02,49,-0.1193340538923032,-0.00031493454325800754,-0.11901911934904519,-0.24183510543117614
MZ_Air,R02,50,-0.027409833430853334,-0.00031964163588768014,-0.027090191794965652,-0.2689252972261418
MZ_Air,R02,51,-0.004198823229157297,-0.0003246089321283118,-0.0038742142970289856,-0.2727995115231708
MZ_Air,R02,52,-0.0003343935838019891,-0.0003295565915821839,-4.836992219805212e-06,-0.2728043485153906
MZ_Air,R02,53,-0.0003337438287238704,-0.0003288645217775232,-4.879306946347197e-06,-0.27280922782233696
MZ_Air,R02,54,-0.023541455119613513,-1.7189994152622254,1.6954579601426119,1.4226487323202748
MZ_Air,R02,55,-1.0421694968811375,-0.8899889184873323,-0.15218057839380517,1.2704681539264695
MZ_Air,R02,56,-1.4844135365127202,-2.8102638240238487,1.3258502875111284,2.5963184414375977
MZ_Air,R02,57,-3.770189542216883,-3.4501881450955625,-0.3200013971213207,2.276317044316277
MZ_Air,R02,58,-4.472773973423153,-3.4448880183403237,-1.0278859550828292,1.2484310892334478
MZ_Air,R02,59,-3.2977472320687764,-3.494296103374243,0.1965488713054664,1.4449799605389142
MZ_Air,R02,60,-3.6720499805371984,-3.7128362162058166,0.040786235668618165,1.4857661962075324
MZ_Air,R02,61,-3.7603334693030153,-3.7876366834965784,0.027303214193563186,1.5130694104010955
MZ_Air,R02,62,-3.997453983334791,-4.192988029456204,0.19553404612141323,1.7086034565225088
MZ_Air,R02,63,-8.61240238066577,-9.040151549594512,0.4277491689287416,2.1363526254512504
MZ_Air,R02,64,-6.781075145548332,-7.752797983686455,0.9717228381381231,3.1080754635893735
MZ_Air,R02,65,-6.012123672744558,-7.0372658798986825,1.0251422071541247,4.133217670743498
MZ_Air,R02,66,-4.959045386218642,-6.36266750935299,1.4036221231343484,5.536839793877847
MZ_Air,R02,67,-3.5624599443887166,-4.165213514299647,0.6027535699109303,6.1395933637887765
MZ_Air,R02,68,-0.12803779865065865,-0.15899130845536016,0.030953509804701518,6.170546873593478
MZ_Air,R02,69,-0.008095028905268777,-0.00035535537264443036,-0.007739673532624347,6.162807200060854
MZ_Air,R02,70,-0.00035778309317464,-0.0003567516434872593,-1.0314496873807272e-06,6.162806168611167
MZ_Air,R02,71,-0.00029299269183754244,-0.00029214521868179576,-8.474731557466799e-07,6.162805321138011
MZ_Air,R02,72,-0.008040579198425032,-0.0003011169612565848,-0.007739462237168448,6.1550658589008425
MZ_Air,R02,73,-0.0003114841213072753,-0.0003106884780789164,-7.956432283589177e-07,6.155065063257614
MZ_Air,R02,74,-0.004185790031201456,-0.00031568724556378094,-0.0038701027856376754,6.151194960471976
MZ_Air,R02,75,-0.0003176153487925787,-0.00031683436944884326,-7.809793437354236e-07,6.151194179492633
MZ_Air,R02,76,-0.000317432916869159,-0.0003166499691757802,-7.829476933788031e-07,6.151193396544939
MZ_Air,R02,77,-0.00032068309787556246,-0.000319908011746648,-7.750861289144441e-07,6.151192621458811
MZ_Air,R02,78,-0.027399968746304012,-2.0342390332427884,2.0068390644964844,8.158031685955295
MZ_Air,R02,79,-3.509155887574275,-1.5918279888072235,-1.9173278987670517,6.240703787188243
MZ_Air,R02,80,-2.7563610973210793,-3.722155813876995,0.9657947165559158,7.206498503744159
MZ_Air,R02,81,-3.580558977899777,-3.0236608236343683,-0.5568981542654088,6.64960034947875
MZ_Air,R02,82,-3.265672426589645,-3.204678664265911,-0.06099376232373377,6.588606587155017
MZ_Air,R02,83,-3.1476250939270254,-3.062372588710769,-0.08525250521625649,6.50335408193876
MZ_Air,R02,84,-3.269951063853587,-3.118284609914517,-0.15166645393906997,6.35168762799969
MZ_Air,R02,85,-4.210690218672536,-3.054566116344054,-1.1561241023284818,5.195563525671208
MZ_Air,R02,86,-5.155883894916084,-3.7028777047771393,-1.4530061901389444,3.7425573355322634
MZ_Air,R02,87,-13.484235054539877,-10.112632349639403,-3.3716027049004733,0.3709546306317901
MZ_Air,R02,88,-11.451384052717554,-10.043809402001333,-1.4075746507162208,-1.0366200200844307
MZ_Air,R02,89,-9.827377691818402,-9.363168805175434,-0.4642088866429681,-1.5008289067273988
MZ_Air,R02,90,-8.045820212360363,-8.021400899981336,-0.024419312379027502,-1.5252482191064263
MZ_Air,R02,91,-5.1182729528692965,-5.783959522229446,0.6656865693601492,-0.859561649746277
MZ_Air,R02,92,-1.4620850866220652,-0.12412822557362262,-1.3379568610484425,-2.1975185107947195
MZ_Air,R02,93,-1.2317463038251635,-0.0003192278659845309,-1.231427075959179,-3.4289455867538985
MZ_Air,R02,94,-1.1053225468045396,-0.00033537194738137886,-1.1049871748571582,-4.533932761611057
MZ_Air,R02,95,-0.8147321364560023,-0.00028613626973437816,-0.8144460001862679,-5.348378761797325
MZ_Air,R02,96,-0.6919997934453765,-0.00029920370533881893,-0.6917005897400377,-6.040079351537363
MZ_Air,R02,97,-0.5627615587587256,-0.00030815859132890603,-0.5624534001673966,-6.60253275170476
MZ_Air,R02,98,-0.2503629155015422,-0.00031623855057860955,-0.2500466769509636,-6.852579428655724
MZ_Air,R02,99,-0.004193588239629751,-0.00031971141818511395,-0.0038738768214446368,-6.856453305477168
MZ_Air,R02,100,-0.0003267131117190437,-0.0003221787108755389,-4.534400843504813e-06,-6.856457839878011
MZ_Air,R02,101,-0.000328648612702273,-0.00032412825838781253,-4.520354314460466e-06,-6.856462360232326
MZ_Air,R02,102,-0.027406273175663715,-1.8712614741388343,1.8438552009631706,-5.012607159269155
MZ_Air,R02,103,-1.215014207922469,-1.5074749659269564,0.29246075800448734,-4.7201464012646674
MZ_Air,R02,104,-2.6222277466905393,-3.4783428974121153,0.8561151507215761,-3.8640312505430914
MZ_Air,R02,105,-2.7815443422268267,-3.438794750657138,0.6572504084303112,-3.20678084211278
MZ_Air,R02,106,-2.630988474604642,-3.1120805980117883,0.48109212340714613,-2.725688718705634
MZ_Air,R02,107,-2.8048304186755098,-3.586345223059007,0.7815148043834972,-1.9441739143221368
MZ_Air,R02,108,-3.2304165399009204,-3.825212785258443,0.5947962453575228,-1.349377668964614
MZ_Air,R02,109,-3.3659962883288665,-3.9670298524072845,0.6010335640784179,-0.7483441048861961
MZ_Air,R02,110,-3.874751474397553,-4.671121027947171,0.796369553549618,0.048025448663421955
MZ_Air,R02,111,-9.527474258281892,-11.372295148452448,1.8448208901705563,1.8928463388339782
MZ_Air,R02,112,-9.787260759486308,-11.45293061643423,1.6656698569479218,3.5585161957819
MZ_Air,R02,113,-10.241127069333412,-11.877909495639186,1.636782426305773,5.195298622087673
MZ_Air,R02,114,-8.47893052926352,-9.286729789613602,0.8077992603500821,6.003097882437755
MZ_Air,R02,115,-5.529582226789605,-6.303847303609834,0.774265076820229,6.777362959257984
MZ_Air,R02,116,-1.8373881612261393,-0.11483141034201567,-1.7225567508841237,5.0548062083738605
MZ_Air,R02,117,-0.8668578831101095,-0.00031100300372718893,-0.8665468801063823,4.1882593282674785
MZ_Air,R02,118,-0.9502107608505196,-0.0003157464303243916,-0.9498950144201952,3.238364313847283
MZ_Air,R02,119,-0.9453424294433352,-0.00026105356931958943,-0.9450813758740156,2.2932829379732675
MZ_Air,R02,120,-1.0638221215300292,-0.0002692017299648822,-1.0635529198000644,1.2297300181732032
MZ_Air,R02,121,-0.8666316976630475,-0.000275733439775396,-0.8663559642232721,0.36337405394993105
MZ_Air,R02,122,-0.32234353782045383,-0.00027687193400848474,-0.32206666588644534,0.04130738806348572
MZ_Air,R02,123,-0.584132287450559,-0.00028006364944847904,-0.5838522238011106,-0.5425448357376248
MZ_Air,R02,124,-0.34722845232351274,-0.0002785563636446026,-0.34694989595986814,-0.8894947316974929
MZ_Air,R02,125,-0.05058747186902481,-0.00027626074821542025,-0.05031121112080939,-0.9398059428183023
MZ_Air,R02,126,-3.10175376649068,-3.8466536568788214,0.7448998903881416,-0.19490605243016068
MZ_Air,R02,127,-1.9370021730028166,-2.2437226059824082,0.3067204329795916,0.11181438054943094
MZ_Air,R02,128,-2.4360862958298046,-3.970171572423063,1.5340852765932582,1.6458996571426892
MZ_Air,R02,129,-2.9649980442307644,-4.001181584087585,1.0361835398568209,2.68208319699951
MZ_Air,R02,130,-3.3079508277765752,-3.2112366575377562,-0.09671417023881901,2.585369026760691
MZ_Air,R02,131,-3.3163912280804917,-3.683658211174549,0.36726698309405714,2.952636009854748
MZ_Air,R02,132,-3.683010884550402,-4.248499362791036,0.565488478240634,3.518124488095382
MZ_Air,R02,133,-3.9086561435603207,-4.519963336616082,0.6113071930557616,4.129431681151144
MZ_Air,R02,134,-4.761545946737582,-5.352364369146691,0.5908184224091091,4.720250103560253
MZ_Air,R02,135,-12.543370503672683,-14.108301523350947,1.564931019678264,6.285181123238517
MZ_Air,R02,136,-12.432326875080065,-13.925842202087114,1.4935153270070494,7.778696450245566
MZ_Air,R02,137,-12.484273015548297,-14.002800431562319,1.518527416014022,9.29722386625959
MZ_Air,R02,138,-11.416505542126108,-13.142051416260188,1.7255458741340792,11.022769740393668
MZ_Air,R02,139,-8.151773244151398,-10.105154488107472,1.9533812439560734,12.976150984349742
MZ_Air,R02,140,-3.34514758833377,-0.11015733496333448,-3.2349902533704356,9.741160730979306
MZ_Air,R02,141,-2.1475288778435457,-0.00027652574055972114,-2.147252352102986,7.59390837887632
MZ_Air,R02,142,-2.2332728734878917,-0.000277707646774454,-2.232995165841117,5.360913213035204
MZ_Air,R02,143,-1.76249004073,-0.00023322192687082785,-1.7622568188031291,3.5986563942320746
MZ_Air,R02,144,-0.8106359695719999,-0.000236766591213983,-0.8103992029807859,2.788257191251289
MZ_Air,R02,145,-0.004118189901122561,-0.0002424483787430443,-0.003875741522379516,2.7843814497289094
MZ_Air,R02,146,-0.0041216601897329725,-0.0002459984115260486,-0.003875661778206924,2.7805057879507027
MZ_Air,R02,147,-0.011872453826197511,-0.0002584267513978714,-0.01161402707479964,2.768891760875903
MZ_Air,R02,148,-0.0002716453323865889,-0.0002657368990714238,-5.908433315165106e-06,2.768885852442588
MZ_Air,R02,149,-0.00027761449512167833,-0.00027183463107433145,-5.779864047346882e-06,2.7688800725785407
MZ_Air,R02,150,-3.45843299395041,-4.181474409611828,0.7230414156614176,3.4919214882399583
MZ_Air,R02,151,-1.5840991782068872,-2.2322243830283766,0.6481252048214894,4.140046693061448
MZ_Air,R02,152,-2.1276037678577744,-4.063714680230649,1.9361109123728744,6.0761576054343225
MZ_Air,R02,153,-3.2042679996793524,-4.823118374884614,1.6188503752052616,7.695007980639584
MZ_Air,R02,154,-3.526384609065889,-3.7443734019094403,0.21798879284355133,7.912996773483135
MZ_Air,R02,155,-3.245484204983607,-4.128245217445433,0.8827610124618261,8.79575778594496
MZ_Air,R02,156,-3.676597724933902,-4.805007195223837,1.128409470289935,9.924167256234895
MZ_Air,R02,157,-3.342692284195879,-4.140797365030843,0.7981050808349641,10.72227233706986
MZ_Air,R02,158,-4.274722946881987,-5.14309534621189,0.8683723993299033,11.590644736399764
MZ_Air,R02,159,-10.1630372871253,-12.412946993363647,2.2499097062383466,13.84055444263811
MZ_Air,R02,160,-10.349932012130315,-12.314099399309164,1.9641673871788488,15.804721829816959
MZ_Air,R02,161,-10.525865943579745,-11.938697701438107,1.4128317578583616,17.21755358767532
MZ_Air,R02,162,-9.177541812638312,-10.424816640219968,1.2472748275816556,18.464828415256974
MZ_Air,R02,163,-6.733725767886138,-8.393326705003327,1.6596009371171885,20.124429352374165
MZ_Air,R02,164,-0.9453669201152677,-0.14271762062463333,-0.8026492994906343,19.32178005288353
MZ_Air,R02,165,-1.2224355197346983,-0.0003323415869968382,-1.2221031781477014,18.099676874735827
MZ_Air,R02,166,-0.9987437043383524,-0.0003378477001802091,-0.9984058566381722,17.101271018097655
MZ_Air,R02,167,-0.6850459891175569,-0.00028417847147530666,-0.6847618106460815,16.416509207451575
MZ_Air,R02,168,-0.14694097821725902,-0.0002914624619102728,-0.14664951575534874,16.269859691696226
MZ_Air,R03,1,-0.19369582372285585,-0.19369582372285585,0.0,0.0
MZ_Air,R03,2,-0.00023928190399698923,-0.00023928190399698923,0.0,0.0
MZ_Air,R03,3,-0.00024373695336927858,-0.00024373695336927858,0.0,0.0
MZ_Air,R03,4,-0.0002467215203307617,-0.00024672152033076164,-5.421010862427522e-20,-5.421010862427522e-20
MZ_Air,R03,5,-0.00025240432035122706,-0.00025240432035122706,0.0,-5.421010862427522e-20
MZ_Air,R03,6,-1.6925272219426881,-1.6925272219426881,0.0,-5.421010862427522e-20
MZ_Air,R03,7,-1.8391300929277463,-1.839130092927746,-2.220446049250313e-16,-2.220988150336556e-16
MZ_Air,R03,8,-2.4022807803462487,-2.4022807803462483,-4.440892098500626e-16,-6.661880248837182e-16
MZ_Air,R03,9,-2.939513443362178,-2.599795158017973,-0.3397182853442051,-0.3397182853442058
MZ_Air,R03,10,-3.3318622776016253,-2.6443323197177055,-0.6875299578839198,-1.0272482432281256
MZ_Air,R03,11,-3.531857676072105,-3.035518438709424,-0.49633923736268093,-1.5235874805908065
MZ_Air,R03,12,-3.3967793735604648,-3.435990885254326,0.03921151169386139,-1.4843759688969451
MZ_Air,R03,13,-3.942927126267768,-3.633488642043843,-0.30943848422392506,-1.7938144531208702
MZ_Air,R03,14,-5.296826680065694,-4.400516416399178,-0.8963102636665159,-2.690124716787386
MZ_Air,R03,15,-11.461333306788905,-12.350647530798968,0.8893142240100627,-1.8008104927773232
MZ_Air,R03,16,-12.382321998073282,-13.2962590766737,0.9139370786004175,-0.8868734141769057
MZ_Air,R03,17,-12.72003718321245,-13.769850513413664,1.0498133302012143,0.16293991602430857
MZ_Air,R03,18,-10.399650082066664,-11.73257011282289,1.3329200307562257,1.4958599467805342
MZ_Air,R03,19,-7.326573963133418,-7.993786239109947,0.6672122759765289,2.163072222757063
MZ_Air,R03,20,-1.3385251433661827,-0.10863838078643022,-1.2298867625797525,0.9331854601773106
MZ_Air,R03,21,-0.9398301127976443,-0.0003217319534112446,-0.939508380844233,-0.006322920666922416
MZ_Air,R03,22,-1.043457188883099,-0.0003282090480755842,-1.0431289798350234,-1.0494519005019458
MZ_Air,R03,23,-0.8124801919331073,-0.00027138573419438765,-0.8122088061989129,-1.8616607067008588
MZ_Air,R03,24,-0.8539180352905946,-0.00026673530214307487,-0.8536512999884516,-2.7153120066893104
MZ_Air,R03,25,-0.813306597546025,-0.0002683146858847011,-0.8130382828601402,-3.5283502895494507
MZ_Air,R03,26,-0.7025540224371676,-0.00027308408015744106,-0.7022809383570101,-4.230631227906461
MZ_Air,R03,27,-0.4226404748345207,-0.00027809666828008803,-0.4223623781662406,-4.652993606072701
MZ_Air,R03,28,-0.503429987012437,-0.000282888164627532,-0.5031470988478095,-5.15614070492051
MZ_Air,R03,29,-0.5270468489984558,-0.0002879363048741817,-0.5267589126935815,-5.682899617614091
MZ_Air,R03,30,-1.1942930451176537,-2.990825725047105,1.7965326799294514,-3.88636693768464
MZ_Air,R03,31,-1.7398606652073785,-1.6567837154808747,-0.08307694972650381,-3.9694438874111437
MZ_Air,R03,32,-2.8235250788208512,-3.366921980683121,0.5433969018622697,-3.426046985548874
MZ_Air,R03,33,-2.9976859807094263,-3.2192538324406863,0.22156785173126003,-3.204479133817614
MZ_Air,R03,34,-2.4548703657090387,-3.0417282510701398,0.5868578853611011,-2.617621248456513
MZ_Air,R03,35,-2.6808814008742985,-3.4091493943652216,0.7282679934909231,-1.8893532549655898
MZ_Air,R03,36,-2.833874780964075,-3.4084927517648187,0.5746179708007437,-1.314735284164846
MZ_Air,R03,37,-2.667547983268072,-3.2792409750269362,0.611692991758864,-0.703042292405982
MZ_Air,R03,38,-3.1327917955565416,-3.6390789082406965,0.5062871126841548,-0.1967551797218272
MZ_Air,R03,39,-7.581070861508372,-9.10009277343314,1.519021911924768,1.3222667322029409
MZ_Air,R03,40,-8.309862886179735,-9.613655984765336,1.3037930985856008,2.6260598307885417
MZ_Air,R03,41,-8.265129240771337,-9.685686307624815,1.420557066853478,4.04661689764202
MZ_Air,R03,42,-6.512013227916604,-7.768144828191101,1.2561316002744967,5.302748497916516
MZ_Air,R03,43,-3.7909065245273394,-4.480666165595297,0.6897596410679574,5.992508138984474
MZ_Air,R03,44,-0.9545095951545658,-0.11331749897921432,-0.8411920961753515,5.151316042809122
MZ_Air,R03,45,-0.803270936094061,-0.00034957563658812843,-0.8029213604574729,4.348394682351649
MZ_Air,R03,46,-0.5342959919885931,-0.0003676774653135388,-0.5339283145232796,3.814466367828369
MZ_Air,R03,47,-0.2569656590557138,-0.0003107020986462954,-0.25665495695706747,3.5578114108713015
MZ_Air,R03,48,-0.1537513695088088,-0.00031148666133271627,-0.1534398828474761,3.4043715280238254
MZ_Air,R03,49,-0.21803638636924086,-0.00031493454325800754,-0.21772145182598285,3.1866500761978425
MZ_Air,R03,50,-0.1689045814739582,-0.00031964163588768014,-0.16858493983807052,3.018065136359772
MZ_Air,R03,51,-0.15586752137996052,-0.0003246089321283118,-0.1555429124478322,2.86252222391194
MZ_Air,R03,52,-0.00033555215685784673,-0.0003295565915821839,-5.9955652756628255e-06,2.862516228346664
MZ_Air,R03,53,-0.011942873923778788,-0.0003288645217775232,-0.011614009402001264,2.850902218944663
MZ_Air,R03,54,-1.0192280728242296,-1.7189994152622254,0.6997713424379959,3.5506735613826588
MZ_Air,R03,55,-0.8804849792317349,-0.8899889184873323,0.009503939255597449,3.560177500638256
MZ_Air,R03,56,-2.343527719478701,-2.8102638240238487,0.4667361045451477,4.026913605183404
MZ_Air,R03,57,-3.2379533726608316,-3.4501881450955625,0.21223477243473088,4.239148377618135
MZ_Air,R03,58,-3.000043513310915,-3.4448880183403237,0.44484450502940875,4.683992882647544
MZ_Air,R03,59,-2.783474365706107,-3.494296103374243,0.7108217376681356,5.39481462031568
MZ_Air,R03,60,-3.018740665723133,-3.7128362162058166,0.6940955504826838,6.088910170798364
MZ_Air,R03,61,-3.2506505919866324,-3.7876366834965784,0.536986091509946,6.62589626230831
MZ_Air,R03,62,-3.654035823319488,-4.192988029456204,0.5389522061367162,7.164848468445026
MZ_Air,R03,63,-7.607572980616379,-9.040151549594512,1.4325785689781325,8.59742703742316
MZ_Air,R03,64,-6.4503471996183555,-7.752797983686455,1.3024507840680997,9.899877821491259
MZ_Air,R03,65,-5.337504019952357,-7.0372658798986825,1.6997618599463253,11.599639681437584
MZ_Air,R03,66,-4.628601208703632,-6.36266750935299,1.7340663006493582,13.333705982086942
MZ_Air,R03,67,-3.478258610808621,-4.165213514299647,0.6869549034910261,14.020660885577968
MZ_Air,R03,68,-0.7230991474016707,-0.15899130845536016,-0.5641078389463106,13.456553046631658
MZ_Air,R03,69,-0.8202161678917654,-0.00035535537264443036,-0.819860812519121,12.636692234112537
MZ_Air,R03,70,-0.904063882496158,-0.0003567516434872593,-0.9037071308526707,11.732985103259868
MZ_Air,R03,71,-0.8277891483444082,-0.00029214521868179576,-0.8274970031257264,10.905488100134141
MZ_Air,R03,72,-0.7952400452053637,-0.0003011169612565848,-0.7949389282441072,10.110549171890034
MZ_Air,R03,73,-0.5132041390273478,-0.0003106884780789164,-0.5128934505492689,9.597655721340765
MZ_Air,R03,74,-0.00418859979119272,-0.00031568724556378094,-0.0038729125456289392,9.593782808795135
MZ_Air,R03,75,-0.0003204187577979183,-0.00031683436944884326,-3.584388349075064e-06,9.593779224406786
MZ_Air,R03,76,-0.0003202433831973346,-0.0003166499691757802,-3.5934140215543764e-06,9.593775630992765
MZ_Air,R03,77,-0.019670065722690536,-0.000319908011746648,-0.019350157710943887,9.57442547328182
MZ_Air,R03,78,-0.9283100145614271,-2.0342390332427884,1.1059290186813613,10.680354491963183
MZ_Air,R03,79,-0.7620744974650722,-1.5918279888072235,0.8297534913421514,11.510107983305334
MZ_Air,R03,80,-3.1270797067770557,-3.722155813876995,0.5950761070999393,12.105184090405274
MZ_Air,R03,81,-2.9046712474117973,-3.0236608236343683,0.118989576222571,12.224173666627845
MZ_Air,R03,82,-3.1896589497220926,-3.204678664265911,0.015019714543818452,12.239193381171663
MZ_Air,R03,83,-2.502793231852049,-3.062372588710769,0.5595793568587197,12.798772738030383
MZ_Air,R03,84,-2.95705948934014,-3.118284609914517,0.1612251205743771,12.95999785860476
MZ_Air,R03,85,-2.7135737591078675,-3.054566116344054,0.34099235723618637,13.300990215840947
MZ_Air,R03,86,-3.3843740595325538,-3.7028777047771393,0.3185036452445855,13.619493861085534
MZ_Air,R03,87,-8.814521298675473,-10.112632349639403,1.2981110509639304,14.917604912049464
MZ_Air,R03,88,-8.8553644651546,-10.043809402001333,1.1884449368467322,16.1060498488962
MZ_Air,R03,89,-8.020834877268301,-9.363168805175434,1.3423339279071325,17.448383776803333
MZ_Air,R03,90,-6.770271924159731,-8.021400899981336,1.2511289758216044,18.699512752624937
MZ_Air,R03,91,-4.838350665862074,-5.783959522229446,0.9456088563673717,19.64512160899231
MZ_Air,R03,92,-1.531047139066173,-0.12412822557362262,-1.4069189134925504,18.23820269549976
MZ_Air,R03,93,-1.202005146494196,-0.0003192278659845309,-1.2016859186282116,17.036516776871547
MZ_Air,R03,94,-0.6416433804184404,-0.00033537194738137886,-0.641308008471059,16.395208768400487
MZ_Air,R03,95,-0.5891123030029992,-0.00028613626973437816,-0.5888261667332648,15.806382601667222
MZ_Air,R03,96,-0.021973546136321125,-0.00029920370533881893,-0.021674342430982305,15.78470825923624
MZ_Air,R03,97,-0.011922090048323149,-0.00030815859132890603,-0.011613931456994244,15.773094327779246
MZ_Air,R03,98,-0.00032205433235559666,-0.00031623855057860955,-5.815781776987111e-06,15.77308851199747
MZ_Air,R03,99,-0.002647062981982609,-0.00031971141818511395,-0.002327351563797495,15.770761160433672
MZ_Air,R03,100,-0.0018756315198970171,-0.0003221787108755389,-0.0015534528090214782,15.76920770762465
MZ_Air,R03,101,-0.0003298289603864557,-0.00032412825838781253,-5.700701998643165e-06,15.76920200692265
MZ_Air,R03,102,-0.59788762254048,-1.8712614741388343,1.2733738515983544,17.042575858521005
MZ_Air,R03,103,-1.2298046622395988,-1.5074749659269564,0.27767030368735757,17.320246162208363
MZ_Air,R03,104,-2.424577696265098,-3.4783428974121153,1.0537652011470175,18.37401136335538
MZ_Air,R03,105,-4.062879219843239,-3.438794750657138,-0.6240844691861014,17.749926894169278
MZ_Air,R03,106,-4.47170270149171,-3.1120805980117883,-1.3596221034799214,16.390304790689356
MZ_Air,R03,107,-4.703925685511075,-3.586345223059007,-1.1175804624520684,15.272724328237288
MZ_Air,R03,108,-4.755096816625928,-3.825212785258443,-0.9298840313674845,14.342840296869804
MZ_Air,R03,109,-3.0678871950921476,-3.9670298524072845,0.8991426573151369,15.241982954184941
MZ_Air,R03,110,-4.552485036739919,-4.671121027947171,0.11863599120725166,15.360618945392194
MZ_Air,R03,111,-10.348200901209097,-11.372295148452448,1.024094247243351,16.384713192635544
MZ_Air,R03,112,-10.512234416239146,-11.45293061643423,0.9406962001950845,17.32540939283063
MZ_Air,R03,113,-10.214849232463727,-11.877909495639186,1.663060263175458,18.98846965600609
MZ_Air,R03,114,-8.496001816048212,-9.286729789613602,0.7907279735653905,19.779197629571478
MZ_Air,R03,115,-5.609354836011918,-6.303847303609834,0.6944924675979163,20.473690097169396
MZ_Air,R03,116,-1.524596039228113,-0.11483141034201567,-1.4097646288860974,19.063925468283298
MZ_Air,R03,117,-0.8741875036117697,-0.00031100300372718893,-0.8738765006080425,18.190048967675256
MZ_Air,R03,118,-0.8182543296263048,-0.0003157464303243916,-0.8179385831959805,17.372110384479274
MZ_Air,R03,119,-0.749919259390767,-0.00026105356931958943,-0.7496582058214474,16.622452178657827
MZ_Air,R03,120,-0.944763364457582,-0.0002692017299648822,-0.9444941627276171,15.67795801593021
MZ_Air,R03,121,-0.23303711966883395,-0.000275733439775396,-0.23276138622905856,15.445196629701151
MZ_Air,R03,122,-0.2507342217511612,-0.00027687193400848474,-0.25045734981715273,15.194739279883999
MZ_Air,R03,123,-0.0002872304680452601,-0.00028006364944847904,-7.166818596781037e-06,15.194732113065403
MZ_Air,R03,124,-0.011893736171083635,-0.0002785563636446026,-0.011615179807439032,15.183116933257963
MZ_Air,R03,125,-0.008022194261303487,-0.00027626074821542025,-0.007745933513088067,15.175370999744874
MZ_Air,R03,126,-0.00028174447333362875,-3.8466536568788214,3.8463719124054876,19.021742912150362
MZ_Air,R03,127,-4.097128457320407,-2.2437226059824082,-1.8534058513379987,17.168337060812362
MZ_Air,R03,128,-2.4876748360498047,-3.970171572423063,1.4824967363732582,18.65083379718562
MZ_Air,R03,129,-3.836658764138141,-4.001181584087585,0.16452281994944418,18.815356617135063
MZ_Air,R03,130,-3.5275904213168676,-3.2112366575377562,-0.3163537637791114,18.49900285335595
MZ_Air,R03,131,-3.652230339685866,-3.683658211174549,0.03142787148868287,18.530430724844635
MZ_Air,R03,132,-4.043903065265992,-4.248499362791036,0.20459629752504416,18.735027022369678
MZ_Air,R03,133,-4.354237077969212,-4.519963336616082,0.1657262586468704,18.90075328101655
MZ_Air,R03,134,-5.322670967899342,-5.352364369146691,0.029693401247349094,18.9304466822639
MZ_Air,R03,135,-14.220378904280006,-14.108301523350947,-0.11207738092905828,18.81836930133484
MZ_Air,R03,136,-12.323959136629439,-13.925842202087114,1.6018830654576757,20.420252366792518
MZ_Air,R03,137,-12.262710952537047,-14.002800431562319,1.7400894790252721,22.16034184581779
MZ_Air,R03,138,-11.621990619210997,-13.142051416260188,1.5200607970491902,23.68040264286698
MZ_Air,R03,139,-8.59612255845446,-10.105154488107472,1.5090319296530108,25.189434572519993
MZ_Air,R03,140,-1.1914001207670089,-0.11015733496333448,-1.0812427858036744,24.10819178671632
MZ_Air,R03,141,-0.00029215259038447,-0.00027652574055972114,-1.562684982474885e-05,24.108176159866495
MZ_Air,R03,142,-0.0002932951283457051,-0.000277707646774454,-1.5587481571251096e-05,24.108160572384925
MZ_Air,R03,143,-0.0002457533705129228,-0.00023322192687082785,-1.2531443642094936e-05,24.108148040941284
MZ_Air,R03,144,-0.0002491517901257011,-0.000236766591213983,-1.2385198911718108e-05,24.108135655742373
MZ_Air,R03,145,-0.00025459667767385903,-0.0002424483787430443,-1.2148298930814719e-05,24.10812350744344
MZ_Air,R03,146,-0.000258002984027157,-0.0002459984115260486,-1.2004572501108399e-05,24.10811150287094
MZ_Air,R03,147,-0.0002699197796915779,-0.0002584267513978714,-1.1493028293706469e-05,24.108100009842648
MZ_Air,R03,148,-0.00027693682107863356,-0.0002657368990714238,-1.119992200720977e-05,24.10808880992064
MZ_Air,R03,149,-0.00028279781162398584,-0.00027183463107433145,-1.0963180549654393e-05,24.10807784674009
MZ_Air,R03,150,-0.9279048687857012,-4.181474409611828,3.2535695408261267,27.36164738756622
MZ_Air,R03,151,-0.8816361468059957,-2.2322243830283766,1.350588236222381,28.7122356237886
MZ_Air,R03,152,-2.7288261891543253,-4.063714680230649,1.3348884910763235,30.047124114864925
MZ_Air,R03,153,-4.4263927652273996,-4.823118374884614,0.3967256096572145,30.44384972452214
MZ_Air,R03,154,-3.630896576614937,-3.7443734019094403,0.11347682529450331,30.557326549816644
MZ_Air,R03,155,-3.986011918833989,-4.128245217445433,0.14223329861144407,30.699559848428088
MZ_Air,R03,156,-4.634735578595002,-4.805007195223837,0.17027161662883472,30.869831465056922
MZ_Air,R03,157,-4.508788385724366,-4.140797365030843,-0.3679910206935233,30.5018404443634
MZ_Air,R03,158,-5.5667068482970725,-5.14309534621189,-0.4236115020851825,30.078228942278216
MZ_Air,R03,159,-12.630421484783666,-12.412946993363647,-0.21747449142001862,29.860754450858195
MZ_Air,R03,160,-11.161750448027668,-12.314099399309164,1.1523489512814962,31.01310340213969
MZ_Air,R03,161,-11.014797408328805,-11.938697701438107,0.9239002931093019,31.937003695248993
MZ_Air,R03,162,-9.587705798021473,-10.424816640219968,0.837110842198495,32.77411453744749
MZ_Air,R03,163,-6.5563495488573755,-8.393326705003327,1.8369771561459514,34.61109169359344
MZ_Air,R03,164,-2.3473005260288375,-0.14271762062463333,-2.2045829054042043,32.406508788189235
MZ_Air,R03,165,-1.5995154232451647,-0.0003323415869968382,-1.5991830816581678,30.807325706531067
MZ_Air,R03,166,-0.5595333330904863,-0.0003378477001802091,-0.5591954853903061,30.248130221140762
MZ_Air,R03,167,-0.36682448083344626,-0.00028417847147530666,-0.36654030236197094,29.88158991877879
MZ_Air,R03,168,-0.5701913089896053,-0.0002914624619102728,-0.5698998465276951,29.311690072251096
